id,title,release_date,genres
1171462,Golden Kamuy,2024-01-19,"[{'name': 'Action'}, {'name': 'Adventure'}, {'name': 'Comedy'}]"
5,Four Rooms,1995-12-09,[{'name': 'Comedy'}]
581644,The Misfits,2021-06-03,"[{'name': 'Action'}, {'name': 'Thriller'}]"
8195,Ronin,1998-09-25,"[{'name': 'Action'}, {'name': 'Thriller'}, {'name': 'Crime'}]"
14,American Beauty,1999-09-15,[{'name': 'Drama'}]
18,The Fifth Element,1997-05-02,"[{'name': 'Science Fiction'}, {'name': 'Action'}, {'name': 'Adventure'}]"
11,Star Wars,1977-05-25,"[{'name': 'Adventure'}, {'name': 'Action'}, {'name': 'Science Fiction'}]"
8202,Æon Flux,2005-11-30,"[{'name': 'Science Fiction'}, {'name': 'Action'}, {'name': 'Thriller'}]"
663558,New Gods: Nezha Reborn,2021-02-06,"[{'name': 'Animation'}, {'name': 'Fantasy'}, {'name': 'Action'}]"
1318917,Chasing the Wind,2025-01-09,[{'name': 'Romance'}]
24,Kill Bill: Vol. 1,2003-10-10,"[{'name': 'Action'}, {'name': 'Crime'}]"
22,Pirates of the Caribbean: The Curse of the Black Pearl,2003-07-09,"[{'name': 'Adventure'}, {'name': 'Fantasy'}, {'name': 'Action'}]"
499726,MILF,2018-05-02,"[{'name': 'Comedy'}, {'name': 'Romance'}]"
311324,The Great Wall,2016-12-16,"[{'name': 'Action'}, {'name': 'Adventure'}, {'name': 'Fantasy'}]"
27,9 Songs,2004-07-16,"[{'name': 'Drama'}, {'name': 'Music'}, {'name': 'Romance'}]"
19,Metropolis,1927-01-10,"[{'name': 'Drama'}, {'name': 'Science Fiction'}]"
434203,Newness,2017-11-03,"[{'name': 'Romance'}, {'name': 'Drama'}]"
1632,Mississippi Burning,1988-12-08,"[{'name': 'Drama'}, {'name': 'Crime'}, {'name': 'Mystery'}, {'name': 'Thriller'}]"
25,Jarhead,2005-11-04,"[{'name': 'Drama'}, {'name': 'War'}]"
1196067,Worldbreaker,2025-10-30,"[{'name': 'Action'}, {'name': 'Horror'}, {'name': 'Science Fiction'}]"
35,The Simpsons Movie,2007-07-25,"[{'name': 'Animation'}, {'name': 'Comedy'}, {'name': 'Family'}]"
15,Citizen Kane,1941-04-17,"[{'name': 'Mystery'}, {'name': 'Drama'}]"
8204,The Spiderwick Chronicles,2008-02-14,"[{'name': 'Family'}, {'name': 'Adventure'}, {'name': 'Fantasy'}, {'name': 'Drama'}]"
28,Apocalypse Now,1979-05-19,"[{'name': 'Drama'}, {'name': 'War'}]"
12,Finding Nemo,2003-05-30,"[{'name': 'Animation'}, {'name': 'Family'}, {'name': 'Adventure'}]"
8224,8MM,1999-02-26,"[{'name': 'Thriller'}, {'name': 'Crime'}, {'name': 'Mystery'}]"
122917,The Hobbit: The Battle of the Five Armies,2014-12-10,"[{'name': 'Action'}, {'name': 'Adventure'}, {'name': 'Fantasy'}]"
1277988,Caramelo,2025-10-07,"[{'name': 'Comedy'}, {'name': 'Drama'}]"
376867,Moonlight,2016-10-21,[{'name': 'Drama'}]
55,Amores Perros,2000-06-16,"[{'name': 'Drama'}, {'name': 'Thriller'}]"
13,Forrest Gump,1994-06-23,"[{'name': 'Comedy'}, {'name': 'Drama'}, {'name': 'Romance'}]"
33,Unforgiven,1992-08-07,[{'name': 'Western'}]
58,Pirates of the Caribbean: Dead Man's Chest,2006-07-06,"[{'name': 'Adventure'}, {'name': 'Fantasy'}, {'name': 'Action'}]"
38,Eternal Sunshine of the Spotless Mind,2004-03-19,"[{'name': 'Science Fiction'}, {'name': 'Drama'}, {'name': 'Romance'}]"
696374,Gabriel's Inferno,2020-05-29,"[{'name': 'Romance'}, {'name': 'Drama'}]"
41003,White Palace,1990-10-19,"[{'name': 'Drama'}, {'name': 'Romance'}]"
8247,Jumper,2008-02-13,"[{'name': 'Action'}, {'name': 'Adventure'}, {'name': 'Science Fiction'}]"
491584,Burning,2018-05-17,"[{'name': 'Mystery'}, {'name': 'Drama'}, {'name': 'Thriller'}]"
63,Twelve Monkeys,1995-12-29,"[{'name': 'Science Fiction'}, {'name': 'Thriller'}, {'name': 'Mystery'}]"
62,2001: A Space Odyssey,1968-04-02,"[{'name': 'Science Fiction'}, {'name': 'Mystery'}, {'name': 'Adventure'}]"
1636,Bedazzled,2000-10-19,"[{'name': 'Fantasy'}, {'name': 'Comedy'}, {'name': 'Romance'}]"
401469,Widows,2018-11-06,"[{'name': 'Drama'}, {'name': 'Crime'}, {'name': 'Thriller'}]"
65,8 Mile,2002-11-08,"[{'name': 'Drama'}, {'name': 'Music'}]"
73,American History X,1998-07-01,[{'name': 'Drama'}]
467012,Satan's Slaves,2017-09-28,"[{'name': 'Horror'}, {'name': 'Mystery'}]"
59,A History of Violence,2005-09-23,"[{'name': 'Drama'}, {'name': 'Thriller'}, {'name': 'Crime'}]"
71,Billy Elliot,2000-09-28,"[{'name': 'Drama'}, {'name': 'Comedy'}, {'name': 'Music'}]"
417859,Puss in Boots,2011-10-27,"[{'name': 'Action'}, {'name': 'Adventure'}, {'name': 'Animation'}, {'name': 'Comedy'}, {'name': 'Family'}]"
70,Million Dollar Baby,2004-12-05,[{'name': 'Drama'}]
77,Memento,2000-10-11,"[{'name': 'Mystery'}, {'name': 'Thriller'}]"
74,War of the Worlds,2005-06-28,"[{'name': 'Adventure'}, {'name': 'Thriller'}, {'name': 'Science Fiction'}]"
69,Walk the Line,2005-09-13,"[{'name': 'Drama'}, {'name': 'Music'}, {'name': 'Romance'}]"
426063,Nosferatu,2024-12-25,"[{'name': 'Horror'}, {'name': 'Fantasy'}]"
78,Blade Runner,1982-06-25,"[{'name': 'Science Fiction'}, {'name': 'Drama'}, {'name': 'Thriller'}]"
696393,Cold Storage,2026-01-22,"[{'name': 'Horror'}, {'name': 'Science Fiction'}, {'name': 'Comedy'}]"
614479,Insidious: The Red Door,2023-07-05,"[{'name': 'Horror'}, {'name': 'Thriller'}]"
81,Warriors of the Wind,1984-03-11,"[{'name': 'Adventure'}, {'name': 'Animation'}, {'name': 'Fantasy'}]"
180299,The Raid 2,2014-03-27,"[{'name': 'Action'}, {'name': 'Crime'}, {'name': 'Thriller'}]"
79,Hero,2002-12-19,"[{'name': 'Drama'}, {'name': 'Adventure'}, {'name': 'Action'}, {'name': 'History'}]"
8275,American Pie Presents: The Naked Mile,2006-12-04,[{'name': 'Comedy'}]
76,Before Sunrise,1995-01-27,"[{'name': 'Drama'}, {'name': 'Romance'}]"
85,Raiders of the Lost Ark,1981-06-12,"[{'name': 'Adventure'}, {'name': 'Action'}]"
664332,Gangubai Kathiawadi,2022-02-24,"[{'name': 'Crime'}, {'name': 'Drama'}, {'name': 'History'}]"
89,Indiana Jones and the Last Crusade,1989-05-24,"[{'name': 'Adventure'}, {'name': 'Action'}]"
88,Dirty Dancing,1987-08-21,"[{'name': 'Drama'}, {'name': 'Music'}, {'name': 'Romance'}]"
97,Tron,1982-07-09,"[{'name': 'Science Fiction'}, {'name': 'Action'}, {'name': 'Adventure'}]"
8274,American Pie Presents: Band Camp,2005-11-23,[{'name': 'Comedy'}]
87,Indiana Jones and the Temple of Doom,1984-05-23,"[{'name': 'Adventure'}, {'name': 'Action'}]"
8273,American Wedding,2003-08-01,"[{'name': 'Comedy'}, {'name': 'Romance'}]"
96,Beverly Hills Cop II,1987-05-18,"[{'name': 'Action'}, {'name': 'Comedy'}, {'name': 'Crime'}]"
95,Armageddon,1998-07-01,"[{'name': 'Action'}, {'name': 'Science Fiction'}, {'name': 'Adventure'}]"
1368166,The Housemaid,2025-12-18,"[{'name': 'Mystery'}, {'name': 'Thriller'}]"
8277,American Pie Presents: Beta House,2007-12-19,[{'name': 'Comedy'}]
581726,Infinite,2021-09-09,"[{'name': 'Science Fiction'}, {'name': 'Action'}, {'name': 'Adventure'}]"
90,Beverly Hills Cop,1984-12-05,"[{'name': 'Comedy'}, {'name': 'Crime'}, {'name': 'Action'}]"
101,Léon: The Professional,1994-09-14,"[{'name': 'Crime'}, {'name': 'Drama'}, {'name': 'Action'}]"
103,Taxi Driver,1976-02-09,"[{'name': 'Crime'}, {'name': 'Drama'}]"
385128,F9,2021-05-19,"[{'name': 'Action'}, {'name': 'Adventure'}, {'name': 'Crime'}]"
8292,Four Brothers,2005-08-11,"[{'name': 'Action'}, {'name': 'Crime'}]"
335977,Indiana Jones and the Dial of Destiny,2023-06-25,"[{'name': 'Adventure'}, {'name': 'Action'}]"
105,Back to the Future,1985-07-03,"[{'name': 'Adventure'}, {'name': 'Comedy'}, {'name': 'Science Fiction'}]"
106,Predator,1987-06-12,"[{'name': 'Science Fiction'}, {'name': 'Action'}, {'name': 'Adventure'}, {'name': 'Thriller'}]"
107,Snatch,2000-09-01,"[{'name': 'Crime'}, {'name': 'Comedy'}]"
335984,Blade Runner 2049,2017-10-04,"[{'name': 'Science Fiction'}, {'name': 'Drama'}]"
770156,Lucy Shimmers and the Prince of Peace,2020-10-19,"[{'name': 'Drama'}, {'name': 'Family'}]"
114,Pretty Woman,1990-03-23,"[{'name': 'Romance'}, {'name': 'Comedy'}]"
335983,Venom,2018-09-28,"[{'name': 'Science Fiction'}, {'name': 'Action'}]"
98,Gladiator,2000-05-04,"[{'name': 'Action'}, {'name': 'Drama'}, {'name': 'Adventure'}]"
111,Scarface,1983-12-09,"[{'name': 'Action'}, {'name': 'Crime'}, {'name': 'Drama'}]"
1007734,Nobody 2,2025-08-13,"[{'name': 'Action'}, {'name': 'Thriller'}, {'name': 'Comedy'}]"
974950,Emilia Pérez,2024-08-21,"[{'name': 'Drama'}, {'name': 'Thriller'}]"
116,Match Point,2005-10-26,"[{'name': 'Drama'}, {'name': 'Romance'}, {'name': 'Thriller'}]"
120,The Lord of the Rings: The Fellowship of the Ring,2001-12-18,"[{'name': 'Adventure'}, {'name': 'Fantasy'}, {'name': 'Action'}]"
950387,A Minecraft Movie,2025-03-31,"[{'name': 'Family'}, {'name': 'Fantasy'}, {'name': 'Comedy'}, {'name': 'Adventure'}]"
335988,Transformers: The Last Knight,2017-06-16,"[{'name': 'Action'}, {'name': 'Adventure'}, {'name': 'Science Fiction'}]"
950396,The Gorge,2025-02-13,"[{'name': 'Romance'}, {'name': 'Science Fiction'}, {'name': 'Thriller'}]"
204922,Before I Go to Sleep,2014-09-03,"[{'name': 'Thriller'}, {'name': 'Mystery'}]"
117,The Untouchables,1987-06-03,"[{'name': 'Crime'}, {'name': 'History'}, {'name': 'Thriller'}]"
245891,John Wick,2014-10-16,"[{'name': 'Action'}, {'name': 'Thriller'}]"
122,The Lord of the Rings: The Return of the King,2003-12-17,"[{'name': 'Adventure'}, {'name': 'Fantasy'}, {'name': 'Action'}]"
121,The Lord of the Rings: The Two Towers,2002-12-18,"[{'name': 'Adventure'}, {'name': 'Fantasy'}, {'name': 'Action'}]"
73861,A Serbian Film,2010-01-06,"[{'name': 'Crime'}, {'name': 'Horror'}, {'name': 'Thriller'}]"
123,The Lord of the Rings,1978-11-15,"[{'name': 'Adventure'}, {'name': 'Animation'}, {'name': 'Fantasy'}]"
128,Princess Mononoke,1997-07-12,"[{'name': 'Adventure'}, {'name': 'Fantasy'}, {'name': 'Animation'}]"
393345,Cult of Chucky,2017-10-12,"[{'name': 'Horror'}, {'name': 'Thriller'}]"
8321,In Bruges,2008-02-08,"[{'name': 'Comedy'}, {'name': 'Drama'}, {'name': 'Crime'}]"
118,Charlie and the Chocolate Factory,2005-07-13,"[{'name': 'Adventure'}, {'name': 'Comedy'}, {'name': 'Family'}, {'name': 'Fantasy'}]"
8328,Step Up 2: The Streets,2008-02-14,"[{'name': 'Music'}, {'name': 'Drama'}, {'name': 'Romance'}]"
129,Spirited Away,2001-07-20,"[{'name': 'Animation'}, {'name': 'Family'}, {'name': 'Fantasy'}]"
134,"O Brother, Where Art Thou?",2000-08-30,"[{'name': 'Adventure'}, {'name': 'Comedy'}, {'name': 'Crime'}]"
137,Groundhog Day,1993-02-11,"[{'name': 'Romance'}, {'name': 'Fantasy'}, {'name': 'Comedy'}]"
8326,Holes,2003-04-18,"[{'name': 'Adventure'}, {'name': 'Family'}, {'name': 'Drama'}, {'name': 'Comedy'}]"
115,The Big Lebowski,1998-03-06,"[{'name': 'Comedy'}, {'name': 'Crime'}]"
49292,Animal Instincts,1992-10-21,"[{'name': 'Drama'}, {'name': 'Thriller'}]"
8329,[REC],2007-11-23,"[{'name': 'Horror'}, {'name': 'Mystery'}]"
138,Dracula,1931-02-12,[{'name': 'Horror'}]
1007757,Swapped,2026-05-01,"[{'name': 'Adventure'}, {'name': 'Animation'}, {'name': 'Family'}, {'name': 'Fantasy'}]"
524434,Eternals,2021-11-03,"[{'name': 'Science Fiction'}, {'name': 'Action'}, {'name': 'Adventure'}]"
146,"Crouching Tiger, Hidden Dragon",2000-07-06,"[{'name': 'Adventure'}, {'name': 'Drama'}, {'name': 'Action'}, {'name': 'Romance'}]"
141,Donnie Darko,2001-01-19,"[{'name': 'Fantasy'}, {'name': 'Drama'}, {'name': 'Mystery'}]"
142,Brokeback Mountain,2005-10-22,"[{'name': 'Drama'}, {'name': 'Romance'}]"
106646,The Wolf of Wall Street,2013-12-25,"[{'name': 'Crime'}, {'name': 'Drama'}, {'name': 'Comedy'}]"
149,Akira,1988-06-10,"[{'name': 'Animation'}, {'name': 'Science Fiction'}, {'name': 'Action'}]"
143,All Quiet on the Western Front,1930-04-29,"[{'name': 'Drama'}, {'name': 'War'}]"
1278101,Big World,2024-12-27,"[{'name': 'Drama'}, {'name': 'Family'}]"
152,Star Trek: The Motion Picture,1979-12-07,"[{'name': 'Science Fiction'}, {'name': 'Adventure'}, {'name': 'Mystery'}]"
8337,They Live,1988-11-04,"[{'name': 'Science Fiction'}, {'name': 'Action'}, {'name': 'Thriller'}]"
360606,Adventures in Babysitting,2016-06-24,"[{'name': 'Comedy'}, {'name': 'Family'}, {'name': 'Adventure'}, {'name': 'TV Movie'}]"
532639,Pinocchio,2022-09-07,"[{'name': 'Fantasy'}, {'name': 'Adventure'}, {'name': 'Family'}]"
153,Lost in Translation,2003-09-18,"[{'name': 'Drama'}, {'name': 'Comedy'}, {'name': 'Romance'}]"
458897,Charlie's Angels,2019-11-14,"[{'name': 'Action'}, {'name': 'Adventure'}, {'name': 'Comedy'}]"
163,Ocean's Twelve,2004-12-09,"[{'name': 'Thriller'}, {'name': 'Crime'}]"
155,The Dark Knight,2008-07-16,"[{'name': 'Action'}, {'name': 'Crime'}, {'name': 'Thriller'}]"
161,Ocean's Eleven,2001-12-07,"[{'name': 'Thriller'}, {'name': 'Crime'}]"
162,Edward Scissorhands,1990-12-07,"[{'name': 'Fantasy'}, {'name': 'Drama'}, {'name': 'Romance'}]"
170,28 Days Later,2002-10-31,"[{'name': 'Horror'}, {'name': 'Thriller'}, {'name': 'Science Fiction'}]"
164,Breakfast at Tiffany's,1961-10-06,"[{'name': 'Comedy'}, {'name': 'Romance'}, {'name': 'Drama'}]"
173,"20,000 Leagues Under the Sea",1954-12-23,"[{'name': 'Adventure'}, {'name': 'Science Fiction'}, {'name': 'Fantasy'}]"
1245347,Twinless,2025-09-04,"[{'name': 'Comedy'}, {'name': 'Drama'}]"
663712,Terrifier 2,2022-10-06,[{'name': 'Horror'}]
175,The Big Blue,1988-05-10,"[{'name': 'Romance'}, {'name': 'Adventure'}, {'name': 'Drama'}]"
8363,Superbad,2007-08-17,[{'name': 'Comedy'}]
168,Star Trek IV: The Voyage Home,1986-11-26,"[{'name': 'Science Fiction'}, {'name': 'Adventure'}]"
1376434,Predator: Killer of Killers,2025-06-05,"[{'name': 'Animation'}, {'name': 'Action'}, {'name': 'Science Fiction'}, {'name': 'Thriller'}]"
8367,Robin Hood: Prince of Thieves,1991-06-14,"[{'name': 'Action'}, {'name': 'Adventure'}, {'name': 'Drama'}]"
8373,Transformers: Revenge of the Fallen,2009-06-19,"[{'name': 'Science Fiction'}, {'name': 'Action'}, {'name': 'Adventure'}]"
8374,The Boondock Saints,1999-01-22,"[{'name': 'Action'}, {'name': 'Thriller'}, {'name': 'Crime'}]"
8355,Ice Age: Dawn of the Dinosaurs,2009-06-26,"[{'name': 'Animation'}, {'name': 'Comedy'}, {'name': 'Family'}, {'name': 'Adventure'}]"
180,Minority Report,2002-06-20,"[{'name': 'Science Fiction'}, {'name': 'Action'}, {'name': 'Thriller'}]"
169,Predator 2,1990-11-21,"[{'name': 'Science Fiction'}, {'name': 'Action'}, {'name': 'Thriller'}]"
165,Back to the Future Part II,1989-11-22,"[{'name': 'Adventure'}, {'name': 'Comedy'}, {'name': 'Science Fiction'}]"
8358,Cast Away,2000-12-22,"[{'name': 'Adventure'}, {'name': 'Drama'}]"
176,Saw,2004-10-01,"[{'name': 'Horror'}, {'name': 'Mystery'}, {'name': 'Crime'}]"
184,Jackie Brown,1997-12-25,"[{'name': 'Crime'}, {'name': 'Drama'}, {'name': 'Thriller'}]"
192,The Name of the Rose,1986-09-24,"[{'name': 'Drama'}, {'name': 'Thriller'}, {'name': 'Mystery'}]"
186,Lucky Number Slevin,2006-02-24,"[{'name': 'Drama'}, {'name': 'Thriller'}, {'name': 'Crime'}, {'name': 'Mystery'}]"
187,Sin City,2005-04-01,"[{'name': 'Crime'}, {'name': 'Thriller'}]"
16577,Astro Boy,2009-10-15,"[{'name': 'Animation'}, {'name': 'Action'}, {'name': 'Family'}, {'name': 'Science Fiction'}]"
189,Sin City: A Dame to Kill For,2014-08-20,"[{'name': 'Action'}, {'name': 'Crime'}, {'name': 'Thriller'}]"
185,A Clockwork Orange,1971-10-28,"[{'name': 'Science Fiction'}, {'name': 'Crime'}]"
696506,Mickey 17,2025-02-28,"[{'name': 'Science Fiction'}, {'name': 'Comedy'}, {'name': 'Adventure'}]"
172226,In Secret,2014-02-21,"[{'name': 'Drama'}, {'name': 'Thriller'}, {'name': 'Crime'}, {'name': 'Romance'}]"
41154,Men in Black 3,2012-05-23,"[{'name': 'Action'}, {'name': 'Comedy'}, {'name': 'Science Fiction'}]"
194,Amélie,2001-04-25,"[{'name': 'Comedy'}, {'name': 'Romance'}]"
197,Braveheart,1995-05-24,"[{'name': 'Action'}, {'name': 'Drama'}, {'name': 'History'}, {'name': 'War'}]"
1155281,Creation of the Gods II: Demon Force,2025-01-29,"[{'name': 'Action'}, {'name': 'Fantasy'}, {'name': 'War'}]"
8393,The Gods Must Be Crazy,1980-09-10,"[{'name': 'Action'}, {'name': 'Comedy'}]"
8386,How High,2001-12-21,[{'name': 'Comedy'}]
213,North by Northwest,1959-08-06,"[{'name': 'Thriller'}, {'name': 'Adventure'}]"
196,Back to the Future Part III,1990-05-25,"[{'name': 'Adventure'}, {'name': 'Comedy'}, {'name': 'Science Fiction'}]"
207,Dead Poets Society,1989-06-02,[{'name': 'Drama'}]
8392,My Neighbor Totoro,1988-04-16,"[{'name': 'Fantasy'}, {'name': 'Animation'}, {'name': 'Family'}]"
65754,The Girl with the Dragon Tattoo,2011-12-14,"[{'name': 'Thriller'}, {'name': 'Crime'}, {'name': 'Mystery'}]"
214,Saw III,2006-10-26,"[{'name': 'Horror'}, {'name': 'Thriller'}, {'name': 'Crime'}]"
218,The Terminator,1984-10-26,"[{'name': 'Action'}, {'name': 'Thriller'}, {'name': 'Science Fiction'}]"
1630423,My Dearest Assassin,2026-05-06,"[{'name': 'Action'}, {'name': 'Drama'}, {'name': 'Romance'}]"
205,Hotel Rwanda,2004-12-22,"[{'name': 'Drama'}, {'name': 'History'}, {'name': 'War'}]"
217,Indiana Jones and the Kingdom of the Crystal Skull,2008-05-21,"[{'name': 'Adventure'}, {'name': 'Action'}]"
215,Saw II,2005-10-28,[{'name': 'Horror'}]
205022,Chennai Express,2013-08-08,"[{'name': 'Romance'}, {'name': 'Comedy'}, {'name': 'Action'}]"
8409,A Man Apart,2003-04-04,"[{'name': 'Action'}, {'name': 'Drama'}, {'name': 'Crime'}]"
8413,Event Horizon,1997-08-15,"[{'name': 'Horror'}, {'name': 'Science Fiction'}, {'name': 'Mystery'}]"
1630433,The Red Line,2026-03-22,"[{'name': 'Thriller'}, {'name': 'Crime'}, {'name': 'Drama'}]"
16617,Mindhunters,2004-05-07,"[{'name': 'Mystery'}, {'name': 'Thriller'}, {'name': 'Crime'}]"
240,The Godfather Part II,1974-12-20,"[{'name': 'Drama'}, {'name': 'Crime'}]"
227,The Outsiders,1983-03-25,"[{'name': 'Crime'}, {'name': 'Drama'}]"
876792,That Time I Got Reincarnated as a Slime the Movie: Scarlet Bond,2022-11-25,"[{'name': 'Animation'}, {'name': 'Fantasy'}, {'name': 'Adventure'}]"
540901,Hustlers,2019-09-12,"[{'name': 'Drama'}, {'name': 'Comedy'}, {'name': 'Crime'}]"
235,Stand by Me,1986-08-08,"[{'name': 'Crime'}, {'name': 'Drama'}]"
238,The Godfather,1972-03-14,"[{'name': 'Drama'}, {'name': 'Crime'}]"
239,Some Like It Hot,1959-03-19,"[{'name': 'Comedy'}, {'name': 'Romance'}, {'name': 'Crime'}]"
241,Natural Born Killers,1994-08-26,"[{'name': 'Crime'}, {'name': 'Thriller'}, {'name': 'Drama'}]"
8427,I Spy,2002-10-31,"[{'name': 'Action'}, {'name': 'Adventure'}, {'name': 'Comedy'}, {'name': 'Thriller'}]"
244,King Kong,1933-04-07,"[{'name': 'Adventure'}, {'name': 'Fantasy'}, {'name': 'Horror'}]"
901362,Trolls Band Together,2023-10-12,"[{'name': 'Animation'}, {'name': 'Family'}, {'name': 'Music'}, {'name': 'Fantasy'}, {'name': 'Comedy'}, {'name': 'Adventure'}]"
242,The Godfather Part III,1990-12-25,"[{'name': 'Crime'}, {'name': 'Drama'}, {'name': 'Thriller'}]"
251,Ghost,1990-07-13,"[{'name': 'Fantasy'}, {'name': 'Romance'}, {'name': 'Thriller'}]"
4934,Firecreek,1968-01-24,[{'name': 'Western'}]
249,The War of the Roses,1989-12-08,"[{'name': 'Comedy'}, {'name': 'Drama'}]"
246,Zatoichi,2003-09-06,"[{'name': 'Adventure'}, {'name': 'Drama'}, {'name': 'Action'}]"
252,Willy Wonka & the Chocolate Factory,1971-06-29,"[{'name': 'Family'}, {'name': 'Fantasy'}, {'name': 'Comedy'}]"
1368314,Passenger,2026-05-20,"[{'name': 'Horror'}, {'name': 'Thriller'}]"
196867,Annie,2014-12-18,"[{'name': 'Comedy'}, {'name': 'Drama'}, {'name': 'Family'}]"
253,Live and Let Die,1973-06-27,"[{'name': 'Adventure'}, {'name': 'Action'}, {'name': 'Thriller'}]"
41233,Step Up 3D,2010-08-04,"[{'name': 'Drama'}, {'name': 'Romance'}]"
98566,Teenage Mutant Ninja Turtles,2014-08-07,"[{'name': 'Science Fiction'}, {'name': 'Action'}, {'name': 'Adventure'}, {'name': 'Comedy'}]"
8457,Drillbit Taylor,2008-02-04,[{'name': 'Comedy'}]
991494,The SpongeBob Movie: Search for SquarePants,2025-12-16,"[{'name': 'Adventure'}, {'name': 'Animation'}, {'name': 'Comedy'}, {'name': 'Family'}, {'name': 'Fantasy'}]"
254,King Kong,2005-12-12,"[{'name': 'Adventure'}, {'name': 'Drama'}, {'name': 'Action'}]"
41216,Legend of the Guardians: The Owls of Ga'Hoole,2010-07-10,"[{'name': 'Animation'}, {'name': 'Adventure'}, {'name': 'Family'}, {'name': 'Fantasy'}]"
98567,Chinese Zodiac,2012-12-20,"[{'name': 'Action'}, {'name': 'Adventure'}]"
8456,Never Back Down,2008-03-04,"[{'name': 'Drama'}, {'name': 'Action'}]"
274,The Silence of the Lambs,1991-02-14,"[{'name': 'Crime'}, {'name': 'Thriller'}, {'name': 'Drama'}]"
8461,Funny Games,2008-03-14,"[{'name': 'Thriller'}, {'name': 'Horror'}]"
268,Batman,1989-06-21,"[{'name': 'Fantasy'}, {'name': 'Action'}, {'name': 'Crime'}]"
275,Fargo,1996-03-08,"[{'name': 'Crime'}, {'name': 'Drama'}, {'name': 'Thriller'}]"
272,Batman Begins,2005-06-10,"[{'name': 'Drama'}, {'name': 'Crime'}, {'name': 'Action'}]"
8467,Dumb and Dumber,1994-12-16,[{'name': 'Comedy'}]
1122573,In the Grey,2026-05-13,"[{'name': 'Action'}, {'name': 'Thriller'}]"
1098006,Fountain of Youth,2025-05-19,"[{'name': 'Adventure'}, {'name': 'Fantasy'}, {'name': 'Mystery'}]"
278,The Shawshank Redemption,1994-09-23,"[{'name': 'Drama'}, {'name': 'Crime'}]"
279,Amadeus,1984-09-19,"[{'name': 'Drama'}, {'name': 'History'}, {'name': 'Music'}]"
277,Underworld,2003-09-19,"[{'name': 'Fantasy'}, {'name': 'Action'}, {'name': 'Thriller'}]"
280,Terminator 2: Judgment Day,1991-07-03,"[{'name': 'Action'}, {'name': 'Thriller'}, {'name': 'Science Fiction'}]"
8470,John Q,2002-02-15,"[{'name': 'Drama'}, {'name': 'Thriller'}, {'name': 'Crime'}]"
285,Pirates of the Caribbean: At World's End,2007-05-19,"[{'name': 'Adventure'}, {'name': 'Fantasy'}, {'name': 'Action'}]"
49444,Kung Fu Panda 2,2011-05-25,"[{'name': 'Animation'}, {'name': 'Family'}, {'name': 'Comedy'}, {'name': 'Action'}]"
74018,A Cinderella Story: Once Upon a Song,2011-09-05,"[{'name': 'Comedy'}, {'name': 'Family'}, {'name': 'Romance'}, {'name': 'Drama'}]"
803104,Sex Appeal,2022-01-14,"[{'name': 'Comedy'}, {'name': 'Romance'}]"
1016084,BlackBerry,2023-02-13,"[{'name': 'Comedy'}, {'name': 'Drama'}, {'name': 'History'}]"
16664,All About Lily Chou-Chou,2001-10-06,"[{'name': 'Drama'}, {'name': 'Crime'}]"
288,High Noon,1952-06-09,"[{'name': 'Western'}, {'name': 'Drama'}, {'name': 'Thriller'}]"
284,The Apartment,1960-06-21,"[{'name': 'Comedy'}, {'name': 'Drama'}, {'name': 'Romance'}]"
289,Casablanca,1943-01-15,"[{'name': 'Drama'}, {'name': 'Romance'}]"
297,Meet Joe Black,1998-11-12,"[{'name': 'Fantasy'}, {'name': 'Drama'}, {'name': 'Romance'}]"
298,Ocean's Thirteen,2007-06-05,"[{'name': 'Crime'}, {'name': 'Thriller'}]"
299,Ocean's Eleven,1960-08-10,"[{'name': 'Crime'}, {'name': 'Comedy'}, {'name': 'Thriller'}]"
301,Rio Bravo,1959-03-08,"[{'name': 'Western'}, {'name': 'Drama'}]"
293,A River Runs Through It,1992-10-09,[{'name': 'Drama'}]
614696,#Alive,2020-06-24,"[{'name': 'Action'}, {'name': 'Horror'}, {'name': 'Science Fiction'}]"
296,Terminator 3: Rise of the Machines,2003-07-02,"[{'name': 'Action'}, {'name': 'Thriller'}, {'name': 'Science Fiction'}]"
8488,Hitch,2005-02-11,"[{'name': 'Comedy'}, {'name': 'Drama'}, {'name': 'Romance'}]"
8487,Wild Wild West,1999-06-30,"[{'name': 'Action'}, {'name': 'Adventure'}, {'name': 'Comedy'}, {'name': 'Science Fiction'}, {'name': 'Western'}]"
467244,The Zone of Interest,2023-12-15,"[{'name': 'Drama'}, {'name': 'History'}, {'name': 'War'}]"
41264,Africa Blood and Guts,1966-02-11,"[{'name': 'Documentary'}, {'name': 'History'}, {'name': 'War'}, {'name': 'Horror'}]"
311,Once Upon a Time in America,1984-05-23,"[{'name': 'Drama'}, {'name': 'Crime'}]"
310,Bruce Almighty,2003-05-23,"[{'name': 'Fantasy'}, {'name': 'Comedy'}]"
1311031,Demon Slayer: Kimetsu no Yaiba Infinity Castle,2025-07-18,"[{'name': 'Animation'}, {'name': 'Action'}, {'name': 'Fantasy'}]"
41280,Private Lessons,1981-05-01,"[{'name': 'Comedy'}, {'name': 'Romance'}]"
1691,Hostel: Part II,2007-06-07,[{'name': 'Horror'}]
326,Snakes on a Plane,2006-08-17,"[{'name': 'Action'}, {'name': 'Thriller'}, {'name': 'Adventure'}, {'name': 'Crime'}, {'name': 'Horror'}]"
1016121,Beautiful Disaster,2023-04-04,"[{'name': 'Romance'}, {'name': 'Drama'}, {'name': 'Comedy'}]"
322,Mystic River,2003-10-08,"[{'name': 'Thriller'}, {'name': 'Crime'}, {'name': 'Drama'}, {'name': 'Mystery'}]"
319,True Romance,1993-09-09,"[{'name': 'Action'}, {'name': 'Crime'}, {'name': 'Romance'}]"
314,Catwoman,2004-07-22,"[{'name': 'Action'}, {'name': 'Fantasy'}, {'name': 'Crime'}]"
532814,The Bad Seed,2018-09-09,"[{'name': 'Horror'}, {'name': 'Thriller'}, {'name': 'TV Movie'}]"
320,Insomnia,2002-05-24,"[{'name': 'Thriller'}, {'name': 'Crime'}, {'name': 'Drama'}]"
8536,Superman II,1980-12-04,"[{'name': 'Science Fiction'}, {'name': 'Action'}, {'name': 'Adventure'}]"
329,Jurassic Park,1993-06-11,"[{'name': 'Adventure'}, {'name': 'Science Fiction'}]"
345,Eyes Wide Shut,1999-07-16,"[{'name': 'Drama'}, {'name': 'Thriller'}, {'name': 'Mystery'}]"
360784,Hidden,2015-09-15,"[{'name': 'Thriller'}, {'name': 'Horror'}]"
350,The Devil Wears Prada,2006-06-29,"[{'name': 'Drama'}, {'name': 'Comedy'}]"
346,Seven Samurai,1954-04-26,"[{'name': 'Action'}, {'name': 'Drama'}]"
262500,Insurgent,2015-03-18,"[{'name': 'Action'}, {'name': 'Science Fiction'}, {'name': 'Thriller'}]"
335,Once Upon a Time in the West,1968-12-21,"[{'name': 'Drama'}, {'name': 'Western'}]"
364,Batman Returns,1992-06-19,"[{'name': 'Action'}, {'name': 'Fantasy'}]"
360814,Dangal,2016-12-21,"[{'name': 'Drama'}, {'name': 'Family'}, {'name': 'Comedy'}]"
172385,Rio 2,2014-03-19,"[{'name': 'Animation'}, {'name': 'Adventure'}, {'name': 'Comedy'}, {'name': 'Family'}]"
49519,The Croods,2013-03-15,"[{'name': 'Animation'}, {'name': 'Adventure'}, {'name': 'Family'}, {'name': 'Comedy'}]"
524635,The Chronology of Water,2025-10-15,[{'name': 'Drama'}]
348,Alien,1979-05-25,"[{'name': 'Horror'}, {'name': 'Science Fiction'}]"
262504,Allegiant,2016-03-09,"[{'name': 'Adventure'}, {'name': 'Science Fiction'}, {'name': 'Action'}, {'name': 'Mystery'}]"
49520,The Change-Up,2011-08-05,[{'name': 'Comedy'}]
334,Magnolia,1999-12-17,[{'name': 'Drama'}]
332,Inspector Gadget,1999-07-23,"[{'name': 'Action'}, {'name': 'Adventure'}, {'name': 'Comedy'}, {'name': 'Family'}]"
49524,R.I.P.D.,2013-07-18,"[{'name': 'Fantasy'}, {'name': 'Action'}, {'name': 'Comedy'}]"
1106289,The Pickup,2025-07-27,"[{'name': 'Action'}, {'name': 'Comedy'}, {'name': 'Crime'}]"
156022,The Equalizer,2014-09-24,"[{'name': 'Thriller'}, {'name': 'Action'}, {'name': 'Crime'}]"
49517,Tinker Tailor Soldier Spy,2011-09-16,"[{'name': 'Drama'}, {'name': 'Thriller'}, {'name': 'Mystery'}]"
254320,The Lobster,2015-10-15,"[{'name': 'Comedy'}, {'name': 'Drama'}, {'name': 'Romance'}]"
33142,Vivah,2006-11-10,"[{'name': 'Romance'}, {'name': 'Drama'}]"
49530,In Time,2011-10-27,"[{'name': 'Action'}, {'name': 'Thriller'}, {'name': 'Science Fiction'}]"
377,A Nightmare on Elm Street,1984-11-09,[{'name': 'Horror'}]
582014,Promising Young Woman,2020-12-13,"[{'name': 'Thriller'}, {'name': 'Crime'}, {'name': 'Drama'}]"
75,Mars Attacks!,1996-12-13,"[{'name': 'Comedy'}, {'name': 'Fantasy'}, {'name': 'Science Fiction'}]"
380,Rain Man,1988-12-12,[{'name': 'Drama'}]
516486,Greyhound,2020-07-09,"[{'name': 'War'}, {'name': 'Action'}, {'name': 'Drama'}]"
381,To Catch a Thief,1955-08-03,"[{'name': 'Mystery'}, {'name': 'Romance'}, {'name': 'Thriller'}]"
49521,Man of Steel,2013-06-12,"[{'name': 'Action'}, {'name': 'Adventure'}, {'name': 'Science Fiction'}]"
434555,The Possession of Hannah Grace,2018-11-29,"[{'name': 'Horror'}, {'name': 'Drama'}]"
8584,Shanghai Noon,2000-05-26,"[{'name': 'Adventure'}, {'name': 'Action'}, {'name': 'Comedy'}, {'name': 'Western'}]"
388,Inside Man,2006-03-17,"[{'name': 'Crime'}, {'name': 'Drama'}, {'name': 'Thriller'}]"
387,Das Boot,1981-09-17,"[{'name': 'Drama'}, {'name': 'History'}, {'name': 'War'}]"
49529,John Carter,2012-03-07,"[{'name': 'Action'}, {'name': 'Adventure'}, {'name': 'Science Fiction'}]"
392,Chocolat,2000-12-22,"[{'name': 'Comedy'}, {'name': 'Drama'}, {'name': 'Romance'}]"
395,AVP: Alien vs. Predator,2004-08-12,"[{'name': 'Adventure'}, {'name': 'Science Fiction'}, {'name': 'Action'}, {'name': 'Horror'}]"
8587,The Lion King,1994-06-15,"[{'name': 'Animation'}, {'name': 'Family'}, {'name': 'Drama'}]"
278924,Mechanic: Resurrection,2016-08-25,"[{'name': 'Action'}, {'name': 'Crime'}, {'name': 'Thriller'}, {'name': 'Adventure'}]"
1114513,Speak No Evil,2024-09-11,"[{'name': 'Horror'}, {'name': 'Thriller'}]"
590223,Love and Monsters,2020-10-16,"[{'name': 'Adventure'}, {'name': 'Comedy'}, {'name': 'Fantasy'}, {'name': 'Science Fiction'}]"
389,12 Angry Men,1957-04-10,[{'name': 'Drama'}]
402,Basic Instinct,1992-03-20,"[{'name': 'Thriller'}, {'name': 'Mystery'}]"
391,A Fistful of Dollars,1964-09-12,[{'name': 'Western'}]
1139087,Once Upon a Studio,2023-09-24,"[{'name': 'Animation'}, {'name': 'Family'}, {'name': 'Fantasy'}, {'name': 'Drama'}, {'name': 'Comedy'}]"
459151,The Boss Baby: Family Business,2021-07-01,"[{'name': 'Animation'}, {'name': 'Comedy'}, {'name': 'Adventure'}, {'name': 'Family'}]"
278927,The Jungle Book,2016-04-07,"[{'name': 'Adventure'}, {'name': 'Family'}, {'name': 'Fantasy'}]"
393,Kill Bill: Vol. 2,2004-04-16,"[{'name': 'Action'}, {'name': 'Crime'}, {'name': 'Thriller'}]"
408,Snow White and the Seven Dwarfs,1938-01-22,"[{'name': 'Fantasy'}, {'name': 'Animation'}, {'name': 'Family'}]"
82,Miami Vice,2006-07-27,"[{'name': 'Action'}, {'name': 'Crime'}, {'name': 'Thriller'}]"
80,Before Sunset,2004-06-16,"[{'name': 'Drama'}, {'name': 'Romance'}]"
406,La Haine,1995-05-31,[{'name': 'Drama'}]
745881,The Medium,2021-07-14,"[{'name': 'Horror'}, {'name': 'Mystery'}]"
868759,Ghosted,2023-04-18,"[{'name': 'Action'}, {'name': 'Comedy'}, {'name': 'Romance'}]"
409,The English Patient,1996-11-14,"[{'name': 'Drama'}, {'name': 'Romance'}, {'name': 'War'}]"
411,"The Chronicles of Narnia: The Lion, the Witch and the Wardrobe",2005-12-07,"[{'name': 'Adventure'}, {'name': 'Family'}, {'name': 'Fantasy'}]"
475557,Joker,2019-10-01,"[{'name': 'Crime'}, {'name': 'Thriller'}, {'name': 'Drama'}]"
422,8½,1963-02-14,[{'name': 'Drama'}]
83,Open Water,2004-08-06,"[{'name': 'Horror'}, {'name': 'Thriller'}]"
423,The Pianist,2002-09-17,"[{'name': 'Drama'}, {'name': 'War'}]"
429,"The Good, the Bad and the Ugly",1966-12-23,[{'name': 'Western'}]
1008042,Talk to Me,2023-07-26,[{'name': 'Horror'}]
414,Batman Forever,1995-06-16,"[{'name': 'Action'}, {'name': 'Crime'}, {'name': 'Fantasy'}]"
425,Ice Age,2002-03-14,"[{'name': 'Animation'}, {'name': 'Comedy'}, {'name': 'Family'}, {'name': 'Adventure'}]"
8619,Master and Commander: The Far Side of the World,2003-11-14,"[{'name': 'Adventure'}, {'name': 'Drama'}, {'name': 'War'}]"
33194,Xiu Xiu: The Sent-Down Girl,1998-02-19,[{'name': 'Drama'}]
41387,From Beijing with Love,1994-10-13,"[{'name': 'Action'}, {'name': 'Comedy'}]"
415,Batman & Robin,1997-06-20,"[{'name': 'Action'}, {'name': 'Science Fiction'}, {'name': 'Adventure'}]"
433,Mary Poppins,1964-12-17,"[{'name': 'Comedy'}, {'name': 'Family'}, {'name': 'Fantasy'}]"
426,Vertigo,1958-05-09,"[{'name': 'Mystery'}, {'name': 'Romance'}, {'name': 'Thriller'}]"
435,The Day After Tomorrow,2004-05-26,"[{'name': 'Science Fiction'}, {'name': 'Thriller'}, {'name': 'Adventure'}]"
901563,Close,2022-11-01,[{'name': 'Drama'}]
1196470,Survive,2024-06-19,"[{'name': 'Science Fiction'}, {'name': 'Thriller'}, {'name': 'Adventure'}, {'name': 'Action'}]"
438,Cube Zero,2004-10-10,"[{'name': 'Mystery'}, {'name': 'Science Fiction'}, {'name': 'Thriller'}]"
1212855,Fight or Flight,2025-04-03,"[{'name': 'Action'}, {'name': 'Comedy'}, {'name': 'Thriller'}]"
1401281,The Testament of Ann Lee,2025-12-25,"[{'name': 'History'}, {'name': 'Drama'}, {'name': 'Music'}]"
424,Schindler's List,1993-12-15,"[{'name': 'Drama'}, {'name': 'History'}, {'name': 'War'}]"
451,Leaving Las Vegas,1995-10-27,"[{'name': 'Drama'}, {'name': 'Romance'}]"
8645,The Happening,2008-06-11,"[{'name': 'Thriller'}, {'name': 'Science Fiction'}]"
440,Aliens vs Predator: Requiem,2007-12-25,"[{'name': 'Action'}, {'name': 'Science Fiction'}, {'name': 'Thriller'}, {'name': 'Horror'}]"
453,A Beautiful Mind,2001-12-14,"[{'name': 'Drama'}, {'name': 'Romance'}]"
328111,The Secret Life of Pets,2016-06-18,"[{'name': 'Animation'}, {'name': 'Comedy'}, {'name': 'Family'}, {'name': 'Adventure'}]"
8643,The Exorcism of Emily Rose,2005-09-09,"[{'name': 'Crime'}, {'name': 'Drama'}, {'name': 'Horror'}, {'name': 'Thriller'}]"
786892,Furiosa: A Mad Max Saga,2024-05-22,"[{'name': 'Action'}, {'name': 'Science Fiction'}, {'name': 'Adventure'}]"
8656,Deep Impact,1998-05-08,"[{'name': 'Action'}, {'name': 'Drama'}, {'name': 'Science Fiction'}]"
431,Cube,1998-07-11,"[{'name': 'Thriller'}, {'name': 'Science Fiction'}, {'name': 'Mystery'}]"
57800,Ice Age: Continental Drift,2012-06-27,"[{'name': 'Animation'}, {'name': 'Comedy'}, {'name': 'Adventure'}, {'name': 'Family'}]"
33217,Diary of a Wimpy Kid,2010-03-19,"[{'name': 'Comedy'}, {'name': 'Family'}]"
454,Romeo + Juliet,1996-11-01,"[{'name': 'Drama'}, {'name': 'Romance'}]"
360920,The Grinch,2018-11-08,"[{'name': 'Animation'}, {'name': 'Comedy'}, {'name': 'Family'}, {'name': 'Fantasy'}]"
483,Wild at Heart,1990-08-17,"[{'name': 'Crime'}, {'name': 'Thriller'}, {'name': 'Romance'}]"
41439,Saw 3D,2010-10-22,"[{'name': 'Horror'}, {'name': 'Crime'}]"
462,Erin Brockovich,2000-03-17,[{'name': 'Drama'}]
479,Shaft,2000-06-15,"[{'name': 'Action'}, {'name': 'Adventure'}, {'name': 'Crime'}, {'name': 'Thriller'}]"
451048,Jungle Cruise,2021-07-28,"[{'name': 'Fantasy'}, {'name': 'Comedy'}, {'name': 'Adventure'}]"
16859,Kiki's Delivery Service,1989-07-29,"[{'name': 'Animation'}, {'name': 'Family'}, {'name': 'Fantasy'}]"
696806,The Adam Project,2022-03-11,"[{'name': 'Adventure'}, {'name': 'Science Fiction'}, {'name': 'Comedy'}]"
8681,Taken,2008-02-18,"[{'name': 'Action'}, {'name': 'Thriller'}]"
490,The Seventh Seal,1957-02-16,"[{'name': 'Fantasy'}, {'name': 'Drama'}]"
489,Good Will Hunting,1997-12-05,[{'name': 'Drama'}]
8676,Fool's Gold,2008-02-07,"[{'name': 'Adventure'}, {'name': 'Romance'}, {'name': 'Comedy'}]"
41446,Scream 4,2011-04-13,"[{'name': 'Horror'}, {'name': 'Mystery'}]"
16871,Drag Me to Hell,2009-05-27,"[{'name': 'Horror'}, {'name': 'Thriller'}]"
8689,Cannibal Holocaust,1980-02-07,[{'name': 'Horror'}]
16869,Inglourious Basterds,2009-08-02,"[{'name': 'Drama'}, {'name': 'Thriller'}, {'name': 'War'}]"
492,Being John Malkovich,1999-10-29,"[{'name': 'Comedy'}, {'name': 'Drama'}, {'name': 'Fantasy'}]"
8691,Cannibal Ferox,1981-04-24,"[{'name': 'Adventure'}, {'name': 'Horror'}]"
496,Borat: Cultural Learnings of America for Make Benefit Glorious Nation of Kazakhstan,2006-11-01,[{'name': 'Comedy'}]
188927,Star Trek Beyond,2016-07-07,"[{'name': 'Action'}, {'name': 'Adventure'}, {'name': 'Science Fiction'}]"
8698,The League of Extraordinary Gentlemen,2003-07-11,"[{'name': 'Fantasy'}, {'name': 'Action'}, {'name': 'Thriller'}, {'name': 'Science Fiction'}]"
500,Reservoir Dogs,1992-09-02,"[{'name': 'Crime'}, {'name': 'Thriller'}]"
509,Notting Hill,1999-05-21,"[{'name': 'Romance'}, {'name': 'Comedy'}]"
497,The Green Mile,1999-12-10,"[{'name': 'Fantasy'}, {'name': 'Drama'}, {'name': 'Crime'}]"
100,"Lock, Stock and Two Smoking Barrels",1998-08-28,"[{'name': 'Comedy'}, {'name': 'Crime'}]"
504,Monster,2003-12-24,"[{'name': 'Crime'}, {'name': 'Drama'}]"
503,Poseidon,2006-05-03,"[{'name': 'Adventure'}, {'name': 'Action'}, {'name': 'Drama'}, {'name': 'Thriller'}]"
254470,Pitch Perfect 2,2015-05-07,"[{'name': 'Comedy'}, {'name': 'Music'}]"
25095,Wuthering Heights,1992-10-16,"[{'name': 'Drama'}, {'name': 'Romance'}]"
8697,Who Am I?,1998-01-17,"[{'name': 'Adventure'}, {'name': 'Action'}, {'name': 'Comedy'}, {'name': 'Thriller'}]"
508,Love Actually,2003-09-07,"[{'name': 'Comedy'}, {'name': 'Romance'}, {'name': 'Drama'}]"
614917,King Richard,2021-11-18,"[{'name': 'Drama'}, {'name': 'History'}]"
8699,Anchorman: The Legend of Ron Burgundy,2004-06-28,[{'name': 'Comedy'}]
510,One Flew Over the Cuckoo's Nest,1975-11-19,[{'name': 'Drama'}]
524,Casino,1995-11-22,"[{'name': 'Crime'}, {'name': 'Drama'}]"
614930,Teenage Mutant Ninja Turtles: Mutant Mayhem,2023-07-31,"[{'name': 'Animation'}, {'name': 'Comedy'}, {'name': 'Action'}, {'name': 'Science Fiction'}]"
606717,Angrezi Medium,2020-03-13,"[{'name': 'Drama'}, {'name': 'Comedy'}]"
254474,Zombeavers,2014-10-20,"[{'name': 'Horror'}, {'name': 'Action'}, {'name': 'Comedy'}]"
526,Ladyhawke,1985-03-27,"[{'name': 'Adventure'}, {'name': 'Comedy'}, {'name': 'Fantasy'}]"
16907,Naruto the Movie: Ninja Clash in the Land of Snow,2004-08-21,"[{'name': 'Comedy'}, {'name': 'Action'}, {'name': 'Animation'}, {'name': 'Adventure'}]"
565770,Blue Beetle,2023-08-16,"[{'name': 'Action'}, {'name': 'Science Fiction'}, {'name': 'Adventure'}]"
1147400,"Miraculous World: Paris, Tales of Shadybug and Claw Noir",2023-10-21,"[{'name': 'Animation'}, {'name': 'Family'}, {'name': 'Action'}, {'name': 'Adventure'}, {'name': 'Fantasy'}]"
614934,Elvis,2022-06-22,"[{'name': 'Music'}, {'name': 'History'}, {'name': 'Drama'}]"
533,Wallace & Gromit: The Curse of the Were-Rabbit,2005-09-15,"[{'name': 'Adventure'}, {'name': 'Animation'}, {'name': 'Comedy'}, {'name': 'Family'}]"
539,Psycho,1960-06-22,"[{'name': 'Horror'}, {'name': 'Thriller'}, {'name': 'Mystery'}]"
1147411,"Miraculous World: Tokyo, Stellar Force",2025-12-07,"[{'name': 'Animation'}, {'name': 'Family'}, {'name': 'Action'}, {'name': 'Adventure'}, {'name': 'Fantasy'}]"
534,Terminator Salvation,2009-05-20,"[{'name': 'Action'}, {'name': 'Science Fiction'}, {'name': 'Thriller'}]"
41498,One Piece Film: Strong World,2009-12-12,"[{'name': 'Animation'}, {'name': 'Fantasy'}, {'name': 'Adventure'}]"
525,The Blues Brothers,1980-06-16,"[{'name': 'Music'}, {'name': 'Comedy'}, {'name': 'Crime'}]"
1450527,Forbidden Fruits,2026-03-26,"[{'name': 'Horror'}, {'name': 'Comedy'}]"
508442,Soul,2020-12-25,"[{'name': 'Animation'}, {'name': 'Family'}, {'name': 'Drama'}, {'name': 'Music'}, {'name': 'Fantasy'}]"
934433,Scream VI,2023-03-08,"[{'name': 'Horror'}, {'name': 'Thriller'}, {'name': 'Crime'}]"
1196573,She Rides Shotgun,2025-07-31,"[{'name': 'Action'}, {'name': 'Thriller'}, {'name': 'Crime'}]"
221731,Rurouni Kenshin Part II: Kyoto Inferno,2014-08-01,"[{'name': 'Action'}, {'name': 'Adventure'}, {'name': 'Drama'}, {'name': 'Fantasy'}]"
508439,Onward,2020-02-29,"[{'name': 'Adventure'}, {'name': 'Animation'}, {'name': 'Comedy'}, {'name': 'Family'}, {'name': 'Fantasy'}]"
516632,The Empty Man,2020-10-22,"[{'name': 'Horror'}, {'name': 'Mystery'}]"
1147416,"Miraculous World: London, at the Edge of Time",2024-11-14,"[{'name': 'Animation'}, {'name': 'Family'}, {'name': 'Action'}, {'name': 'Adventure'}, {'name': 'Fantasy'}]"
8741,The Thin Red Line,1998-12-23,"[{'name': 'Drama'}, {'name': 'History'}, {'name': 'War'}]"
535,Flashdance,1983-04-14,"[{'name': 'Drama'}, {'name': 'Romance'}]"
544,There's Something About Mary,1998-07-15,"[{'name': 'Romance'}, {'name': 'Comedy'}]"
41513,The Smurfs,2011-07-29,"[{'name': 'Animation'}, {'name': 'Family'}, {'name': 'Adventure'}, {'name': 'Comedy'}, {'name': 'Fantasy'}]"
197158,Porno!,1981-01-01,"[{'name': 'Drama'}, {'name': 'Horror'}, {'name': 'Fantasy'}, {'name': 'Comedy'}]"
548,Rashomon,1950-08-26,"[{'name': 'Crime'}, {'name': 'Drama'}, {'name': 'Mystery'}]"
551,The Poseidon Adventure,1972-12-01,"[{'name': 'Adventure'}, {'name': 'Drama'}, {'name': 'Thriller'}]"
550,Fight Club,1999-10-15,"[{'name': 'Drama'}, {'name': 'Thriller'}]"
558,Spider-Man 2,2004-06-25,"[{'name': 'Action'}, {'name': 'Adventure'}, {'name': 'Science Fiction'}]"
746036,The Fall Guy,2024-04-24,"[{'name': 'Action'}, {'name': 'Comedy'}, {'name': 'Romance'}]"
680493,Return to Silent Hill,2026-01-21,"[{'name': 'Mystery'}, {'name': 'Drama'}, {'name': 'Horror'}]"
564,The Mummy,1999-04-16,"[{'name': 'Adventure'}, {'name': 'Action'}, {'name': 'Fantasy'}]"
557,Spider-Man,2002-05-01,"[{'name': 'Action'}, {'name': 'Science Fiction'}]"
562,Die Hard,1988-07-15,"[{'name': 'Action'}, {'name': 'Thriller'}]"
553,Dogville,2003-05-21,"[{'name': 'Crime'}, {'name': 'Drama'}, {'name': 'Thriller'}]"
568,Apollo 13,1995-06-30,"[{'name': 'Drama'}, {'name': 'History'}]"
131631,The Hunger Games: Mockingjay - Part 1,2014-11-19,"[{'name': 'Science Fiction'}, {'name': 'Adventure'}, {'name': 'Thriller'}]"
563,Starship Troopers,1997-11-07,"[{'name': 'Adventure'}, {'name': 'Action'}, {'name': 'Thriller'}, {'name': 'Science Fiction'}]"
559,Spider-Man 3,2007-05-01,"[{'name': 'Action'}, {'name': 'Adventure'}, {'name': 'Science Fiction'}]"
570,Fat Girl,2001-03-07,[{'name': 'Drama'}]
561,Constantine,2005-02-08,"[{'name': 'Fantasy'}, {'name': 'Action'}, {'name': 'Horror'}]"
287284,Swung,2015-06-19,"[{'name': 'Romance'}, {'name': 'Drama'}]"
131634,The Hunger Games: Mockingjay - Part 2,2015-11-18,"[{'name': 'Action'}, {'name': 'Adventure'}, {'name': 'Science Fiction'}]"
762430,Retribution,2023-08-23,"[{'name': 'Thriller'}, {'name': 'Action'}, {'name': 'Adventure'}]"
565,The Ring,2002-10-18,"[{'name': 'Horror'}, {'name': 'Mystery'}]"
8769,Christine,1983-12-09,[{'name': 'Horror'}]
571,The Birds,1963-03-28,"[{'name': 'Horror'}, {'name': 'Thriller'}]"
401981,Red Sparrow,2018-02-28,"[{'name': 'Thriller'}, {'name': 'Mystery'}]"
567,Rear Window,1954-08-01,"[{'name': 'Thriller'}, {'name': 'Mystery'}, {'name': 'Drama'}]"
579,Jaws 2,1978-06-16,"[{'name': 'Horror'}, {'name': 'Thriller'}]"
578,Jaws,1975-06-20,"[{'name': 'Horror'}, {'name': 'Thriller'}, {'name': 'Adventure'}]"
82507,Sinister,2012-03-29,"[{'name': 'Horror'}, {'name': 'Thriller'}, {'name': 'Mystery'}]"
581,Dances with Wolves,1990-11-09,"[{'name': 'Adventure'}, {'name': 'Drama'}, {'name': 'Western'}]"
1327688,One Mile: Chapter One,2026-02-20,"[{'name': 'Action'}, {'name': 'Crime'}]"
582,The Lives of Others,2006-03-23,"[{'name': 'Drama'}, {'name': 'Thriller'}]"
672322,Rurouni Kenshin: The Beginning,2021-06-04,"[{'name': 'Action'}, {'name': 'Adventure'}, {'name': 'Drama'}, {'name': 'Romance'}]"
762441,A Quiet Place: Day One,2024-06-26,"[{'name': 'Horror'}, {'name': 'Science Fiction'}, {'name': 'Thriller'}]"
583,Life of Brian,1979-08-17,[{'name': 'Comedy'}]
451156,Infidelity in Suburbia,2017-02-25,"[{'name': 'Thriller'}, {'name': 'TV Movie'}]"
588,Silent Hill,2006-04-21,"[{'name': 'Horror'}, {'name': 'Mystery'}]"
483906,Polar,2019-01-25,"[{'name': 'Action'}, {'name': 'Crime'}, {'name': 'Drama'}]"
587,Big Fish,2003-12-10,"[{'name': 'Adventure'}, {'name': 'Fantasy'}, {'name': 'Drama'}]"
594,The Terminal,2004-06-17,"[{'name': 'Comedy'}, {'name': 'Drama'}]"
599,Sunset Boulevard,1950-08-10,[{'name': 'Drama'}]
600,Full Metal Jacket,1987-06-26,"[{'name': 'Drama'}, {'name': 'War'}]"
595,To Kill a Mockingbird,1962-12-20,[{'name': 'Drama'}]
591,The Da Vinci Code,2006-05-17,"[{'name': 'Thriller'}, {'name': 'Mystery'}]"
585,"Monsters, Inc.",2001-11-01,"[{'name': 'Animation'}, {'name': 'Comedy'}, {'name': 'Family'}, {'name': 'Fantasy'}]"
115290,Blue Lagoon: The Awakening,2012-06-16,"[{'name': 'Drama'}, {'name': 'Adventure'}, {'name': 'Romance'}, {'name': 'TV Movie'}]"
604,The Matrix Reloaded,2003-05-15,"[{'name': 'Adventure'}, {'name': 'Action'}, {'name': 'Thriller'}, {'name': 'Science Fiction'}]"
605,The Matrix Revolutions,2003-11-05,"[{'name': 'Adventure'}, {'name': 'Action'}, {'name': 'Thriller'}, {'name': 'Science Fiction'}]"
603,The Matrix,1999-03-31,"[{'name': 'Action'}, {'name': 'Science Fiction'}]"
270946,Penguins of Madagascar,2014-11-22,"[{'name': 'Family'}, {'name': 'Animation'}, {'name': 'Adventure'}, {'name': 'Comedy'}]"
607,Men in Black,1997-07-02,"[{'name': 'Action'}, {'name': 'Adventure'}, {'name': 'Comedy'}, {'name': 'Science Fiction'}]"
601,E.T. the Extra-Terrestrial,1982-06-11,"[{'name': 'Adventure'}, {'name': 'Science Fiction'}, {'name': 'Family'}]"
609,Poltergeist,1982-06-04,[{'name': 'Horror'}]
597,Titanic,1997-12-18,"[{'name': 'Drama'}, {'name': 'Romance'}]"
598,City of God,2002-08-30,"[{'name': 'Drama'}, {'name': 'Crime'}]"
606,Out of Africa,1985-12-20,"[{'name': 'History'}, {'name': 'Romance'}, {'name': 'Drama'}]"
602,Independence Day,1996-06-25,"[{'name': 'Action'}, {'name': 'Adventure'}, {'name': 'Science Fiction'}]"
613,Downfall,2004-09-16,"[{'name': 'Drama'}, {'name': 'History'}, {'name': 'War'}]"
16996,17 Again,2009-03-11,"[{'name': 'Comedy'}, {'name': 'Fantasy'}]"
612,Munich,2005-12-23,"[{'name': 'Drama'}, {'name': 'History'}, {'name': 'Thriller'}]"
608,Men in Black II,2002-07-03,"[{'name': 'Action'}, {'name': 'Comedy'}, {'name': 'Science Fiction'}]"
844398,Shattered,2022-01-14,"[{'name': 'Thriller'}, {'name': 'Horror'}, {'name': 'Crime'}, {'name': 'Mystery'}]"
615,The Passion of the Christ,2004-02-25,[{'name': 'Drama'}]
616,The Last Samurai,2003-12-05,"[{'name': 'Drama'}, {'name': 'Action'}, {'name': 'War'}]"
617,Wild Things,1998-03-20,"[{'name': 'Mystery'}, {'name': 'Thriller'}, {'name': 'Drama'}]"
8810,Mad Max 2,1981-12-24,"[{'name': 'Action'}, {'name': 'Thriller'}, {'name': 'Science Fiction'}]"
8814,Doom,2005-10-20,"[{'name': 'Action'}, {'name': 'Horror'}, {'name': 'Science Fiction'}]"
1450599,K.O.,2025-06-05,"[{'name': 'Action'}, {'name': 'Drama'}, {'name': 'Adventure'}]"
620,Ghostbusters,1984-06-08,"[{'name': 'Comedy'}, {'name': 'Fantasy'}]"
25195,Leap Year,2010-01-08,"[{'name': 'Romance'}, {'name': 'Comedy'}]"
621,Grease,1978-06-16,"[{'name': 'Romance'}, {'name': 'Comedy'}]"
619,The Bodyguard,1992-11-25,"[{'name': 'Action'}, {'name': 'Drama'}, {'name': 'Romance'}]"
637,Life Is Beautiful,1997-12-20,"[{'name': 'Comedy'}, {'name': 'Drama'}]"
627,Trainspotting,1996-02-23,"[{'name': 'Drama'}, {'name': 'Crime'}]"
634,Bridget Jones's Diary,2001-04-13,"[{'name': 'Comedy'}, {'name': 'Romance'}, {'name': 'Drama'}]"
1032823,Trap,2024-07-31,"[{'name': 'Crime'}, {'name': 'Horror'}, {'name': 'Thriller'}]"
635,Angel Heart,1987-03-06,"[{'name': 'Horror'}, {'name': 'Mystery'}]"
630,The Wizard of Oz,1939-08-15,"[{'name': 'Adventure'}, {'name': 'Fantasy'}, {'name': 'Family'}]"
836225,The Exorcism of God,2022-03-11,"[{'name': 'Horror'}, {'name': 'Crime'}, {'name': 'Drama'}, {'name': 'Fantasy'}]"
1352310,Rodrigue in Love,2025-06-18,"[{'name': 'Comedy'}, {'name': 'Family'}]"
622,The Ninth Gate,1999-08-25,"[{'name': 'Mystery'}, {'name': 'Thriller'}, {'name': 'Horror'}]"
629,The Usual Suspects,1995-07-19,"[{'name': 'Drama'}, {'name': 'Crime'}, {'name': 'Thriller'}]"
628,Interview with the Vampire,1994-11-11,"[{'name': 'Horror'}, {'name': 'Drama'}, {'name': 'Fantasy'}]"
549509,The Brutalist,2024-12-20,[{'name': 'Drama'}]
516729,Paddington in Peru,2024-11-08,"[{'name': 'Adventure'}, {'name': 'Comedy'}, {'name': 'Family'}]"
644,A.I. Artificial Intelligence,2001-06-29,"[{'name': 'Drama'}, {'name': 'Science Fiction'}, {'name': 'Adventure'}]"
8835,Legally Blonde,2001-07-13,[{'name': 'Comedy'}]
641,Requiem for a Dream,2000-10-06,"[{'name': 'Crime'}, {'name': 'Drama'}]"
638,Lost Highway,1997-01-15,"[{'name': 'Drama'}, {'name': 'Thriller'}, {'name': 'Mystery'}]"
646,Dr. No,1962-10-07,"[{'name': 'Adventure'}, {'name': 'Action'}, {'name': 'Thriller'}]"
606856,Togo,2019-12-20,"[{'name': 'Adventure'}, {'name': 'Family'}]"
639,When Harry Met Sally...,1989-07-12,"[{'name': 'Comedy'}, {'name': 'Romance'}, {'name': 'Drama'}]"
8839,Casper,1995-05-26,"[{'name': 'Fantasy'}, {'name': 'Comedy'}, {'name': 'Family'}]"
49797,I Saw the Devil,2010-08-12,"[{'name': 'Thriller'}, {'name': 'Horror'}]"
659,The Tin Drum,1979-05-02,"[{'name': 'Drama'}, {'name': 'History'}, {'name': 'War'}]"
665,Ben-Hur,1959-11-18,"[{'name': 'History'}, {'name': 'Drama'}, {'name': 'Adventure'}]"
655,"Paris, Texas",1984-07-16,[{'name': 'Drama'}]
762504,Nope,2022-07-20,"[{'name': 'Horror'}, {'name': 'Science Fiction'}]"
762509,Mufasa: The Lion King,2024-12-18,"[{'name': 'Adventure'}, {'name': 'Family'}, {'name': 'Animation'}]"
8856,The Karate Kid Part II,1986-06-18,"[{'name': 'Adventure'}, {'name': 'Drama'}, {'name': 'Action'}, {'name': 'Romance'}, {'name': 'Family'}]"
713364,Clown in a Cornfield,2025-05-02,"[{'name': 'Horror'}, {'name': 'Mystery'}, {'name': 'Thriller'}]"
651,M*A*S*H,1970-02-18,"[{'name': 'Comedy'}, {'name': 'Drama'}, {'name': 'War'}]"
652,Troy,2004-05-13,"[{'name': 'War'}, {'name': 'Action'}, {'name': 'History'}]"
658,Goldfinger,1964-09-20,"[{'name': 'Adventure'}, {'name': 'Action'}, {'name': 'Thriller'}]"
385687,Fast X,2023-05-17,"[{'name': 'Action'}, {'name': 'Crime'}, {'name': 'Thriller'}]"
667,You Only Live Twice,1967-06-13,"[{'name': 'Action'}, {'name': 'Thriller'}, {'name': 'Adventure'}]"
657,From Russia with Love,1963-10-10,"[{'name': 'Action'}, {'name': 'Thriller'}, {'name': 'Adventure'}]"
650,Boyz n the Hood,1991-07-12,"[{'name': 'Crime'}, {'name': 'Drama'}]"
668,On Her Majesty's Secret Service,1969-12-18,"[{'name': 'Adventure'}, {'name': 'Action'}, {'name': 'Thriller'}]"
8845,Under Siege,1992-10-08,"[{'name': 'Action'}, {'name': 'Thriller'}]"
664,Twister,1996-05-10,"[{'name': 'Action'}, {'name': 'Adventure'}, {'name': 'Drama'}]"
25237,Come and See,1985-10-17,"[{'name': 'Drama'}, {'name': 'War'}]"
660,Thunderball,1965-12-11,"[{'name': 'Adventure'}, {'name': 'Action'}, {'name': 'Thriller'}]"
674,Harry Potter and the Goblet of Fire,2005-11-16,"[{'name': 'Adventure'}, {'name': 'Fantasy'}]"
663,Saw IV,2007-10-25,"[{'name': 'Horror'}, {'name': 'Thriller'}, {'name': 'Crime'}]"
670,Oldboy,2003-11-21,"[{'name': 'Drama'}, {'name': 'Thriller'}, {'name': 'Mystery'}, {'name': 'Action'}]"
41630,No Strings Attached,2011-01-21,"[{'name': 'Comedy'}, {'name': 'Romance'}]"
671,Harry Potter and the Philosopher's Stone,2001-11-16,"[{'name': 'Adventure'}, {'name': 'Fantasy'}]"
673,Harry Potter and the Prisoner of Azkaban,2004-05-31,"[{'name': 'Adventure'}, {'name': 'Fantasy'}]"
672,Harry Potter and the Chamber of Secrets,2002-11-13,"[{'name': 'Adventure'}, {'name': 'Fantasy'}]"
675,Harry Potter and the Order of the Phoenix,2007-07-08,"[{'name': 'Adventure'}, {'name': 'Fantasy'}]"
682,The Man with the Golden Gun,1974-12-04,"[{'name': 'Adventure'}, {'name': 'Action'}, {'name': 'Thriller'}]"
8871,How the Grinch Stole Christmas,2000-11-17,"[{'name': 'Family'}, {'name': 'Comedy'}, {'name': 'Fantasy'}]"
434853,Space/Time,2025-06-25,"[{'name': 'Science Fiction'}, {'name': 'Action'}, {'name': 'Thriller'}]"
8874,My Best Friend's Wedding,1997-06-19,"[{'name': 'Comedy'}, {'name': 'Romance'}]"
679,Aliens,1986-07-18,"[{'name': 'Action'}, {'name': 'Thriller'}, {'name': 'Science Fiction'}]"
686,Contact,1997-07-11,"[{'name': 'Drama'}, {'name': 'Science Fiction'}, {'name': 'Mystery'}]"
688,The Bridges of Madison County,1995-06-02,"[{'name': 'Drama'}, {'name': 'Romance'}]"
681,Diamonds Are Forever,1971-12-14,"[{'name': 'Action'}, {'name': 'Thriller'}]"
8879,Pale Rider,1985-06-28,"[{'name': 'Western'}, {'name': 'Drama'}]"
687,Dead Man Walking,1995-12-29,[{'name': 'Drama'}]
676,Pearl Harbor,2001-05-21,"[{'name': 'War'}, {'name': 'Romance'}, {'name': 'History'}, {'name': 'Action'}]"
680,Pulp Fiction,1994-09-10,"[{'name': 'Thriller'}, {'name': 'Crime'}, {'name': 'Comedy'}]"
1295026,100 METERS,2025-09-19,"[{'name': 'Animation'}, {'name': 'Drama'}]"
8867,The Punisher,1989-10-05,"[{'name': 'Action'}, {'name': 'Crime'}, {'name': 'Drama'}]"
692,Pink Flamingos,1976-03-31,"[{'name': 'Comedy'}, {'name': 'Crime'}]"
693,Meet the Fockers,2004-12-22,"[{'name': 'Comedy'}, {'name': 'Romance'}]"
691,The Spy Who Loved Me,1977-07-07,"[{'name': 'Adventure'}, {'name': 'Action'}, {'name': 'Thriller'}]"
49849,Cowboys & Aliens,2011-07-29,"[{'name': 'Action'}, {'name': 'Science Fiction'}, {'name': 'Thriller'}, {'name': 'Western'}]"
694,The Shining,1980-05-23,"[{'name': 'Horror'}, {'name': 'Thriller'}]"
926393,The Equalizer 3,2023-08-30,"[{'name': 'Action'}, {'name': 'Thriller'}, {'name': 'Crime'}]"
287424,Maggie,2015-05-08,"[{'name': 'Horror'}, {'name': 'Drama'}, {'name': 'Science Fiction'}]"
698,Moonraker,1979-06-26,"[{'name': 'Action'}, {'name': 'Adventure'}, {'name': 'Thriller'}, {'name': 'Science Fiction'}]"
700,Octopussy,1983-06-05,"[{'name': 'Adventure'}, {'name': 'Action'}, {'name': 'Thriller'}]"
1032892,In the Blink of an Eye,2026-01-26,"[{'name': 'Science Fiction'}, {'name': 'Drama'}]"
712,Four Weddings and a Funeral,1994-03-09,"[{'name': 'Comedy'}, {'name': 'Drama'}, {'name': 'Romance'}]"
699,For Your Eyes Only,1981-06-24,"[{'name': 'Adventure'}, {'name': 'Action'}, {'name': 'Thriller'}]"
710,GoldenEye,1995-11-16,"[{'name': 'Adventure'}, {'name': 'Action'}, {'name': 'Thriller'}]"
707,A View to a Kill,1985-05-24,"[{'name': 'Adventure'}, {'name': 'Action'}, {'name': 'Thriller'}]"
82633,Lawless,2012-08-29,"[{'name': 'Crime'}, {'name': 'Drama'}, {'name': 'Western'}]"
1327819,Hoppers,2026-03-04,"[{'name': 'Adventure'}, {'name': 'Animation'}, {'name': 'Comedy'}, {'name': 'Family'}, {'name': 'Science Fiction'}]"
703,Annie Hall,1977-04-19,"[{'name': 'Comedy'}, {'name': 'Drama'}, {'name': 'Romance'}]"
709,Licence to Kill,1989-06-13,"[{'name': 'Adventure'}, {'name': 'Action'}, {'name': 'Thriller'}]"
708,The Living Daylights,1987-06-29,"[{'name': 'Action'}, {'name': 'Adventure'}, {'name': 'Thriller'}]"
664280,David Attenborough: A Life on Our Planet,2020-09-28,"[{'name': 'Documentary'}, {'name': 'Drama'}]"
8914,Deep Blue Sea,1999-07-28,"[{'name': 'Action'}, {'name': 'Horror'}, {'name': 'Science Fiction'}]"
702,A Streetcar Named Desire,1951-09-18,"[{'name': 'Drama'}, {'name': 'Thriller'}]"
25284,The Last Seduction,1994-05-26,"[{'name': 'Thriller'}, {'name': 'Crime'}, {'name': 'Romance'}, {'name': 'Drama'}]"
714,Tomorrow Never Dies,1997-12-11,"[{'name': 'Adventure'}, {'name': 'Action'}, {'name': 'Thriller'}]"
8920,Garfield,2004-06-10,"[{'name': 'Comedy'}, {'name': 'Family'}]"
1057491,Naughty,2023-02-14,[{'name': 'Drama'}]
8916,Antz,1998-10-02,"[{'name': 'Animation'}, {'name': 'Comedy'}, {'name': 'Family'}]"
8913,Pet Sematary,1989-04-21,[{'name': 'Horror'}]
877269,Strange World,2022-11-23,"[{'name': 'Animation'}, {'name': 'Family'}, {'name': 'Adventure'}, {'name': 'Fantasy'}, {'name': 'Science Fiction'}]"
516806,Last Sentinel,2023-03-17,"[{'name': 'Science Fiction'}, {'name': 'Thriller'}]"
8909,Wanted,2008-06-19,"[{'name': 'Action'}, {'name': 'Thriller'}, {'name': 'Crime'}]"
17111,Shutter,2004-09-09,"[{'name': 'Horror'}, {'name': 'Mystery'}, {'name': 'Thriller'}]"
8922,Jeepers Creepers,2001-07-01,[{'name': 'Horror'}]
639720,IF,2024-05-08,"[{'name': 'Comedy'}, {'name': 'Fantasy'}, {'name': 'Family'}]"
508642,Gonjiam: Haunted Asylum,2018-03-28,"[{'name': 'Horror'}, {'name': 'Mystery'}]"
82654,Warm Bodies,2013-01-31,"[{'name': 'Horror'}, {'name': 'Comedy'}, {'name': 'Romance'}]"
8923,Green Street Hooligans,2005-09-09,"[{'name': 'Crime'}, {'name': 'Drama'}]"
752,V for Vendetta,2006-02-23,"[{'name': 'Action'}, {'name': 'Thriller'}, {'name': 'Science Fiction'}]"
74465,We Bought a Zoo,2011-11-26,"[{'name': 'Drama'}, {'name': 'Comedy'}, {'name': 'Family'}]"
746,The Last Emperor,1987-10-04,"[{'name': 'Drama'}, {'name': 'History'}]"
747,Shaun of the Dead,2004-04-09,"[{'name': 'Horror'}, {'name': 'Comedy'}]"
744,Top Gun,1986-05-16,"[{'name': 'Action'}, {'name': 'Drama'}, {'name': 'Romance'}]"
107257,A Perfect Ending,2012-06-01,"[{'name': 'Drama'}, {'name': 'Romance'}]"
754,Face/Off,1997-06-27,"[{'name': 'Action'}, {'name': 'Crime'}, {'name': 'Science Fiction'}]"
303857,Dragon Ball Z: Resurrection 'F',2015-04-18,"[{'name': 'Action'}, {'name': 'Animation'}, {'name': 'Science Fiction'}]"
745,The Sixth Sense,1999-08-06,"[{'name': 'Mystery'}, {'name': 'Thriller'}, {'name': 'Drama'}]"
934632,Rebel Moon - Part Two: The Scargiver,2024-04-19,"[{'name': 'Science Fiction'}, {'name': 'Action'}, {'name': 'Adventure'}]"
82675,Taken 2,2012-09-27,"[{'name': 'Action'}, {'name': 'Crime'}, {'name': 'Thriller'}]"
755,From Dusk Till Dawn,1996-01-19,"[{'name': 'Horror'}, {'name': 'Action'}, {'name': 'Crime'}]"
1327862,Regretting You,2025-10-22,"[{'name': 'Romance'}, {'name': 'Drama'}]"
756,Fantasia,1940-11-13,"[{'name': 'Animation'}, {'name': 'Family'}, {'name': 'Fantasy'}]"
763,Braindead,1992-08-13,"[{'name': 'Horror'}, {'name': 'Comedy'}]"
762,Monty Python and the Holy Grail,1975-04-03,"[{'name': 'Adventure'}, {'name': 'Comedy'}, {'name': 'Fantasy'}]"
764,The Evil Dead,1981-10-15,[{'name': 'Horror'}]
770,Gone with the Wind,1939-12-15,"[{'name': 'Drama'}, {'name': 'War'}, {'name': 'Romance'}]"
765,Evil Dead II,1987-03-13,"[{'name': 'Horror'}, {'name': 'Comedy'}, {'name': 'Fantasy'}]"
766,Army of Darkness,1992-10-31,"[{'name': 'Fantasy'}, {'name': 'Horror'}, {'name': 'Comedy'}]"
729854,Concrete Utopia,2023-08-09,"[{'name': 'Thriller'}, {'name': 'Action'}]"
41733,Due Date,2010-11-03,"[{'name': 'Comedy'}, {'name': 'Drama'}]"
767,Harry Potter and the Half-Blood Prince,2009-07-15,"[{'name': 'Adventure'}, {'name': 'Fantasy'}]"
782,Gattaca,1997-07-09,"[{'name': 'Science Fiction'}, {'name': 'Drama'}]"
8966,Twilight,2008-11-20,"[{'name': 'Fantasy'}, {'name': 'Drama'}, {'name': 'Romance'}]"
205584,Gods of Egypt,2016-02-25,"[{'name': 'Action'}, {'name': 'Adventure'}, {'name': 'Fantasy'}]"
769,GoodFellas,1990-09-12,"[{'name': 'Drama'}, {'name': 'Crime'}]"
82695,Les Misérables,2012-12-18,"[{'name': 'History'}, {'name': 'Drama'}]"
773,Little Miss Sunshine,2006-07-26,"[{'name': 'Comedy'}, {'name': 'Drama'}]"
82693,Silver Linings Playbook,2012-11-16,"[{'name': 'Drama'}, {'name': 'Comedy'}, {'name': 'Romance'}]"
772,Home Alone 2: Lost in New York,1992-11-15,"[{'name': 'Comedy'}, {'name': 'Family'}, {'name': 'Adventure'}]"
615173,The Witch: Part 2. The Other One,2022-06-15,"[{'name': 'Action'}, {'name': 'Mystery'}, {'name': 'Thriller'}, {'name': 'Science Fiction'}]"
8967,The Tree of Life,2011-05-17,"[{'name': 'Drama'}, {'name': 'Fantasy'}]"
82690,Wreck-It Ralph,2012-11-01,"[{'name': 'Family'}, {'name': 'Animation'}, {'name': 'Comedy'}, {'name': 'Adventure'}]"
82702,How to Train Your Dragon 2,2014-06-05,"[{'name': 'Fantasy'}, {'name': 'Action'}, {'name': 'Adventure'}, {'name': 'Animation'}, {'name': 'Family'}]"
8961,Bad Boys II,2003-07-18,"[{'name': 'Action'}, {'name': 'Crime'}, {'name': 'Comedy'}]"
82703,Mr. Peabody & Sherman,2014-02-07,"[{'name': 'Animation'}, {'name': 'Science Fiction'}, {'name': 'Comedy'}, {'name': 'Adventure'}, {'name': 'Family'}]"
17170,"Bright Lights, Big City",1988-04-01,"[{'name': 'Drama'}, {'name': 'Romance'}]"
271110,Captain America: Civil War,2016-04-27,"[{'name': 'Adventure'}, {'name': 'Action'}, {'name': 'Science Fiction'}]"
787,Mr. & Mrs. Smith,2005-06-07,"[{'name': 'Action'}, {'name': 'Comedy'}, {'name': 'Drama'}, {'name': 'Thriller'}]"
788,Mrs. Doubtfire,1993-11-24,"[{'name': 'Comedy'}, {'name': 'Drama'}, {'name': 'Family'}]"
205587,The Judge,2014-10-08,[{'name': 'Drama'}]
786,Almost Famous,2000-09-15,"[{'name': 'Drama'}, {'name': 'Music'}]"
893723,PAW Patrol: The Mighty Movie,2023-09-21,"[{'name': 'Adventure'}, {'name': 'Animation'}, {'name': 'Comedy'}, {'name': 'Family'}, {'name': 'Science Fiction'}]"
8984,Disclosure,1994-12-09,"[{'name': 'Thriller'}, {'name': 'Drama'}, {'name': 'Crime'}]"
205596,The Imitation Game,2014-11-14,"[{'name': 'History'}, {'name': 'Drama'}, {'name': 'Thriller'}, {'name': 'War'}]"
805,Rosemary's Baby,1968-06-12,"[{'name': 'Drama'}, {'name': 'Horror'}, {'name': 'Thriller'}]"
793,Blue Velvet,1986-09-19,"[{'name': 'Mystery'}, {'name': 'Thriller'}, {'name': 'Crime'}]"
25376,The Secret in Their Eyes,2009-08-13,"[{'name': 'Mystery'}, {'name': 'Thriller'}, {'name': 'Drama'}]"
795,City of Angels,1998-04-10,"[{'name': 'Romance'}, {'name': 'Drama'}, {'name': 'Fantasy'}]"
802,Lolita,1962-06-13,"[{'name': 'Drama'}, {'name': 'Comedy'}]"
1245993,Caught Stealing,2025-08-26,"[{'name': 'Crime'}, {'name': 'Thriller'}, {'name': 'Comedy'}]"
792,Platoon,1986-12-19,"[{'name': 'Drama'}, {'name': 'War'}, {'name': 'Action'}]"
8982,The Protector,2005-08-11,"[{'name': 'Action'}, {'name': 'Crime'}, {'name': 'Drama'}, {'name': 'Thriller'}]"
1008409,The Bikeriders,2024-06-19,"[{'name': 'Crime'}, {'name': 'Drama'}]"
794,The Omen,1976-06-25,"[{'name': 'Horror'}, {'name': 'Thriller'}]"
810,Shrek the Third,2007-05-17,"[{'name': 'Fantasy'}, {'name': 'Adventure'}, {'name': 'Animation'}, {'name': 'Comedy'}, {'name': 'Family'}]"
807,Se7en,1995-09-22,"[{'name': 'Crime'}, {'name': 'Mystery'}, {'name': 'Thriller'}]"
808,Shrek,2001-05-18,"[{'name': 'Animation'}, {'name': 'Comedy'}, {'name': 'Fantasy'}, {'name': 'Adventure'}, {'name': 'Family'}]"
804,Roman Holiday,1953-08-26,"[{'name': 'Romance'}, {'name': 'Comedy'}, {'name': 'Drama'}]"
328480,Kept Woman,2015-02-28,"[{'name': 'Thriller'}, {'name': 'TV Movie'}, {'name': 'Mystery'}]"
9003,Hellraiser,1987-09-11,"[{'name': 'Horror'}, {'name': 'Thriller'}]"
320288,Dark Phoenix,2019-06-05,"[{'name': 'Science Fiction'}, {'name': 'Action'}, {'name': 'Adventure'}]"
484133,Nude,2017-10-29,[{'name': 'Documentary'}]
809,Shrek 2,2004-05-19,"[{'name': 'Animation'}, {'name': 'Comedy'}, {'name': 'Family'}, {'name': 'Fantasy'}, {'name': 'Romance'}]"
9007,Just Like Heaven,2005-09-16,"[{'name': 'Comedy'}, {'name': 'Romance'}, {'name': 'Fantasy'}]"
813,Airplane!,1980-06-27,[{'name': 'Comedy'}]
812,Aladdin,1992-11-25,"[{'name': 'Animation'}, {'name': 'Family'}, {'name': 'Adventure'}, {'name': 'Fantasy'}, {'name': 'Romance'}]"
1368881,Ladies First,2026-05-21,"[{'name': 'Comedy'}, {'name': 'Fantasy'}]"
816,Austin Powers: International Man of Mystery,1997-05-02,"[{'name': 'Comedy'}, {'name': 'Crime'}]"
820,JFK,1991-12-20,"[{'name': 'Drama'}, {'name': 'Thriller'}, {'name': 'History'}]"
819,Sleepers,1996-10-18,"[{'name': 'Crime'}, {'name': 'Drama'}, {'name': 'Thriller'}]"
834,Underworld: Evolution,2006-01-12,"[{'name': 'Fantasy'}, {'name': 'Action'}, {'name': 'Thriller'}]"
829,Chinatown,1974-06-20,"[{'name': 'Crime'}, {'name': 'Mystery'}, {'name': 'Thriller'}]"
9032,Big Daddy,1999-06-25,"[{'name': 'Comedy'}, {'name': 'Drama'}]"
814,An American Werewolf in London,1981-08-21,"[{'name': 'Comedy'}, {'name': 'Horror'}]"
824,Moulin Rouge!,2001-05-18,"[{'name': 'Drama'}, {'name': 'Romance'}, {'name': 'Music'}]"
817,Austin Powers: The Spy Who Shagged Me,1999-06-08,"[{'name': 'Comedy'}, {'name': 'Adventure'}, {'name': 'Crime'}]"
353081,Mission: Impossible - Fallout,2018-07-25,"[{'name': 'Action'}, {'name': 'Adventure'}]"
818,Austin Powers in Goldmember,2002-07-26,"[{'name': 'Comedy'}, {'name': 'Crime'}]"
9035,Slither,2006-03-31,"[{'name': 'Horror'}, {'name': 'Science Fiction'}, {'name': 'Comedy'}]"
9008,The Insider,1999-10-28,"[{'name': 'Drama'}, {'name': 'Thriller'}]"
9016,Treasure Planet,2002-11-26,"[{'name': 'Science Fiction'}, {'name': 'Adventure'}, {'name': 'Animation'}, {'name': 'Family'}, {'name': 'Fantasy'}]"
361292,Suspiria,2018-10-26,"[{'name': 'Horror'}, {'name': 'Mystery'}, {'name': 'Drama'}]"
1147710,Hijack 1971,2024-06-21,"[{'name': 'Action'}, {'name': 'Thriller'}, {'name': 'Crime'}]"
837,Videodrome,1983-02-04,"[{'name': 'Horror'}, {'name': 'Science Fiction'}, {'name': 'Mystery'}]"
840,Close Encounters of the Third Kind,1977-12-14,"[{'name': 'Science Fiction'}, {'name': 'Drama'}]"
9023,Spirit: Stallion of the Cimarron,2002-05-24,"[{'name': 'Animation'}, {'name': 'Adventure'}, {'name': 'Family'}, {'name': 'Drama'}, {'name': 'Western'}]"
843,In the Mood for Love,2000-09-29,"[{'name': 'Drama'}, {'name': 'Romance'}]"
846,The X-Files,1998-06-19,"[{'name': 'Mystery'}, {'name': 'Science Fiction'}, {'name': 'Thriller'}]"
839,Duel,1971-12-25,"[{'name': 'Action'}, {'name': 'Thriller'}, {'name': 'TV Movie'}]"
853,Enemy at the Gates,2001-02-28,"[{'name': 'War'}, {'name': 'History'}]"
1106739,Juror #2,2024-10-30,"[{'name': 'Drama'}, {'name': 'Thriller'}]"
854,The Mask,1994-07-29,"[{'name': 'Comedy'}, {'name': 'Fantasy'}, {'name': 'Crime'}, {'name': 'Romance'}]"
857,Saving Private Ryan,1998-07-24,"[{'name': 'War'}, {'name': 'Drama'}, {'name': 'History'}]"
855,Black Hawk Down,2001-12-28,"[{'name': 'Action'}, {'name': 'War'}, {'name': 'History'}]"
847,Willow,1988-05-20,"[{'name': 'Fantasy'}, {'name': 'Adventure'}, {'name': 'Action'}]"
770906,Salaar: Part 1 - Ceasefire,2023-12-21,"[{'name': 'Action'}, {'name': 'Crime'}, {'name': 'Drama'}]"
863,Toy Story 2,1999-10-30,"[{'name': 'Animation'}, {'name': 'Comedy'}, {'name': 'Family'}]"
862,Toy Story,1995-11-22,"[{'name': 'Family'}, {'name': 'Comedy'}, {'name': 'Animation'}, {'name': 'Adventure'}]"
871,Planet of the Apes,1968-02-07,"[{'name': 'Science Fiction'}, {'name': 'Adventure'}, {'name': 'Drama'}, {'name': 'Action'}]"
664413,365 Days,2020-02-07,"[{'name': 'Romance'}, {'name': 'Drama'}, {'name': 'Crime'}]"
9056,Police Story,1985-12-14,"[{'name': 'Action'}, {'name': 'Crime'}, {'name': 'Comedy'}]"
856,Who Framed Roger Rabbit,1988-06-22,"[{'name': 'Fantasy'}, {'name': 'Animation'}, {'name': 'Comedy'}, {'name': 'Crime'}]"
861,Total Recall,1990-06-01,"[{'name': 'Action'}, {'name': 'Adventure'}, {'name': 'Science Fiction'}]"
50014,The Help,2011-08-09,[{'name': 'Drama'}]
860,WarGames,1983-06-03,"[{'name': 'Drama'}, {'name': 'Science Fiction'}, {'name': 'Thriller'}]"
859,Dangerous Liaisons,1988-12-21,"[{'name': 'Drama'}, {'name': 'Romance'}]"
1139566,Through My Window 3: Looking at You,2024-02-23,"[{'name': 'Romance'}, {'name': 'Drama'}, {'name': 'Comedy'}]"
820067,The Quintessential Quintuplets Movie,2022-05-20,"[{'name': 'Animation'}, {'name': 'Comedy'}, {'name': 'Romance'}]"
872,Singin' in the Rain,1952-04-10,"[{'name': 'Comedy'}, {'name': 'Romance'}]"
879,Hook,1991-04-10,"[{'name': 'Adventure'}, {'name': 'Fantasy'}, {'name': 'Comedy'}, {'name': 'Family'}]"
884,Crash,1996-07-17,"[{'name': 'Thriller'}, {'name': 'Drama'}]"
865,The Running Man,1987-11-13,"[{'name': 'Action'}, {'name': 'Thriller'}, {'name': 'Science Fiction'}]"
9066,The Brady Bunch Movie,1995-02-16,"[{'name': 'Family'}, {'name': 'Comedy'}, {'name': 'Romance'}]"
869,Planet of the Apes,2001-07-26,"[{'name': 'Thriller'}, {'name': 'Science Fiction'}, {'name': 'Action'}, {'name': 'Adventure'}]"
881,A Few Good Men,1992-12-11,[{'name': 'Drama'}]
1246049,Dracula,2025-07-30,"[{'name': 'Horror'}, {'name': 'Fantasy'}, {'name': 'Romance'}]"
9078,The Sword in the Stone,1963-12-25,"[{'name': 'Animation'}, {'name': 'Family'}, {'name': 'Fantasy'}]"
303991,Demolition,2016-04-06,"[{'name': 'Comedy'}, {'name': 'Drama'}]"
867,Sliver,1993-05-21,"[{'name': 'Drama'}, {'name': 'Thriller'}]"
9058,Only You,1994-03-04,"[{'name': 'Romance'}, {'name': 'Comedy'}]"
58233,Johnny English Reborn,2011-09-15,"[{'name': 'Crime'}, {'name': 'Action'}, {'name': 'Comedy'}]"
888,The Flintstones,1994-05-27,"[{'name': 'Fantasy'}, {'name': 'Comedy'}, {'name': 'Family'}]"
1426297,Play Dead,2025-03-29,[{'name': 'Horror'}]
9079,Dying Young,1991-06-20,"[{'name': 'Drama'}, {'name': 'Romance'}]"
246655,X-Men: Apocalypse,2016-05-18,"[{'name': 'Science Fiction'}, {'name': 'Fantasy'}, {'name': 'Action'}]"
623491,The Babysitter: Killer Queen,2020-09-10,"[{'name': 'Comedy'}, {'name': 'Horror'}]"
58244,Upside Down,2012-09-27,"[{'name': 'Romance'}, {'name': 'Science Fiction'}, {'name': 'Drama'}, {'name': 'Fantasy'}]"
901,City Lights,1931-02-06,"[{'name': 'Comedy'}, {'name': 'Drama'}, {'name': 'Romance'}]"
1049471,Outcome,2026-04-06,"[{'name': 'Comedy'}, {'name': 'Drama'}]"
9100,The Craft,1996-05-03,"[{'name': 'Horror'}, {'name': 'Drama'}, {'name': 'Fantasy'}]"
25475,Tinker Bell and the Lost Treasure,2009-09-03,"[{'name': 'Animation'}, {'name': 'Family'}, {'name': 'Adventure'}, {'name': 'Fantasy'}]"
903,Cool Hand Luke,1967-11-01,"[{'name': 'Drama'}, {'name': 'Crime'}]"
920,Cars,2006-06-08,"[{'name': 'Animation'}, {'name': 'Adventure'}, {'name': 'Comedy'}, {'name': 'Family'}]"
926606,The Home,2025-07-24,"[{'name': 'Mystery'}, {'name': 'Horror'}, {'name': 'Thriller'}]"
369557,Sing Street,2016-03-11,"[{'name': 'Romance'}, {'name': 'Drama'}, {'name': 'Music'}, {'name': 'Comedy'}]"
295830,Attack on Titan,2015-08-01,"[{'name': 'Horror'}, {'name': 'Action'}, {'name': 'Science Fiction'}]"
9101,Down Periscope,1996-03-01,[{'name': 'Comedy'}]
394117,The Florida Project,2017-10-06,[{'name': 'Drama'}]
484247,A Simple Favor,2018-09-13,"[{'name': 'Thriller'}, {'name': 'Comedy'}, {'name': 'Mystery'}]"
9090,"To Wong Foo, Thanks for Everything! Julie Newmar",1995-09-08,"[{'name': 'Comedy'}, {'name': 'Drama'}]"
921,Cinderella Man,2005-06-02,"[{'name': 'Romance'}, {'name': 'Drama'}, {'name': 'History'}]"
1196943,Chhaava,2025-02-14,"[{'name': 'History'}, {'name': 'Action'}, {'name': 'Drama'}]"
914,The Great Dictator,1940-10-15,"[{'name': 'Comedy'}, {'name': 'War'}]"
312221,Creed,2015-11-25,[{'name': 'Drama'}]
33689,It Takes Two,1995-11-17,"[{'name': 'Comedy'}, {'name': 'Family'}, {'name': 'Romance'}]"
923,Dawn of the Dead,1978-09-02,"[{'name': 'Horror'}, {'name': 'Science Fiction'}]"
924,Dawn of the Dead,2004-03-19,"[{'name': 'Horror'}, {'name': 'Science Fiction'}]"
811941,Devara: Part 1,2024-09-26,"[{'name': 'Action'}, {'name': 'Drama'}]"
402331,Hard Target 2,2016-07-14,"[{'name': 'Action'}, {'name': 'Thriller'}]"
929,Godzilla,1998-05-20,"[{'name': 'Science Fiction'}, {'name': 'Action'}, {'name': 'Thriller'}]"
287649,Scarlet Innocence,2014-10-02,"[{'name': 'Thriller'}, {'name': 'Drama'}, {'name': 'Romance'}]"
928,Gremlins 2: The New Batch,1990-06-15,"[{'name': 'Comedy'}, {'name': 'Horror'}, {'name': 'Fantasy'}]"
927,Gremlins,1984-06-08,"[{'name': 'Fantasy'}, {'name': 'Horror'}, {'name': 'Comedy'}]"
926,Galaxy Quest,1999-12-25,"[{'name': 'Comedy'}, {'name': 'Science Fiction'}, {'name': 'Adventure'}]"
944,Lethal Weapon 4,1998-07-10,"[{'name': 'Action'}, {'name': 'Crime'}, {'name': 'Thriller'}]"
948,Halloween,1978-10-24,"[{'name': 'Horror'}, {'name': 'Thriller'}]"
942,Lethal Weapon 2,1989-07-07,"[{'name': 'Action'}, {'name': 'Thriller'}, {'name': 'Crime'}]"
941,Lethal Weapon,1987-03-06,"[{'name': 'Action'}, {'name': 'Thriller'}, {'name': 'Crime'}]"
938,For a Few Dollars More,1965-12-18,[{'name': 'Western'}]
935,Dr. Strangelove or: How I Learned to Stop Worrying and Love the Bomb,1964-01-29,"[{'name': 'Comedy'}, {'name': 'War'}]"
943,Lethal Weapon 3,1992-05-15,"[{'name': 'Action'}, {'name': 'Thriller'}, {'name': 'Crime'}]"
1401778,Turbulence,2025-11-26,"[{'name': 'Thriller'}, {'name': 'Action'}, {'name': 'Adventure'}, {'name': 'Drama'}, {'name': 'Fantasy'}]"
947,Lawrence of Arabia,1962-12-11,"[{'name': 'Adventure'}, {'name': 'History'}, {'name': 'War'}]"
955,Mission: Impossible II,2000-05-24,"[{'name': 'Adventure'}, {'name': 'Action'}, {'name': 'Thriller'}]"
949,Heat,1995-12-15,"[{'name': 'Crime'}, {'name': 'Drama'}, {'name': 'Action'}]"
25538,Yi Yi,2000-09-20,[{'name': 'Drama'}]
17335,Obsessed,2009-02-26,"[{'name': 'Drama'}, {'name': 'Thriller'}]"
639933,The Northman,2022-04-07,"[{'name': 'Action'}, {'name': 'Adventure'}, {'name': 'Fantasy'}]"
1491902,Bang,2025-07-11,"[{'name': 'Action'}, {'name': 'Thriller'}]"
500664,Upgrade,2018-05-31,"[{'name': 'Action'}, {'name': 'Thriller'}, {'name': 'Science Fiction'}]"
957,Spaceballs,1987-06-24,"[{'name': 'Comedy'}, {'name': 'Science Fiction'}]"
954,Mission: Impossible,1996-05-22,"[{'name': 'Adventure'}, {'name': 'Action'}, {'name': 'Thriller'}]"
953,Madagascar,2005-05-25,"[{'name': 'Adventure'}, {'name': 'Animation'}, {'name': 'Comedy'}, {'name': 'Family'}]"
950,Ice Age: The Meltdown,2006-03-29,"[{'name': 'Animation'}, {'name': 'Family'}, {'name': 'Comedy'}, {'name': 'Adventure'}]"
1033148,Die My Love,2025-10-06,[{'name': 'Drama'}]
467905,How to Make a Killing,2026-02-16,"[{'name': 'Comedy'}, {'name': 'Thriller'}]"
966,The Magnificent Seven,1960-10-12,[{'name': 'Western'}]
967,Spartacus,1960-10-13,"[{'name': 'History'}, {'name': 'War'}, {'name': 'Drama'}, {'name': 'Adventure'}]"
205775,In the Heart of the Sea,2015-12-03,"[{'name': 'Thriller'}, {'name': 'Drama'}, {'name': 'Adventure'}, {'name': 'Action'}, {'name': 'History'}]"
956,Mission: Impossible III,2006-04-25,"[{'name': 'Adventure'}, {'name': 'Action'}, {'name': 'Thriller'}]"
82881,Tangled Ever After,2012-01-13,"[{'name': 'Animation'}, {'name': 'Comedy'}, {'name': 'Action'}, {'name': 'Family'}]"
263115,Logan,2017-02-28,"[{'name': 'Action'}, {'name': 'Drama'}, {'name': 'Science Fiction'}]"
975,Paths of Glory,1957-10-25,"[{'name': 'War'}, {'name': 'Drama'}]"
984,Dirty Harry,1971-12-23,"[{'name': 'Action'}, {'name': 'Crime'}, {'name': 'Thriller'}]"
979,Irreversible,2002-05-22,"[{'name': 'Drama'}, {'name': 'Thriller'}, {'name': 'Crime'}]"
336843,Maze Runner: The Death Cure,2018-01-10,"[{'name': 'Science Fiction'}, {'name': 'Action'}, {'name': 'Adventure'}, {'name': 'Thriller'}]"
968,Dog Day Afternoon,1975-09-21,"[{'name': 'Crime'}, {'name': 'Drama'}, {'name': 'Thriller'}]"
978,Seven Years in Tibet,1997-09-12,"[{'name': 'Adventure'}, {'name': 'Drama'}, {'name': 'History'}]"
1287141,Pillion,2025-11-28,"[{'name': 'Romance'}, {'name': 'Drama'}, {'name': 'Comedy'}]"
1319895,Hostile Takeover,2025-08-08,"[{'name': 'Action'}, {'name': 'Comedy'}, {'name': 'Thriller'}]"
803796,KPop Demon Hunters,2025-06-20,"[{'name': 'Fantasy'}, {'name': 'Music'}, {'name': 'Comedy'}, {'name': 'Animation'}]"
508883,The Boy and the Heron,2023-07-14,"[{'name': 'Animation'}, {'name': 'Fantasy'}, {'name': 'Drama'}]"
467938,Revenge,2017-11-18,"[{'name': 'Action'}, {'name': 'Horror'}, {'name': 'Thriller'}, {'name': 'Drama'}]"
1278950,The Ritual,2025-04-18,"[{'name': 'Horror'}, {'name': 'Drama'}, {'name': 'Thriller'}]"
713704,Evil Dead Rise,2023-04-12,"[{'name': 'Horror'}, {'name': 'Thriller'}]"
672741,Till Death,2021-07-02,"[{'name': 'Horror'}, {'name': 'Thriller'}]"
1639398,Mexican Psycho,2026-03-19,"[{'name': 'Thriller'}, {'name': 'Horror'}]"
1205229,Night of the Zoopocalypse,2025-01-23,"[{'name': 'Animation'}, {'name': 'Comedy'}, {'name': 'Horror'}, {'name': 'Adventure'}, {'name': 'Science Fiction'}, {'name': 'Family'}]"
541671,Ballerina,2025-06-04,"[{'name': 'Action'}, {'name': 'Thriller'}, {'name': 'Crime'}]"
1018,Mulholland Drive,2001-06-06,"[{'name': 'Thriller'}, {'name': 'Drama'}, {'name': 'Mystery'}]"
639988,No Other Choice,2025-09-24,"[{'name': 'Comedy'}, {'name': 'Crime'}, {'name': 'Thriller'}]"
812037,Last Summer,2023-09-13,[{'name': 'Drama'}]
9208,Broken Arrow,1996-02-09,"[{'name': 'Action'}, {'name': 'Thriller'}]"
508935,The Eight Hundred,2020-08-14,"[{'name': 'War'}, {'name': 'History'}, {'name': 'Drama'}, {'name': 'Action'}]"
533533,TRON: Ares,2025-10-08,"[{'name': 'Science Fiction'}, {'name': 'Adventure'}, {'name': 'Action'}]"
17422,Summer Palace,2006-05-18,"[{'name': 'Drama'}, {'name': 'Romance'}]"
140300,Kung Fu Panda 3,2016-01-23,"[{'name': 'Animation'}, {'name': 'Action'}, {'name': 'Adventure'}, {'name': 'Comedy'}, {'name': 'Family'}]"
533514,Violet Evergarden: The Movie,2020-09-18,"[{'name': 'Animation'}, {'name': 'Drama'}, {'name': 'Fantasy'}, {'name': 'Romance'}]"
402431,Wicked,2024-10-16,"[{'name': 'Drama'}, {'name': 'Romance'}, {'name': 'Fantasy'}]"
508947,Turning Red,2022-03-10,"[{'name': 'Animation'}, {'name': 'Family'}, {'name': 'Comedy'}, {'name': 'Fantasy'}]"
508943,Luca,2021-06-17,"[{'name': 'Animation'}, {'name': 'Comedy'}, {'name': 'Drama'}, {'name': 'Family'}, {'name': 'Fantasy'}]"
533535,Deadpool & Wolverine,2024-07-24,"[{'name': 'Action'}, {'name': 'Comedy'}, {'name': 'Science Fiction'}]"
508965,Klaus,2019-11-08,"[{'name': 'Animation'}, {'name': 'Family'}, {'name': 'Comedy'}]"
615453,Ne Zha,2019-07-26,"[{'name': 'Animation'}, {'name': 'Fantasy'}, {'name': 'Adventure'}]"
615457,Nobody,2021-03-18,"[{'name': 'Action'}, {'name': 'Thriller'}]"
238615,Self/less,2015-07-10,"[{'name': 'Science Fiction'}, {'name': 'Action'}, {'name': 'Thriller'}]"
574475,Final Destination Bloodlines,2025-05-14,"[{'name': 'Horror'}, {'name': 'Mystery'}]"
631843,Old,2021-07-21,"[{'name': 'Thriller'}, {'name': 'Mystery'}, {'name': 'Horror'}]"
1410082,Sniper: The Last Stand,2025-01-21,"[{'name': 'Action'}, {'name': 'Thriller'}]"
17431,Moon,2009-06-12,"[{'name': 'Science Fiction'}, {'name': 'Drama'}]"
1051,The French Connection,1971-10-09,"[{'name': 'Action'}, {'name': 'Crime'}, {'name': 'Thriller'}]"
9257,S.W.A.T.,2003-08-08,"[{'name': 'Action'}, {'name': 'Thriller'}, {'name': 'Crime'}]"
42006,Red Sorghum,1988-10-10,"[{'name': 'Drama'}, {'name': 'Romance'}, {'name': 'History'}]"
9255,Hot Shots! Part Deux,1993-05-21,"[{'name': 'Action'}, {'name': 'Comedy'}, {'name': 'War'}]"
1295400,The Last Viking,2025-10-09,"[{'name': 'Comedy'}, {'name': 'Crime'}, {'name': 'Drama'}]"
25642,Ben 10: Alien Swarm,2009-11-15,"[{'name': 'Action'}, {'name': 'TV Movie'}, {'name': 'Science Fiction'}]"
238636,The Purge: Anarchy,2014-07-17,"[{'name': 'Horror'}, {'name': 'Thriller'}]"
17467,Riki-Oh: The Story of Ricky,1991-10-05,"[{'name': 'Action'}, {'name': 'Science Fiction'}, {'name': 'Horror'}]"
9277,The Sting,1973-12-25,"[{'name': 'Comedy'}, {'name': 'Crime'}, {'name': 'Drama'}]"
1073,Arlington Road,1999-03-19,"[{'name': 'Crime'}, {'name': 'Drama'}, {'name': 'Thriller'}, {'name': 'Mystery'}]"
9273,Ace Ventura: When Nature Calls,1995-11-10,"[{'name': 'Crime'}, {'name': 'Comedy'}, {'name': 'Adventure'}]"
9286,Final Destination 3,2006-02-09,"[{'name': 'Horror'}, {'name': 'Mystery'}]"
9279,Jingle All the Way,1996-11-21,"[{'name': 'Family'}, {'name': 'Adventure'}, {'name': 'Comedy'}]"
1091,The Thing,1982-06-25,"[{'name': 'Horror'}, {'name': 'Mystery'}, {'name': 'Science Fiction'}]"
9285,Road Trip,2000-05-19,"[{'name': 'Comedy'}, {'name': 'Adventure'}]"
9276,The Faculty,1998-12-25,"[{'name': 'Horror'}, {'name': 'Science Fiction'}]"
9268,Eraser,1996-06-21,"[{'name': 'Action'}, {'name': 'Mystery'}, {'name': 'Thriller'}]"
1089,Point Break,1991-07-12,"[{'name': 'Action'}, {'name': 'Thriller'}, {'name': 'Crime'}]"
9289,The Longest Day,1962-09-25,"[{'name': 'War'}, {'name': 'Action'}, {'name': 'Drama'}]"
9297,Monster House,2006-06-30,"[{'name': 'Animation'}, {'name': 'Comedy'}, {'name': 'Family'}, {'name': 'Fantasy'}]"
9313,The Man in the Iron Mask,1998-03-12,"[{'name': 'Adventure'}, {'name': 'Action'}, {'name': 'Drama'}]"
1103,Escape from New York,1981-05-23,"[{'name': 'Action'}, {'name': 'Thriller'}, {'name': 'Science Fiction'}]"
9293,John Tucker Must Die,2006-07-27,"[{'name': 'Comedy'}, {'name': 'Romance'}]"
853088,Happier Than Ever: A Love Letter to Los Angeles,2021-09-03,"[{'name': 'Music'}, {'name': 'Documentary'}]"
9303,Bound,1996-09-13,"[{'name': 'Drama'}, {'name': 'Thriller'}, {'name': 'Crime'}]"
25676,Rob-B-Hood,2006-09-28,"[{'name': 'Drama'}, {'name': 'Action'}, {'name': 'Comedy'}]"
9291,The Longest Yard,2005-05-27,"[{'name': 'Drama'}, {'name': 'Comedy'}, {'name': 'Crime'}]"
1197137,Black Phone 2,2025-10-15,"[{'name': 'Horror'}, {'name': 'Thriller'}]"
762975,Purple Hearts,2022-07-29,"[{'name': 'Romance'}, {'name': 'Drama'}]"
9294,Phenomenon,1996-07-05,"[{'name': 'Drama'}, {'name': 'Romance'}, {'name': 'Fantasy'}]"
9312,Mortal Kombat,1995-08-18,"[{'name': 'Action'}, {'name': 'Fantasy'}]"
9316,Ong-Bak,2003-01-31,"[{'name': 'Action'}, {'name': 'Crime'}, {'name': 'Thriller'}]"
9326,Romancing the Stone,1984-03-30,"[{'name': 'Romance'}, {'name': 'Comedy'}, {'name': 'Action'}, {'name': 'Adventure'}]"
1124,The Prestige,2006-10-19,"[{'name': 'Drama'}, {'name': 'Mystery'}, {'name': 'Science Fiction'}]"
9319,The Last Boy Scout,1991-12-13,"[{'name': 'Action'}, {'name': 'Thriller'}]"
9327,The Nutty Professor,1996-06-28,"[{'name': 'Comedy'}, {'name': 'Science Fiction'}, {'name': 'Romance'}]"
9323,Ghost in the Shell,1995-11-18,"[{'name': 'Action'}, {'name': 'Animation'}, {'name': 'Science Fiction'}]"
1139817,Officer Black Belt,2024-09-12,"[{'name': 'Action'}, {'name': 'Comedy'}, {'name': 'Crime'}]"
9325,The Jungle Book,1967-10-18,"[{'name': 'Family'}, {'name': 'Animation'}, {'name': 'Adventure'}]"
238713,Spy,2015-05-06,"[{'name': 'Action'}, {'name': 'Comedy'}, {'name': 'Crime'}]"
9340,The Goonies,1985-06-07,"[{'name': 'Adventure'}, {'name': 'Comedy'}, {'name': 'Family'}]"
9342,The Mask of Zorro,1998-07-16,"[{'name': 'Action'}, {'name': 'Adventure'}]"
9335,Transporter 2,2005-08-03,"[{'name': 'Action'}, {'name': 'Thriller'}, {'name': 'Crime'}]"
9334,The Scorpion King,2002-04-18,"[{'name': 'Action'}, {'name': 'Adventure'}, {'name': 'Fantasy'}]"
173185,It Boy,2013-03-06,[{'name': 'Comedy'}]
9339,Click,2006-06-23,"[{'name': 'Comedy'}, {'name': 'Drama'}, {'name': 'Fantasy'}]"
9331,Clear and Present Danger,1994-08-03,"[{'name': 'Action'}, {'name': 'Drama'}, {'name': 'Thriller'}]"
9336,Police Academy,1984-03-22,"[{'name': 'Comedy'}, {'name': 'Crime'}]"
17529,True Grit,1969-06-11,[{'name': 'Western'}]
1164,Babel,2006-10-26,[{'name': 'Drama'}]
9353,Nacho Libre,2006-06-16,"[{'name': 'Comedy'}, {'name': 'Action'}, {'name': 'Family'}]"
9348,Species,1995-07-07,"[{'name': 'Science Fiction'}, {'name': 'Horror'}, {'name': 'Action'}]"
9341,The Core,2003-03-28,"[{'name': 'Science Fiction'}, {'name': 'Adventure'}, {'name': 'Thriller'}]"
9350,Cliffhanger,1993-05-28,"[{'name': 'Action'}, {'name': 'Adventure'}, {'name': 'Thriller'}]"
9355,Mad Max Beyond Thunderdome,1985-06-29,"[{'name': 'Action'}, {'name': 'Adventure'}, {'name': 'Science Fiction'}]"
877703,Teen Wolf: The Movie,2023-01-18,"[{'name': 'Action'}, {'name': 'Fantasy'}, {'name': 'TV Movie'}]"
9361,The Last of the Mohicans,1992-08-26,"[{'name': 'Action'}, {'name': 'History'}, {'name': 'Romance'}, {'name': 'War'}]"
132232,Mama,2013-01-17,[{'name': 'Horror'}]
9352,EuroTrip,2004-02-20,[{'name': 'Comedy'}]
640146,Ant-Man and the Wasp: Quantumania,2023-02-15,"[{'name': 'Action'}, {'name': 'Adventure'}, {'name': 'Science Fiction'}]"
9362,Tremors,1990-01-19,"[{'name': 'Horror'}, {'name': 'Science Fiction'}, {'name': 'Comedy'}]"
9373,The Texas Chainsaw Massacre,2003-05-21,[{'name': 'Horror'}]
476292,Maquia: When the Promised Flower Blooms,2018-02-24,"[{'name': 'Animation'}, {'name': 'Drama'}, {'name': 'Fantasy'}]"
9360,Anaconda,1997-04-11,"[{'name': 'Adventure'}, {'name': 'Horror'}, {'name': 'Thriller'}]"
9359,Maverick,1994-05-20,"[{'name': 'Action'}, {'name': 'Adventure'}, {'name': 'Comedy'}, {'name': 'Drama'}, {'name': 'Western'}]"
476299,Ghostland,2018-03-14,"[{'name': 'Horror'}, {'name': 'Mystery'}, {'name': 'Thriller'}]"
763025,Never Back Down: Revolt,2021-11-15,[{'name': 'Action'}]
1180831,Troll 2,2025-11-30,"[{'name': 'Action'}, {'name': 'Fantasy'}, {'name': 'Thriller'}]"
296096,Me Before You,2016-06-01,"[{'name': 'Drama'}, {'name': 'Romance'}]"
9366,Donnie Brasco,1997-02-27,"[{'name': 'Crime'}, {'name': 'Drama'}, {'name': 'Thriller'}]"
9377,Ferris Bueller's Day Off,1986-06-11,[{'name': 'Comedy'}]
9358,Final Destination 2,2003-01-31,"[{'name': 'Horror'}, {'name': 'Mystery'}]"
9378,Thir13en Ghosts,2001-10-25,"[{'name': 'Horror'}, {'name': 'Thriller'}]"
296098,Bridge of Spies,2015-10-15,"[{'name': 'Thriller'}, {'name': 'Drama'}]"
967847,Ghostbusters: Frozen Empire,2024-03-20,"[{'name': 'Fantasy'}, {'name': 'Adventure'}, {'name': 'Comedy'}]"
9374,Death Becomes Her,1992-07-30,"[{'name': 'Comedy'}, {'name': 'Fantasy'}, {'name': 'Horror'}]"
1352874,The Crucifix: Blood of the Exorcist,2025-01-09,[{'name': 'Horror'}]
9383,Hollow Man,2000-08-04,"[{'name': 'Action'}, {'name': 'Science Fiction'}, {'name': 'Thriller'}]"
197796,Beauty and the Beast,2014-02-12,"[{'name': 'Fantasy'}, {'name': 'Romance'}]"
296099,Vacation,2015-07-28,"[{'name': 'Comedy'}, {'name': 'Adventure'}]"
9387,Conan the Barbarian,1982-03-16,"[{'name': 'Adventure'}, {'name': 'Fantasy'}, {'name': 'Action'}]"
9386,In the Line of Fire,1993-07-08,"[{'name': 'Action'}, {'name': 'Drama'}, {'name': 'Thriller'}, {'name': 'Crime'}, {'name': 'Mystery'}]"
17581,Naruto Shippuden the Movie: Bonds,2008-08-02,"[{'name': 'Fantasy'}, {'name': 'Animation'}, {'name': 'Action'}]"
9392,The Descent,2005-07-08,"[{'name': 'Adventure'}, {'name': 'Horror'}]"
17578,The Adventures of Tintin,2011-10-24,"[{'name': 'Adventure'}, {'name': 'Animation'}, {'name': 'Mystery'}]"
926899,The House,2022-01-14,"[{'name': 'Animation'}, {'name': 'Drama'}, {'name': 'Comedy'}, {'name': 'Horror'}, {'name': 'Fantasy'}]"
9390,Jerry Maguire,1996-12-13,"[{'name': 'Comedy'}, {'name': 'Drama'}, {'name': 'Romance'}]"
9388,Thank You for Smoking,2005-09-09,"[{'name': 'Comedy'}, {'name': 'Drama'}]"
9395,Above the Law,1988-04-08,"[{'name': 'Action'}, {'name': 'Crime'}, {'name': 'Drama'}, {'name': 'Mystery'}, {'name': 'Thriller'}]"
91314,Transformers: Age of Extinction,2014-06-25,"[{'name': 'Science Fiction'}, {'name': 'Action'}, {'name': 'Adventure'}]"
664767,Mortal Kombat Legends: Scorpion's Revenge,2020-04-12,"[{'name': 'Animation'}, {'name': 'Action'}, {'name': 'Fantasy'}]"
566451,Re:ZERO -Starting Life in Another World- The Frozen Bond,2019-11-08,"[{'name': 'Animation'}, {'name': 'Drama'}, {'name': 'Fantasy'}]"
812225,Black Clover: Sword of the Wizard King,2023-06-16,"[{'name': 'Animation'}, {'name': 'Fantasy'}, {'name': 'Action'}, {'name': 'Adventure'}]"
9394,They Call Me Trinity,1970-12-22,"[{'name': 'Action'}, {'name': 'Comedy'}, {'name': 'Western'}]"
9399,Lionheart,1990-06-07,[{'name': 'Action'}]
9404,Police Story 4: First Strike,1996-02-10,"[{'name': 'Action'}, {'name': 'Adventure'}, {'name': 'Comedy'}, {'name': 'Crime'}, {'name': 'Drama'}, {'name': 'Thriller'}]"
50359,Hop,2011-03-30,"[{'name': 'Animation'}, {'name': 'Comedy'}, {'name': 'Family'}]"
9398,Zoolander,2001-09-28,[{'name': 'Comedy'}]
951491,Saw X,2023-09-27,"[{'name': 'Horror'}, {'name': 'Mystery'}]"
9397,Evolution,2001-06-08,"[{'name': 'Comedy'}, {'name': 'Science Fiction'}, {'name': 'Action'}]"
9411,Fallen,1998-01-16,"[{'name': 'Crime'}, {'name': 'Drama'}, {'name': 'Thriller'}]"
17609,Antichrist,2009-05-20,"[{'name': 'Drama'}, {'name': 'Horror'}, {'name': 'Thriller'}]"
287947,Shazam!,2019-03-29,"[{'name': 'Action'}, {'name': 'Comedy'}, {'name': 'Fantasy'}]"
287948,The Transporter Refueled,2015-09-02,"[{'name': 'Action'}, {'name': 'Thriller'}, {'name': 'Crime'}]"
9408,Surf's Up,2007-06-08,"[{'name': 'Animation'}, {'name': 'Comedy'}, {'name': 'Family'}]"
1041613,Immaculate,2024-03-20,"[{'name': 'Horror'}, {'name': 'Mystery'}, {'name': 'Thriller'}]"
378064,A Silent Voice: The Movie,2016-09-17,"[{'name': 'Animation'}, {'name': 'Drama'}, {'name': 'Romance'}]"
58574,Sherlock Holmes: A Game of Shadows,2011-11-22,"[{'name': 'Adventure'}, {'name': 'Mystery'}, {'name': 'Crime'}]"
34000,The Million Pound Note,1954-01-07,[{'name': 'Comedy'}]
1107166,Psycho Killer,2026-02-19,"[{'name': 'Crime'}, {'name': 'Horror'}, {'name': 'Mystery'}]"
9428,The Royal Tenenbaums,2001-10-05,"[{'name': 'Comedy'}, {'name': 'Drama'}]"
910571,Fair Play,2023-09-28,"[{'name': 'Drama'}, {'name': 'Thriller'}, {'name': 'Romance'}]"
1250,Ghost Rider,2007-01-15,"[{'name': 'Thriller'}, {'name': 'Action'}, {'name': 'Fantasy'}]"
353486,Jumanji: Welcome to the Jungle,2017-12-09,"[{'name': 'Adventure'}, {'name': 'Comedy'}, {'name': 'Fantasy'}, {'name': 'Action'}]"
353491,The Dark Tower,2017-08-03,"[{'name': 'Fantasy'}, {'name': 'Action'}, {'name': 'Science Fiction'}]"
894169,Vendetta,2022-05-17,"[{'name': 'Action'}, {'name': 'Crime'}]"
9426,The Fly,1986-08-15,"[{'name': 'Horror'}, {'name': 'Science Fiction'}]"
34016,She's Out of My League,2010-03-11,"[{'name': 'Romance'}, {'name': 'Comedy'}]"
369885,Allied,2016-11-23,"[{'name': 'Action'}, {'name': 'Drama'}, {'name': 'War'}, {'name': 'Romance'}, {'name': 'Thriller'}]"
9444,Anastasia,1997-11-20,"[{'name': 'Animation'}, {'name': 'Family'}, {'name': 'Fantasy'}, {'name': 'Adventure'}]"
9433,The Edge,1997-09-06,"[{'name': 'Action'}, {'name': 'Adventure'}, {'name': 'Drama'}]"
1131759,Omniscient Reader: The Prophecy,2025-07-23,"[{'name': 'Action'}, {'name': 'Adventure'}, {'name': 'Fantasy'}]"
1255,The Host,2006-07-27,"[{'name': 'Horror'}, {'name': 'Drama'}, {'name': 'Science Fiction'}]"
615656,Meg 2: The Trench,2023-08-02,"[{'name': 'Action'}, {'name': 'Science Fiction'}, {'name': 'Horror'}]"
58595,Snow White and the Huntsman,2012-05-30,"[{'name': 'Adventure'}, {'name': 'Fantasy'}, {'name': 'Drama'}]"
9453,Caligula,1979-08-14,"[{'name': 'Drama'}, {'name': 'History'}]"
9437,Kiss the Girls,1997-09-29,"[{'name': 'Thriller'}, {'name': 'Crime'}, {'name': 'Mystery'}, {'name': 'Drama'}]"
1265,Bridge to Terabithia,2007-02-15,"[{'name': 'Adventure'}, {'name': 'Drama'}, {'name': 'Family'}]"
9454,EverAfter,1998-07-31,"[{'name': 'Drama'}, {'name': 'Romance'}, {'name': 'Comedy'}]"
1271,300,2007-03-07,"[{'name': 'Action'}, {'name': 'Adventure'}, {'name': 'War'}]"
1267,Meet the Robinsons,2007-03-23,"[{'name': 'Animation'}, {'name': 'Comedy'}, {'name': 'Family'}, {'name': 'Science Fiction'}, {'name': 'Adventure'}]"
787699,Wonka,2023-12-06,"[{'name': 'Comedy'}, {'name': 'Family'}, {'name': 'Fantasy'}]"
1246,Rocky Balboa,2006-12-20,[{'name': 'Drama'}]
17654,District 9,2009-08-05,[{'name': 'Science Fiction'}]
9457,Deep Rising,1998-01-30,"[{'name': 'Adventure'}, {'name': 'Action'}, {'name': 'Horror'}, {'name': 'Science Fiction'}]"
9462,The Way of the Dragon,1972-12-30,"[{'name': 'Action'}, {'name': 'Crime'}]"
74997,The Human Centipede 2 (Full Sequence),2011-10-06,"[{'name': 'Drama'}, {'name': 'Horror'}, {'name': 'Crime'}]"
877817,Wolfs,2024-09-20,"[{'name': 'Crime'}, {'name': 'Comedy'}]"
1197306,A Working Man,2025-03-26,"[{'name': 'Action'}, {'name': 'Crime'}, {'name': 'Thriller'}]"
9475,Scent of a Woman,1992-12-23,[{'name': 'Drama'}]
1115395,Colors of Evil: Red,2024-05-29,"[{'name': 'Crime'}, {'name': 'Thriller'}, {'name': 'Mystery'}]"
9472,DodgeBall: A True Underdog Story,2004-06-18,[{'name': 'Comedy'}]
9461,Enter the Dragon,1973-08-17,[{'name': 'Action'}]
967941,Wicked: For Good,2025-11-19,"[{'name': 'Fantasy'}, {'name': 'Adventure'}, {'name': 'Romance'}]"
9476,A Knight's Tale,2001-05-11,"[{'name': 'Adventure'}, {'name': 'Drama'}, {'name': 'Romance'}, {'name': 'Action'}]"
615677,We Can Be Heroes,2020-12-25,"[{'name': 'Family'}, {'name': 'Action'}, {'name': 'Fantasy'}, {'name': 'Comedy'}]"
566525,Shang-Chi and the Legend of the Ten Rings,2021-09-01,"[{'name': 'Action'}, {'name': 'Adventure'}, {'name': 'Fantasy'}]"
1272,Sunshine,2007-04-05,"[{'name': 'Science Fiction'}, {'name': 'Thriller'}]"
9486,Johnny English,2003-03-14,"[{'name': 'Adventure'}, {'name': 'Action'}, {'name': 'Comedy'}]"
9480,Daredevil,2003-02-14,"[{'name': 'Fantasy'}, {'name': 'Action'}]"
9470,Kung Fu Hustle,2004-02-10,"[{'name': 'Action'}, {'name': 'Comedy'}, {'name': 'Crime'}, {'name': 'Fantasy'}]"
804095,The Fabelmans,2022-11-11,[{'name': 'Drama'}]
337167,Fifty Shades Freed,2018-01-17,"[{'name': 'Drama'}, {'name': 'Romance'}]"
1205515,"Sorry, Baby",2025-06-27,"[{'name': 'Drama'}, {'name': 'Comedy'}]"
9477,King Arthur,2004-07-07,"[{'name': 'Adventure'}, {'name': 'War'}, {'name': 'History'}, {'name': 'Action'}, {'name': 'Drama'}]"
9479,The Nightmare Before Christmas,1993-10-09,"[{'name': 'Fantasy'}, {'name': 'Animation'}, {'name': 'Family'}]"
1278,The Dreamers,2003-10-10,"[{'name': 'Drama'}, {'name': 'Romance'}]"
9481,The Bone Collector,1999-11-04,"[{'name': 'Crime'}, {'name': 'Thriller'}, {'name': 'Drama'}, {'name': 'Mystery'}]"
9482,Judge Dredd,1995-06-30,"[{'name': 'Science Fiction'}, {'name': 'Action'}]"
9487,A Bug's Life,1998-11-25,"[{'name': 'Adventure'}, {'name': 'Animation'}, {'name': 'Comedy'}, {'name': 'Family'}]"
9489,You've Got Mail,1998-12-18,"[{'name': 'Comedy'}, {'name': 'Romance'}]"
337170,American Made,2017-08-18,"[{'name': 'Comedy'}, {'name': 'Crime'}, {'name': 'Drama'}]"
361743,Top Gun: Maverick,2022-05-21,"[{'name': 'Action'}, {'name': 'Drama'}]"
9493,Twins,1988-12-09,[{'name': 'Comedy'}]
9488,Spy Kids 2: The Island of Lost Dreams,2002-08-07,"[{'name': 'Family'}, {'name': 'Action'}, {'name': 'Adventure'}, {'name': 'Comedy'}, {'name': 'Science Fiction'}]"
1107216,Pets on a Train,2025-07-02,"[{'name': 'Animation'}, {'name': 'Comedy'}, {'name': 'Adventure'}, {'name': 'Thriller'}]"
17692,Jaws 3-D,1983-07-22,"[{'name': 'Thriller'}, {'name': 'Horror'}]"
787752,Fresh,2022-03-03,"[{'name': 'Horror'}, {'name': 'Thriller'}]"
42269,We All Loved Each Other So Much,1974-12-21,"[{'name': 'Drama'}, {'name': 'Comedy'}]"
9516,Menace II Society,1993-05-26,"[{'name': 'Drama'}, {'name': 'Crime'}, {'name': 'Thriller'}]"
820525,After Everything,2023-09-13,"[{'name': 'Romance'}, {'name': 'Drama'}]"
263472,Knock Knock,2015-06-26,"[{'name': 'Horror'}, {'name': 'Thriller'}, {'name': 'Crime'}]"
804150,Cocaine Bear,2023-02-22,"[{'name': 'Thriller'}, {'name': 'Comedy'}, {'name': 'Crime'}]"
9522,Wedding Crashers,2005-07-13,"[{'name': 'Comedy'}, {'name': 'Romance'}]"
9506,Anger Management,2003-04-11,[{'name': 'Comedy'}]
369972,First Man,2018-10-10,"[{'name': 'History'}, {'name': 'Drama'}]"
484641,Anna,2019-06-19,"[{'name': 'Action'}, {'name': 'Adventure'}, {'name': 'Thriller'}]"
9495,The Crow,1994-05-11,"[{'name': 'Fantasy'}, {'name': 'Action'}, {'name': 'Thriller'}]"
181533,Night at the Museum: Secret of the Tomb,2014-12-17,"[{'name': 'Adventure'}, {'name': 'Comedy'}, {'name': 'Fantasy'}, {'name': 'Family'}]"
9509,Man on Fire,2004-04-23,"[{'name': 'Action'}, {'name': 'Drama'}, {'name': 'Thriller'}]"
9502,Kung Fu Panda,2008-06-04,"[{'name': 'Action'}, {'name': 'Animation'}, {'name': 'Comedy'}, {'name': 'Family'}]"
42297,Burlesque,2010-11-23,"[{'name': 'Drama'}, {'name': 'Romance'}]"
1008953,Incoming,2024-08-22,[{'name': 'Comedy'}]
550205,Wish Dragon,2021-01-15,"[{'name': 'Animation'}, {'name': 'Family'}, {'name': 'Comedy'}, {'name': 'Fantasy'}, {'name': 'Romance'}, {'name': 'Adventure'}]"
9530,RV,2006-04-28,"[{'name': 'Family'}, {'name': 'Comedy'}, {'name': 'Adventure'}]"
9532,Final Destination,2000-03-17,[{'name': 'Horror'}]
140607,Star Wars: The Force Awakens,2015-12-15,"[{'name': 'Adventure'}, {'name': 'Action'}, {'name': 'Science Fiction'}]"
9539,Martyrs,2008-06-12,"[{'name': 'Horror'}, {'name': 'Drama'}, {'name': 'Thriller'}]"
9542,The Hitcher,1986-01-17,"[{'name': 'Horror'}, {'name': 'Action'}, {'name': 'Thriller'}]"
9543,Prince of Persia: The Sands of Time,2010-05-19,"[{'name': 'Adventure'}, {'name': 'Fantasy'}, {'name': 'Action'}]"
763215,Damsel,2024-03-07,"[{'name': 'Fantasy'}, {'name': 'Action'}, {'name': 'Adventure'}]"
107846,Escape Plan,2013-10-09,"[{'name': 'Action'}, {'name': 'Thriller'}]"
1359,American Psycho,2000-04-13,"[{'name': 'Thriller'}, {'name': 'Drama'}, {'name': 'Crime'}]"
9550,House of Flying Daggers,2004-08-03,"[{'name': 'Adventure'}, {'name': 'Drama'}, {'name': 'Action'}]"
1370,Rambo III,1988-05-24,"[{'name': 'Action'}, {'name': 'Adventure'}, {'name': 'Thriller'}, {'name': 'War'}]"
1364,Sex and Lucía,2001-08-24,"[{'name': 'Drama'}, {'name': 'Romance'}]"
1017163,The Roundup: Punishment,2024-04-24,"[{'name': 'Action'}, {'name': 'Crime'}, {'name': 'Thriller'}, {'name': 'Comedy'}]"
451915,Beautiful Boy,2018-10-12,[{'name': 'Drama'}]
1367,Rocky II,1979-06-15,[{'name': 'Drama'}]
9552,The Exorcist,1973-12-26,"[{'name': 'Horror'}, {'name': 'Drama'}]"
1368,First Blood,1982-10-22,"[{'name': 'Action'}, {'name': 'Adventure'}, {'name': 'Thriller'}, {'name': 'War'}]"
1372,Blood Diamond,2006-12-08,"[{'name': 'Drama'}, {'name': 'Thriller'}, {'name': 'Action'}]"
1426776,STRAW,2025-06-05,"[{'name': 'Thriller'}, {'name': 'Drama'}, {'name': 'Crime'}]"
1369,Rambo: First Blood Part II,1985-05-21,"[{'name': 'Action'}, {'name': 'Adventure'}, {'name': 'Thriller'}, {'name': 'War'}]"
1366,Rocky,1976-12-03,[{'name': 'Drama'}]
1374,Rocky IV,1985-11-21,[{'name': 'Drama'}]
1371,Rocky III,1982-05-28,[{'name': 'Drama'}]
9571,Dazed and Confused,1993-09-24,"[{'name': 'Comedy'}, {'name': 'Drama'}]"
9574,Flubber,1997-11-26,"[{'name': 'Comedy'}, {'name': 'Family'}, {'name': 'Science Fiction'}]"
1375,Rocky V,1990-11-16,[{'name': 'Drama'}]
165213,New World,2013-02-21,"[{'name': 'Thriller'}, {'name': 'Crime'}, {'name': 'Drama'}]"
50542,Under the Hawthorn Tree,2010-09-16,"[{'name': 'Drama'}, {'name': 'Romance'}]"
1378,Shortbus,2006-10-04,"[{'name': 'Romance'}, {'name': 'Drama'}, {'name': 'Comedy'}]"
9567,Tears of the Sun,2003-03-07,"[{'name': 'War'}, {'name': 'Action'}, {'name': 'Drama'}]"
615777,Babylon,2022-12-22,"[{'name': 'Drama'}, {'name': 'Comedy'}]"
1391,Y Tu Mamá También,2001-06-08,"[{'name': 'Drama'}, {'name': 'Romance'}]"
42337,Beau Pere,1981-09-16,"[{'name': 'Drama'}, {'name': 'Romance'}]"
50544,Friends with Benefits,2011-07-21,"[{'name': 'Romance'}, {'name': 'Comedy'}]"
1381,The Fountain,2006-11-22,"[{'name': 'Drama'}, {'name': 'Adventure'}, {'name': 'Science Fiction'}, {'name': 'Romance'}]"
50546,Just Go with It,2011-02-10,"[{'name': 'Comedy'}, {'name': 'Romance'}]"
968051,The Nun II,2023-09-06,[{'name': 'Horror'}]
558449,Gladiator II,2024-11-13,"[{'name': 'Action'}, {'name': 'Adventure'}, {'name': 'Drama'}]"
378236,The Emoji Movie,2017-07-23,"[{'name': 'Animation'}, {'name': 'Family'}, {'name': 'Comedy'}]"
1396,Mirror,1975-03-07,"[{'name': 'Drama'}, {'name': 'History'}]"
9587,Little Women,1994-12-21,"[{'name': 'Drama'}, {'name': 'Romance'}]"
1398,Stalker,1979-05-25,"[{'name': 'Science Fiction'}, {'name': 'Drama'}]"
1287536,Dora and the Search for Sol Dorado,2025-07-02,"[{'name': 'Family'}, {'name': 'Comedy'}, {'name': 'Adventure'}]"
9594,Double Impact,1991-07-31,"[{'name': 'Thriller'}, {'name': 'Action'}, {'name': 'Crime'}, {'name': 'Drama'}]"
9598,Babe,1995-07-18,"[{'name': 'Fantasy'}, {'name': 'Drama'}, {'name': 'Comedy'}, {'name': 'Family'}]"
1402,The Pursuit of Happyness,2006-12-14,[{'name': 'Drama'}]
9595,Hot Shots!,1991-07-31,"[{'name': 'Action'}, {'name': 'Comedy'}, {'name': 'War'}]"
9585,Not Without My Daughter,1991-01-11,"[{'name': 'Drama'}, {'name': 'Thriller'}]"
9599,The Blob,1988-08-05,"[{'name': 'Horror'}, {'name': 'Science Fiction'}, {'name': 'Action'}]"
9593,Last Action Hero,1993-06-18,"[{'name': 'Fantasy'}, {'name': 'Action'}, {'name': 'Comedy'}]"
34179,14 Blades,2010-02-04,"[{'name': 'Drama'}, {'name': 'Action'}, {'name': 'Thriller'}]"
9600,Big Momma's House,2000-05-31,"[{'name': 'Crime'}, {'name': 'Comedy'}]"
820609,No One Will Save You,2023-09-21,"[{'name': 'Horror'}, {'name': 'Science Fiction'}]"
9602,Coming to America,1988-06-29,"[{'name': 'Comedy'}, {'name': 'Romance'}]"
9603,Clueless,1995-07-19,"[{'name': 'Comedy'}, {'name': 'Romance'}]"
648579,The Unbearable Weight of Massive Talent,2022-04-20,"[{'name': 'Action'}, {'name': 'Comedy'}, {'name': 'Crime'}]"
9607,Super Mario Bros.,1993-05-28,"[{'name': 'Adventure'}, {'name': 'Fantasy'}, {'name': 'Comedy'}, {'name': 'Family'}]"
1405,Greed,1924-12-04,"[{'name': 'Drama'}, {'name': 'Crime'}]"
9604,Red Heat,1988-06-17,"[{'name': 'Action'}, {'name': 'Crime'}]"
1417,Pan's Labyrinth,2006-10-11,"[{'name': 'Fantasy'}, {'name': 'Drama'}, {'name': 'War'}]"
9612,Coneheads,1993-07-23,"[{'name': 'Comedy'}, {'name': 'Science Fiction'}]"
927107,The Bricklayer,2023-12-14,"[{'name': 'Action'}, {'name': 'Thriller'}]"
1115544,Mike & Nick & Nick & Alice,2026-03-14,"[{'name': 'Comedy'}, {'name': 'Science Fiction'}, {'name': 'Crime'}]"
1254808,Nouvelle Vague,2025-10-08,"[{'name': 'Comedy'}, {'name': 'Drama'}, {'name': 'History'}]"
443791,Underwater,2020-01-08,"[{'name': 'Horror'}, {'name': 'Science Fiction'}, {'name': 'Action'}, {'name': 'Adventure'}]"
1430,Bowling for Columbine,2002-10-09,"[{'name': 'Documentary'}, {'name': 'Drama'}]"
1422,The Departed,2006-10-04,"[{'name': 'Drama'}, {'name': 'Thriller'}, {'name': 'Crime'}]"
1412,"sex, lies, and videotape",1989-08-04,[{'name': 'Drama'}]
1427,Perfume: The Story of a Murderer,2006-09-13,"[{'name': 'Crime'}, {'name': 'Fantasy'}, {'name': 'Drama'}]"
1418657,The Yeti,2026-04-04,"[{'name': 'Horror'}, {'name': 'Thriller'}]"
17809,Fist of Legend,1994-12-22,[{'name': 'Action'}]
9619,Dante's Peak,1997-02-07,"[{'name': 'Action'}, {'name': 'Adventure'}, {'name': 'Drama'}, {'name': 'Thriller'}]"
9631,The Negotiator,1998-07-29,"[{'name': 'Action'}, {'name': 'Crime'}, {'name': 'Drama'}, {'name': 'Thriller'}]"
1440,Little Children,2006-10-06,"[{'name': 'Drama'}, {'name': 'Romance'}]"
9620,Paycheck,2003-12-25,"[{'name': 'Action'}, {'name': 'Adventure'}, {'name': 'Mystery'}, {'name': 'Science Fiction'}, {'name': 'Thriller'}]"
25998,Men Behind the Sun,1988-12-01,"[{'name': 'War'}, {'name': 'History'}, {'name': 'Horror'}]"
9637,Scooby-Doo,2002-06-14,"[{'name': 'Mystery'}, {'name': 'Adventure'}, {'name': 'Comedy'}]"
9618,Tango & Cash,1989-12-22,"[{'name': 'Action'}, {'name': 'Thriller'}, {'name': 'Comedy'}, {'name': 'Drama'}, {'name': 'Crime'}]"
1263012,Dead Man's Wire,2026-01-09,"[{'name': 'Crime'}, {'name': 'Drama'}, {'name': 'Thriller'}]"
1443,The Virgin Suicides,2000-04-21,"[{'name': 'Drama'}, {'name': 'Romance'}]"
9614,Happy Gilmore,1996-02-16,[{'name': 'Comedy'}]
1428,Once Upon a Time in Mexico,2003-09-11,"[{'name': 'Action'}, {'name': 'Crime'}, {'name': 'Thriller'}, {'name': 'Western'}]"
26022,My Name Is Khan,2010-02-10,"[{'name': 'Drama'}, {'name': 'Romance'}]"
75174,The Grey,2012-01-26,"[{'name': 'Action'}, {'name': 'Adventure'}, {'name': 'Drama'}, {'name': 'Thriller'}]"
9641,Cheaper by the Dozen 2,2005-12-21,"[{'name': 'Comedy'}, {'name': 'Family'}, {'name': 'Adventure'}]"
501170,Doctor Sleep,2019-10-30,"[{'name': 'Horror'}, {'name': 'Fantasy'}]"
583083,The Kissing Booth 2,2020-07-24,"[{'name': 'Comedy'}, {'name': 'Romance'}]"
116149,Paddington,2014-11-24,"[{'name': 'Comedy'}, {'name': 'Adventure'}, {'name': 'Family'}]"
1452,Superman Returns,2006-06-28,"[{'name': 'Science Fiction'}, {'name': 'Action'}, {'name': 'Adventure'}]"
1050035,Monster,2023-06-02,"[{'name': 'Mystery'}, {'name': 'Thriller'}, {'name': 'Drama'}]"
9645,Ghost Ship,2002-10-25,"[{'name': 'Horror'}, {'name': 'Mystery'}, {'name': 'Thriller'}]"
9655,She's the Man,2006-03-17,"[{'name': 'Comedy'}, {'name': 'Romance'}]"
50620,The Twilight Saga: Breaking Dawn - Part 2,2012-11-13,"[{'name': 'Fantasy'}, {'name': 'Drama'}, {'name': 'Romance'}]"
32856,Valentine's Day,2010-02-10,"[{'name': 'Comedy'}, {'name': 'Romance'}]"
9651,Supergirl,1984-07-01,"[{'name': 'Adventure'}, {'name': 'Fantasy'}, {'name': 'Action'}, {'name': 'Science Fiction'}]"
50619,The Twilight Saga: Breaking Dawn - Part 1,2011-11-16,"[{'name': 'Adventure'}, {'name': 'Fantasy'}, {'name': 'Romance'}]"
705996,Decision to Leave,2022-06-29,"[{'name': 'Thriller'}, {'name': 'Mystery'}, {'name': 'Romance'}]"
9665,Glory,1989-12-15,"[{'name': 'Drama'}, {'name': 'History'}, {'name': 'War'}]"
9654,The Italian Job,2003-05-30,"[{'name': 'Action'}, {'name': 'Crime'}]"
337339,The Fate of the Furious,2017-04-12,"[{'name': 'Action'}, {'name': 'Crime'}, {'name': 'Thriller'}]"
9659,Mad Max,1979-04-12,"[{'name': 'Action'}, {'name': 'Thriller'}, {'name': 'Science Fiction'}]"
9679,Gone in Sixty Seconds,2000-06-09,"[{'name': 'Action'}, {'name': 'Crime'}, {'name': 'Thriller'}]"
91586,Insidious: Chapter 2,2013-09-12,"[{'name': 'Horror'}, {'name': 'Thriller'}]"
411088,The Invisible Guest,2017-01-06,"[{'name': 'Drama'}, {'name': 'Mystery'}, {'name': 'Thriller'}]"
9671,Crocodile Dundee,1986-09-26,"[{'name': 'Adventure'}, {'name': 'Comedy'}]"
9678,Little Nicky,2000-11-10,"[{'name': 'Comedy'}, {'name': 'Fantasy'}]"
107985,The World's End,2013-07-18,"[{'name': 'Comedy'}, {'name': 'Action'}, {'name': 'Science Fiction'}]"
1487,Hellboy,2004-04-02,"[{'name': 'Fantasy'}, {'name': 'Action'}]"
1495,Kingdom of Heaven,2005-05-03,"[{'name': 'Drama'}, {'name': 'Action'}, {'name': 'Adventure'}, {'name': 'History'}, {'name': 'War'}]"
1494,Curse of the Golden Flower,2006-12-14,"[{'name': 'Action'}, {'name': 'Drama'}, {'name': 'Fantasy'}]"
402900,Ocean's Eight,2018-06-07,"[{'name': 'Crime'}, {'name': 'Comedy'}, {'name': 'Action'}]"
1491,The Illusionist,2006-08-18,"[{'name': 'Fantasy'}, {'name': 'Drama'}, {'name': 'Thriller'}, {'name': 'Romance'}]"
1497,Teenage Mutant Ninja Turtles II: The Secret of the Ooze,1991-03-22,"[{'name': 'Science Fiction'}, {'name': 'Adventure'}, {'name': 'Action'}, {'name': 'Comedy'}, {'name': 'Family'}]"
9693,Children of Men,2006-09-22,"[{'name': 'Science Fiction'}, {'name': 'Thriller'}, {'name': 'Action'}]"
1493,Miss Congeniality,2000-12-22,"[{'name': 'Comedy'}, {'name': 'Crime'}, {'name': 'Action'}]"
9702,Bound by Honor,1993-02-05,"[{'name': 'Crime'}, {'name': 'Drama'}, {'name': 'Thriller'}]"
697843,Extraction 2,2023-06-09,"[{'name': 'Action'}, {'name': 'Thriller'}, {'name': 'Crime'}]"
9705,Swordfish,2001-06-08,"[{'name': 'Action'}, {'name': 'Crime'}, {'name': 'Thriller'}]"
50646,"Crazy, Stupid, Love.",2011-07-29,"[{'name': 'Comedy'}, {'name': 'Drama'}, {'name': 'Romance'}]"
17897,The Golden Voyage of Sinbad,1973-12-20,"[{'name': 'Action'}, {'name': 'Adventure'}, {'name': 'Drama'}, {'name': 'Fantasy'}, {'name': 'Family'}]"
9708,The Wicker Man,2006-08-31,"[{'name': 'Horror'}, {'name': 'Mystery'}, {'name': 'Thriller'}]"
1498,Teenage Mutant Ninja Turtles,1990-03-30,"[{'name': 'Science Fiction'}, {'name': 'Action'}, {'name': 'Adventure'}, {'name': 'Comedy'}, {'name': 'Family'}]"
337401,Mulan,2020-09-04,"[{'name': 'Adventure'}, {'name': 'Fantasy'}, {'name': 'Action'}]"
9696,Ichi the Killer,2001-12-22,"[{'name': 'Action'}, {'name': 'Crime'}, {'name': 'Horror'}]"
542178,"The French Dispatch of the Liberty, Kansas Evening Sun",2021-10-21,"[{'name': 'Drama'}, {'name': 'Comedy'}]"
206324,Bhaag Milkha Bhaag,2013-07-12,"[{'name': 'History'}, {'name': 'Drama'}]"
573435,Bad Boys: Ride or Die,2024-06-05,"[{'name': 'Action'}, {'name': 'Comedy'}, {'name': 'Crime'}]"
9714,Home Alone 3,1997-12-12,"[{'name': 'Comedy'}, {'name': 'Family'}]"
1499,Teenage Mutant Ninja Turtles III,1993-03-17,"[{'name': 'Action'}, {'name': 'Adventure'}, {'name': 'Comedy'}, {'name': 'Family'}, {'name': 'Fantasy'}, {'name': 'Science Fiction'}]"
17903,A Frozen Flower,2008-12-30,[{'name': 'Drama'}]
1156593,Your Fault,2024-12-26,"[{'name': 'Drama'}, {'name': 'Romance'}]"
370172,No Time to Die,2021-09-29,"[{'name': 'Action'}, {'name': 'Thriller'}, {'name': 'Adventure'}]"
9718,Talladega Nights: The Ballad of Ricky Bobby,2006-08-04,[{'name': 'Comedy'}]
1156594,Our Fault,2025-10-15,"[{'name': 'Romance'}, {'name': 'Drama'}]"
476669,The King's Man,2021-12-22,"[{'name': 'Action'}, {'name': 'Adventure'}, {'name': 'Thriller'}]"
17899,"Sex, Party and Lies",2009-03-27,"[{'name': 'Comedy'}, {'name': 'Drama'}]"
1542,Office Space,1999-02-19,[{'name': 'Comedy'}]
1541,Thelma & Louise,1991-05-24,"[{'name': 'Drama'}, {'name': 'Crime'}, {'name': 'Adventure'}]"
17927,Fired Up!,2009-02-20,[{'name': 'Comedy'}]
337404,Cruella,2021-05-26,"[{'name': 'Comedy'}, {'name': 'Crime'}, {'name': 'Drama'}]"
9732,The Lion King II: Simba's Pride,1998-10-24,"[{'name': 'Adventure'}, {'name': 'Animation'}, {'name': 'Drama'}, {'name': 'Family'}, {'name': 'Romance'}]"
9738,Fantastic Four,2005-06-29,"[{'name': 'Action'}, {'name': 'Fantasy'}, {'name': 'Science Fiction'}]"
9725,Friday the 13th Part 2,1981-05-01,"[{'name': 'Horror'}, {'name': 'Thriller'}]"
9737,Bad Boys,1995-04-07,"[{'name': 'Action'}, {'name': 'Comedy'}, {'name': 'Crime'}, {'name': 'Thriller'}]"
75258,Secret of the Wings,2012-08-17,"[{'name': 'Animation'}, {'name': 'Family'}, {'name': 'Fantasy'}, {'name': 'Adventure'}]"
1547,The Lost Boys,1987-07-31,"[{'name': 'Horror'}, {'name': 'Comedy'}, {'name': 'Thriller'}, {'name': 'Drama'}, {'name': 'Romance'}]"
779782,The School for Good and Evil,2022-10-19,"[{'name': 'Fantasy'}, {'name': 'Comedy'}, {'name': 'Adventure'}]"
1459725,Meat Kills,2025-09-24,[{'name': 'Horror'}]
9741,Unbreakable,2000-11-22,"[{'name': 'Thriller'}, {'name': 'Drama'}, {'name': 'Mystery'}]"
9739,Demolition Man,1993-10-08,"[{'name': 'Crime'}, {'name': 'Action'}, {'name': 'Science Fiction'}]"
26123,American Pie Presents: The Book of Love,2009-12-02,[{'name': 'Comedy'}]
1538,Collateral,2004-08-04,"[{'name': 'Drama'}, {'name': 'Crime'}, {'name': 'Thriller'}]"
804370,Arco,2025-10-22,"[{'name': 'Adventure'}, {'name': 'Animation'}, {'name': 'Family'}, {'name': 'Science Fiction'}]"
796185,The Three Musketeers: D'Artagnan,2023-04-05,"[{'name': 'Adventure'}, {'name': 'Action'}, {'name': 'Drama'}, {'name': 'History'}]"
1551,Flatliners,1990-08-10,"[{'name': 'Drama'}, {'name': 'Science Fiction'}, {'name': 'Horror'}]"
1426964,State of Fear,2026-02-10,"[{'name': 'Action'}, {'name': 'Thriller'}, {'name': 'Crime'}, {'name': 'Drama'}]"
927254,The Twits,2025-10-17,"[{'name': 'Animation'}, {'name': 'Comedy'}, {'name': 'Family'}, {'name': 'Fantasy'}]"
99861,Avengers: Age of Ultron,2015-04-22,"[{'name': 'Action'}, {'name': 'Adventure'}, {'name': 'Science Fiction'}]"
1562,28 Weeks Later,2007-04-26,"[{'name': 'Horror'}, {'name': 'Thriller'}, {'name': 'Science Fiction'}]"
280092,Insidious: Chapter 3,2015-05-28,"[{'name': 'Horror'}, {'name': 'Thriller'}]"
9757,Norbit,2007-02-08,[{'name': 'Comedy'}]
9763,Goal!,2005-09-29,[{'name': 'Drama'}]
894205,Werewolf by Night,2022-09-25,"[{'name': 'Action'}, {'name': 'Fantasy'}, {'name': 'Horror'}]"
812583,Wake Up Dead Man: A Knives Out Mystery,2025-11-26,"[{'name': 'Thriller'}, {'name': 'Mystery'}, {'name': 'Comedy'}]"
9753,Three,2005-11-16,"[{'name': 'Adventure'}, {'name': 'Drama'}, {'name': 'Thriller'}]"
198184,Chappie,2015-03-04,"[{'name': 'Crime'}, {'name': 'Action'}, {'name': 'Science Fiction'}]"
1572,Die Hard: With a Vengeance,1995-05-19,"[{'name': 'Action'}, {'name': 'Thriller'}]"
9769,Lolita,1997-09-27,[{'name': 'Drama'}]
9762,Step Up,2006-08-11,"[{'name': 'Music'}, {'name': 'Drama'}, {'name': 'Romance'}, {'name': 'Crime'}]"
1571,Live Free or Die Hard,2007-06-20,"[{'name': 'Action'}, {'name': 'Thriller'}]"
9760,Epic Movie,2007-01-25,"[{'name': 'Comedy'}, {'name': 'Adventure'}, {'name': 'Fantasy'}]"
1576,Resident Evil,2002-03-15,"[{'name': 'Horror'}, {'name': 'Action'}, {'name': 'Science Fiction'}]"
1578,Raging Bull,1980-11-14,"[{'name': 'Drama'}, {'name': 'History'}]"
9772,Air Force One,1997-07-25,"[{'name': 'Action'}, {'name': 'Thriller'}]"
1579,Apocalypto,2006-12-07,"[{'name': 'Action'}, {'name': 'Drama'}, {'name': 'History'}]"
1584,The School of Rock,2003-10-03,"[{'name': 'Comedy'}, {'name': 'Family'}, {'name': 'Music'}]"
9767,The Break-Up,2006-06-01,"[{'name': 'Romance'}, {'name': 'Comedy'}]"
1581,The Holiday,2006-12-05,"[{'name': 'Comedy'}, {'name': 'Romance'}]"
1585,It's a Wonderful Life,1946-12-20,"[{'name': 'Drama'}, {'name': 'Family'}, {'name': 'Fantasy'}]"
181812,Star Wars: The Rise of Skywalker,2019-12-18,"[{'name': 'Adventure'}, {'name': 'Action'}, {'name': 'Science Fiction'}]"
1573,Die Hard 2,1990-07-03,"[{'name': 'Action'}, {'name': 'Thriller'}]"
1592,Primal Fear,1996-04-03,"[{'name': 'Crime'}, {'name': 'Drama'}, {'name': 'Mystery'}, {'name': 'Thriller'}]"
1587,What's Eating Gilbert Grape,1993-12-17,"[{'name': 'Romance'}, {'name': 'Drama'}]"
9778,Serendipity,2001-10-05,"[{'name': 'Comedy'}, {'name': 'Romance'}]"
362045,Bajirao Mastani,2015-12-18,"[{'name': 'History'}, {'name': 'Romance'}, {'name': 'Drama'}]"
9792,The Hills Have Eyes,2006-03-10,"[{'name': 'Horror'}, {'name': 'Thriller'}]"
1597,Meet the Parents,2000-10-06,"[{'name': 'Comedy'}, {'name': 'Romance'}]"
9798,Enemy of the State,1998-11-20,"[{'name': 'Action'}, {'name': 'Drama'}, {'name': 'Thriller'}]"
1593,Night at the Museum,2006-12-20,"[{'name': 'Fantasy'}, {'name': 'Family'}, {'name': 'Comedy'}]"
17979,A Christmas Carol,2009-11-04,"[{'name': 'Animation'}, {'name': 'Drama'}, {'name': 'Family'}, {'name': 'Fantasy'}]"
83533,Avatar: Fire and Ash,2025-12-17,"[{'name': 'Science Fiction'}, {'name': 'Adventure'}, {'name': 'Fantasy'}]"
9788,Accepted,2006-08-18,[{'name': 'Comedy'}]
1598,Cape Fear,1991-11-13,"[{'name': 'Drama'}, {'name': 'Crime'}, {'name': 'Thriller'}]"
1607,A Bronx Tale,1993-10-01,"[{'name': 'Drama'}, {'name': 'Crime'}]"
1620,Hitman,2007-11-21,"[{'name': 'Action'}, {'name': 'Thriller'}, {'name': 'Drama'}]"
296524,Deepwater Horizon,2016-09-28,"[{'name': 'Drama'}, {'name': 'Action'}]"
9793,The Hills Have Eyes 2,2007-03-22,[{'name': 'Horror'}]
1621,Trading Places,1983-06-07,[{'name': 'Comedy'}]
9802,The Rock,1996-06-07,"[{'name': 'Action'}, {'name': 'Adventure'}, {'name': 'Thriller'}]"
83542,Cloud Atlas,2012-10-26,"[{'name': 'Drama'}, {'name': 'Science Fiction'}]"
9823,Mortal Kombat: Annihilation,1997-11-11,"[{'name': 'Action'}, {'name': 'Fantasy'}, {'name': 'Science Fiction'}]"
9804,Waterworld,1995-07-28,"[{'name': 'Adventure'}, {'name': 'Action'}, {'name': 'Science Fiction'}]"
1633,Fried Green Tomatoes,1991-12-27,"[{'name': 'Drama'}, {'name': 'Comedy'}]"
1624,Liar Liar,1997-03-21,"[{'name': 'Comedy'}, {'name': 'Fantasy'}]"
9820,The Parent Trap,1998-07-28,"[{'name': 'Comedy'}, {'name': 'Family'}, {'name': 'Romance'}]"
714338,Bulbbul,2020-06-24,"[{'name': 'Horror'}, {'name': 'Fantasy'}, {'name': 'Thriller'}]"
9806,The Incredibles,2004-10-27,"[{'name': 'Action'}, {'name': 'Adventure'}, {'name': 'Animation'}, {'name': 'Family'}]"
9812,Thursday,1998-09-25,"[{'name': 'Thriller'}, {'name': 'Action'}, {'name': 'Comedy'}, {'name': 'Crime'}, {'name': 'Drama'}, {'name': 'Mystery'}]"
1635,The Island,2005-07-21,"[{'name': 'Action'}, {'name': 'Thriller'}, {'name': 'Science Fiction'}]"
419430,Get Out,2017-02-24,"[{'name': 'Mystery'}, {'name': 'Thriller'}, {'name': 'Horror'}]"
9825,Lake Placid,1999-07-15,"[{'name': 'Horror'}, {'name': 'Comedy'}, {'name': 'Action'}, {'name': 'Science Fiction'}, {'name': 'Thriller'}]"
1642,The Net,1995-07-28,"[{'name': 'Crime'}, {'name': 'Drama'}, {'name': 'Mystery'}, {'name': 'Thriller'}, {'name': 'Action'}]"
18015,Shark Attack 3: Megalodon,2002-11-26,"[{'name': 'Horror'}, {'name': 'Thriller'}, {'name': 'Action'}, {'name': 'Adventure'}]"
616037,Thor: Love and Thunder,2022-07-06,"[{'name': 'Fantasy'}, {'name': 'Action'}, {'name': 'Comedy'}]"
1637,Speed,1994-06-09,"[{'name': 'Action'}, {'name': 'Thriller'}]"
280180,Beverly Hills Cop: Axel F,2024-06-20,"[{'name': 'Action'}, {'name': 'Comedy'}, {'name': 'Crime'}]"
9837,The Prince of Egypt,1998-12-16,"[{'name': 'Adventure'}, {'name': 'Animation'}, {'name': 'Drama'}, {'name': 'Family'}]"
1645,A Time to Kill,1996-07-24,"[{'name': 'Crime'}, {'name': 'Drama'}, {'name': 'Thriller'}]"
1643,Last Tango in Paris,1972-12-15,"[{'name': 'Drama'}, {'name': 'Romance'}]"
9836,Happy Feet,2006-11-16,"[{'name': 'Animation'}, {'name': 'Comedy'}, {'name': 'Family'}]"
9833,The Phantom of the Opera,2004-12-08,"[{'name': 'Thriller'}, {'name': 'Drama'}, {'name': 'Romance'}]"
1640,Crash,2005-05-06,[{'name': 'Drama'}]
1654,The Dirty Dozen,1967-06-15,"[{'name': 'Action'}, {'name': 'Adventure'}, {'name': 'War'}]"
1656,The Legend of Zorro,2005-10-24,"[{'name': 'Action'}, {'name': 'Adventure'}, {'name': 'Western'}]"
8469,Animal House,1978-07-28,[{'name': 'Comedy'}]
181886,Enemy,2014-03-14,"[{'name': 'Thriller'}, {'name': 'Mystery'}]"
1639,Speed 2: Cruise Control,1997-06-13,"[{'name': 'Action'}, {'name': 'Thriller'}]"
1672,The Professional,1981-10-21,"[{'name': 'Action'}, {'name': 'Adventure'}, {'name': 'Thriller'}]"
280217,The Lego Movie 2: The Second Part,2019-02-06,"[{'name': 'Action'}, {'name': 'Adventure'}, {'name': 'Animation'}, {'name': 'Comedy'}, {'name': 'Family'}]"
870028,The Accountant²,2025-04-23,"[{'name': 'Mystery'}, {'name': 'Crime'}, {'name': 'Thriller'}]"
1669,The Hunt for Red October,1990-03-02,"[{'name': 'Action'}, {'name': 'Thriller'}]"
34433,Dragon Ball Z: Broly - The Legendary Super Saiyan,1993-03-06,"[{'name': 'Animation'}, {'name': 'Science Fiction'}, {'name': 'Action'}]"
198277,Begin Again,2014-06-27,"[{'name': 'Comedy'}, {'name': 'Music'}, {'name': 'Romance'}, {'name': 'Drama'}]"
9874,Cobra,1986-05-22,"[{'name': 'Action'}, {'name': 'Crime'}, {'name': 'Thriller'}]"
1678,Godzilla,1954-11-03,"[{'name': 'Thriller'}, {'name': 'Horror'}, {'name': 'Science Fiction'}]"
157336,Interstellar,2014-11-05,"[{'name': 'Adventure'}, {'name': 'Drama'}, {'name': 'Science Fiction'}]"
9870,Forgetting Sarah Marshall,2008-04-17,"[{'name': 'Comedy'}, {'name': 'Romance'}, {'name': 'Drama'}]"
9879,Striptease,1996-06-28,"[{'name': 'Comedy'}, {'name': 'Crime'}, {'name': 'Drama'}]"
419479,The Babysitter,2017-10-13,"[{'name': 'Comedy'}, {'name': 'Horror'}]"
427641,Rampage,2018-04-11,"[{'name': 'Action'}, {'name': 'Adventure'}, {'name': 'Science Fiction'}]"
9876,Stop! Or My Mom Will Shoot,1992-02-21,"[{'name': 'Action'}, {'name': 'Comedy'}]"
1263256,Happy Gilmore 2,2025-07-25,[{'name': 'Comedy'}]
206487,Predestination,2014-08-28,"[{'name': 'Science Fiction'}, {'name': 'Thriller'}]"
9880,The Princess Diaries,2001-08-03,"[{'name': 'Comedy'}, {'name': 'Family'}, {'name': 'Romance'}]"
50839,Margin Call,2011-09-28,"[{'name': 'Thriller'}, {'name': 'Drama'}]"
1302916,Heart Eyes,2025-02-06,"[{'name': 'Horror'}, {'name': 'Romance'}, {'name': 'Comedy'}]"
1694,Re-Animator,1985-10-18,"[{'name': 'Science Fiction'}, {'name': 'Comedy'}, {'name': 'Horror'}]"
1690,Hostel,2006-01-06,[{'name': 'Horror'}]
9889,Shallow Hal,2001-11-01,"[{'name': 'Comedy'}, {'name': 'Drama'}, {'name': 'Fantasy'}, {'name': 'Romance'}]"
1328803,Prisoner of War,2025-09-19,"[{'name': 'Action'}, {'name': 'War'}, {'name': 'Thriller'}, {'name': 'History'}]"
157350,Divergent,2014-03-14,"[{'name': 'Action'}, {'name': 'Adventure'}, {'name': 'Science Fiction'}]"
1700,Misery,1990-11-30,"[{'name': 'Drama'}, {'name': 'Thriller'}]"
1701,Con Air,1997-06-05,"[{'name': 'Action'}, {'name': 'Thriller'}, {'name': 'Crime'}]"
9896,Rat Race,2001-08-17,"[{'name': 'Adventure'}, {'name': 'Comedy'}]"
42661,The Vikings,1958-06-11,"[{'name': 'Adventure'}, {'name': 'History'}, {'name': 'Action'}]"
648878,Eddington,2025-07-16,"[{'name': 'Western'}, {'name': 'Comedy'}, {'name': 'Crime'}]"
9902,Wrong Turn,2003-05-30,"[{'name': 'Horror'}, {'name': 'Thriller'}]"
460458,Resident Evil: Welcome to Raccoon City,2021-11-24,"[{'name': 'Action'}, {'name': 'Horror'}, {'name': 'Science Fiction'}]"
157353,Transcendence,2014-04-16,"[{'name': 'Thriller'}, {'name': 'Science Fiction'}, {'name': 'Drama'}, {'name': 'Mystery'}]"
9894,The Cable Guy,1996-06-10,"[{'name': 'Comedy'}, {'name': 'Drama'}, {'name': 'Thriller'}]"
747188,Asteroid City,2023-06-08,"[{'name': 'Comedy'}, {'name': 'Drama'}]"
59053,The Raffle,1991-11-15,[{'name': 'Drama'}]
403119,47 Meters Down,2017-05-25,"[{'name': 'Horror'}, {'name': 'Thriller'}]"
976573,Elemental,2023-06-14,"[{'name': 'Animation'}, {'name': 'Comedy'}, {'name': 'Family'}, {'name': 'Fantasy'}, {'name': 'Romance'}]"
9906,The Ant Bully,2006-07-28,"[{'name': 'Fantasy'}, {'name': 'Adventure'}, {'name': 'Animation'}, {'name': 'Comedy'}, {'name': 'Family'}]"
1710,Copycat,1995-10-27,"[{'name': 'Thriller'}, {'name': 'Crime'}, {'name': 'Mystery'}]"
9907,Barnyard,2006-08-04,"[{'name': 'Animation'}, {'name': 'Comedy'}, {'name': 'Family'}]"
517814,Capernaum,2018-09-20,[{'name': 'Drama'}]
460465,Mortal Kombat,2021-04-07,"[{'name': 'Action'}, {'name': 'Fantasy'}, {'name': 'Adventure'}]"
1582770,Dhurandhar: The Revenge,2026-03-18,"[{'name': 'Action'}, {'name': 'Crime'}, {'name': 'Thriller'}]"
1705,Battle for the Planet of the Apes,1973-06-15,"[{'name': 'Action'}, {'name': 'Science Fiction'}]"
9919,How to Lose a Guy in 10 Days,2003-02-07,"[{'name': 'Comedy'}, {'name': 'Romance'}]"
1726,Iron Man,2008-04-30,"[{'name': 'Action'}, {'name': 'Science Fiction'}, {'name': 'Adventure'}]"
976576,Emmanuelle,2024-09-25,"[{'name': 'Drama'}, {'name': 'Romance'}]"
509635,Alone,2020-09-10,"[{'name': 'Horror'}, {'name': 'Thriller'}]"
1724,The Incredible Hulk,2008-06-12,"[{'name': 'Science Fiction'}, {'name': 'Action'}, {'name': 'Adventure'}]"
1727,Bird on a Wire,1990-05-18,"[{'name': 'Comedy'}, {'name': 'Romance'}, {'name': 'Adventure'}]"
9922,The Postman,1997-12-25,"[{'name': 'Science Fiction'}, {'name': 'Adventure'}, {'name': 'Action'}]"
1729,The Forbidden Kingdom,2008-04-17,"[{'name': 'Action'}, {'name': 'Adventure'}, {'name': 'Fantasy'}]"
427719,X-Rated 2: The Greatest Adult Stars of All-Time,2016-10-28,[{'name': 'Documentary'}]
42684,Skyline,2010-11-11,"[{'name': 'Science Fiction'}, {'name': 'Action'}, {'name': 'Thriller'}]"
1735,The Mummy: Tomb of the Dragon Emperor,2008-07-01,"[{'name': 'Adventure'}, {'name': 'Action'}, {'name': 'Fantasy'}]"
255709,Hope,2013-10-02,[{'name': 'Drama'}]
1734,The Mummy Returns,2001-05-04,"[{'name': 'Adventure'}, {'name': 'Action'}, {'name': 'Fantasy'}]"
9946,End of Days,1999-11-24,"[{'name': 'Action'}, {'name': 'Horror'}, {'name': 'Fantasy'}]"
18148,Tokyo Story,1953-11-03,[{'name': 'Drama'}]
100042,Dumb and Dumber To,2014-11-12,[{'name': 'Comedy'}]
1304313,Lee Cronin's The Mummy,2026-04-15,"[{'name': 'Horror'}, {'name': 'Mystery'}]"
567006,Kabaneri of the Iron Fortress: The Battle of Unato,2019-05-10,"[{'name': 'Animation'}, {'name': 'Drama'}, {'name': 'Action'}, {'name': 'Science Fiction'}]"
214756,Ted 2,2015-06-25,"[{'name': 'Comedy'}, {'name': 'Fantasy'}]"
222935,The Fault in Our Stars,2014-06-02,"[{'name': 'Romance'}, {'name': 'Drama'}]"
9928,Robots,2005-03-10,"[{'name': 'Animation'}, {'name': 'Comedy'}, {'name': 'Family'}, {'name': 'Science Fiction'}]"
1738,Next,2007-04-25,"[{'name': 'Action'}, {'name': 'Science Fiction'}, {'name': 'Thriller'}]"
9947,Elektra,2005-01-13,"[{'name': 'Action'}, {'name': 'Fantasy'}, {'name': 'Adventure'}]"
34544,The A-Team,2010-06-09,"[{'name': 'Action'}, {'name': 'Comedy'}, {'name': 'Crime'}]"
83686,The Words,2012-09-07,"[{'name': 'Drama'}, {'name': 'Thriller'}]"
9972,Lock Up,1989-08-04,"[{'name': 'Action'}, {'name': 'Crime'}, {'name': 'Drama'}, {'name': 'Thriller'}]"
198375,The Garden of Words,2013-05-31,"[{'name': 'Animation'}, {'name': 'Drama'}, {'name': 'Romance'}]"
9954,The Covenant,2006-09-07,"[{'name': 'Fantasy'}, {'name': 'Horror'}, {'name': 'Adventure'}, {'name': 'Action'}]"
1443576,Sundays,2025-10-17,[{'name': 'Drama'}]
575219,Pegasus,2019-02-05,"[{'name': 'Comedy'}, {'name': 'Action'}]"
1771,Captain America: The First Avenger,2011-07-22,"[{'name': 'Action'}, {'name': 'Adventure'}, {'name': 'Science Fiction'}]"
1206008,Ella McCay,2025-12-11,"[{'name': 'Comedy'}, {'name': 'Drama'}]"
1788,Footloose,1984-02-17,"[{'name': 'Drama'}, {'name': 'Romance'}]"
460555,Operation Red Sea,2018-02-16,"[{'name': 'Action'}, {'name': 'Thriller'}, {'name': 'War'}, {'name': 'Adventure'}]"
9992,Arthur and the Invisibles,2006-12-13,"[{'name': 'Adventure'}, {'name': 'Fantasy'}, {'name': 'Animation'}, {'name': 'Family'}]"
9982,Chicken Little,2005-11-04,"[{'name': 'Animation'}, {'name': 'Family'}, {'name': 'Comedy'}]"
141052,Justice League,2017-11-15,"[{'name': 'Action'}, {'name': 'Adventure'}, {'name': 'Science Fiction'}]"
1791,The Piano Teacher,2001-09-05,"[{'name': 'Drama'}, {'name': 'Romance'}]"
9986,Charlotte's Web,2006-12-07,"[{'name': 'Comedy'}, {'name': 'Family'}, {'name': 'Fantasy'}]"
34584,The NeverEnding Story,1984-04-06,"[{'name': 'Adventure'}, {'name': 'Fantasy'}, {'name': 'Family'}]"
9994,The Great Mouse Detective,1986-07-02,"[{'name': 'Animation'}, {'name': 'Family'}, {'name': 'Mystery'}, {'name': 'Crime'}, {'name': 'Adventure'}]"
18269,Lady and the Tramp II: Scamp's Adventure,2001-02-18,"[{'name': 'Animation'}, {'name': 'Family'}, {'name': 'Romance'}, {'name': 'Adventure'}]"
10009,Brother Bear,2003-10-23,"[{'name': 'Adventure'}, {'name': 'Animation'}, {'name': 'Family'}]"
345887,The Equalizer 2,2018-07-19,"[{'name': 'Action'}, {'name': 'Thriller'}, {'name': 'Crime'}]"
26388,Buried,2010-09-24,[{'name': 'Thriller'}]
26389,From Paris with Love,2010-02-04,"[{'name': 'Action'}, {'name': 'Crime'}, {'name': 'Thriller'}]"
1813,The Devil's Advocate,1997-10-17,"[{'name': 'Horror'}, {'name': 'Drama'}, {'name': 'Mystery'}]"
329505,Lola's Secret,1984-05-04,"[{'name': 'Drama'}, {'name': 'Comedy'}, {'name': 'Horror'}]"
10020,Beauty and the Beast,1991-10-22,"[{'name': 'Romance'}, {'name': 'Family'}, {'name': 'Animation'}, {'name': 'Fantasy'}]"
878361,Big George Foreman,2023-04-27,"[{'name': 'History'}, {'name': 'Drama'}]"
18190,Dream Lover,1994-11-11,"[{'name': 'Drama'}, {'name': 'Mystery'}, {'name': 'Thriller'}]"
575264,Mission: Impossible - Dead Reckoning Part One,2023-07-08,"[{'name': 'Action'}, {'name': 'Adventure'}, {'name': 'Thriller'}]"
10010,Brother Bear 2,2006-08-17,"[{'name': 'Adventure'}, {'name': 'Animation'}, {'name': 'Family'}]"
575265,Mission: Impossible - The Final Reckoning,2025-05-17,"[{'name': 'Action'}, {'name': 'Thriller'}, {'name': 'Adventure'}]"
1824,50 First Dates,2004-02-13,"[{'name': 'Comedy'}, {'name': 'Romance'}]"
960292,My Sole Desire,2023-04-05,"[{'name': 'Romance'}, {'name': 'Drama'}]"
10014,A Nightmare on Elm Street Part 2: Freddy's Revenge,1985-11-01,[{'name': 'Horror'}]
1247019,Death Whisperer 2,2024-10-10,"[{'name': 'Horror'}, {'name': 'Thriller'}, {'name': 'Action'}]"
67342,Mr. Vampire,1985-11-07,"[{'name': 'Action'}, {'name': 'Comedy'}, {'name': 'Horror'}]"
1825,Over the Top,1987-02-13,"[{'name': 'Action'}, {'name': 'Drama'}]"
10021,The Secret of My Success,1987-04-10,[{'name': 'Comedy'}]
1830,Lord of War,2005-09-16,"[{'name': 'Crime'}, {'name': 'Drama'}, {'name': 'Thriller'}]"
1844,Entrapment,1999-04-29,"[{'name': 'Romance'}, {'name': 'Drama'}, {'name': 'Mystery'}]"
10022,The Pacifier,2005-03-04,"[{'name': 'Comedy'}, {'name': 'Family'}, {'name': 'Action'}]"
206647,Spectre,2015-10-26,"[{'name': 'Action'}, {'name': 'Adventure'}, {'name': 'Thriller'}]"
10019,Mannequin,1987-02-13,"[{'name': 'Comedy'}, {'name': 'Romance'}, {'name': 'Fantasy'}]"
10025,Just My Luck,2006-05-12,"[{'name': 'Comedy'}, {'name': 'Drama'}, {'name': 'Family'}, {'name': 'Fantasy'}, {'name': 'Romance'}]"
10030,Good Luck Chuck,2007-09-21,"[{'name': 'Comedy'}, {'name': 'Romance'}]"
1140535,Presence,2025-01-17,"[{'name': 'Drama'}, {'name': 'Horror'}, {'name': 'Thriller'}]"
673593,Mean Girls,2024-01-10,[{'name': 'Comedy'}]
10047,The Messenger: The Story of Joan of Arc,1999-10-27,"[{'name': 'Adventure'}, {'name': 'Drama'}, {'name': 'Action'}, {'name': 'History'}, {'name': 'War'}]"
345911,Lights Out,2016-07-21,[{'name': 'Horror'}]
1263421,Baki Hanma VS Kengan Ashura,2024-06-05,"[{'name': 'Animation'}, {'name': 'Action'}, {'name': 'Fantasy'}]"
67395,L.E.T.H.A.L. Ladies: Return to Savage Beach,1998-01-27,"[{'name': 'Action'}, {'name': 'Thriller'}]"
1858,Transformers,2007-06-27,"[{'name': 'Adventure'}, {'name': 'Science Fiction'}, {'name': 'Action'}]"
1865,Pirates of the Caribbean: On Stranger Tides,2011-05-15,"[{'name': 'Adventure'}, {'name': 'Action'}, {'name': 'Fantasy'}]"
18240,The Proposal,2009-06-02,"[{'name': 'Comedy'}, {'name': 'Romance'}, {'name': 'Drama'}]"
59210,The Mother,2003-11-14,"[{'name': 'Drama'}, {'name': 'Romance'}]"
575299,Fidelity,2019-10-31,[{'name': 'Drama'}]
10054,Spy Kids,2001-03-18,"[{'name': 'Family'}, {'name': 'Action'}, {'name': 'Comedy'}, {'name': 'Adventure'}, {'name': 'Science Fiction'}]"
1857,The Transformers: The Movie,1986-08-08,"[{'name': 'Animation'}, {'name': 'Science Fiction'}, {'name': 'Action'}, {'name': 'Adventure'}, {'name': 'Family'}]"
18239,The Twilight Saga: New Moon,2009-11-18,"[{'name': 'Adventure'}, {'name': 'Fantasy'}, {'name': 'Drama'}, {'name': 'Romance'}]"
796499,Army of Thieves,2021-10-29,"[{'name': 'Action'}, {'name': 'Crime'}, {'name': 'Comedy'}]"
1034062,Mortal Kombat Legends: Cage Match,2023-10-17,"[{'name': 'Animation'}, {'name': 'Action'}, {'name': 'Fantasy'}]"
10060,Get Rich or Die Tryin',2005-11-09,"[{'name': 'Drama'}, {'name': 'Crime'}, {'name': 'Music'}]"
10068,Nine 1/2 Weeks,1986-02-09,"[{'name': 'Drama'}, {'name': 'Romance'}]"
345938,The Shack,2017-03-02,"[{'name': 'Drama'}, {'name': 'Family'}]"
345940,The Meg,2018-08-09,"[{'name': 'Action'}, {'name': 'Science Fiction'}, {'name': 'Horror'}]"
894803,Sita Ramam,2022-08-05,"[{'name': 'History'}, {'name': 'Romance'}, {'name': 'Drama'}]"
1883,Malcolm X,1992-11-18,"[{'name': 'Drama'}, {'name': 'History'}]"
976734,Canary Black,2024-10-10,"[{'name': 'Action'}, {'name': 'Thriller'}, {'name': 'Crime'}]"
1880,Red Dawn,1984-08-10,"[{'name': 'Action'}, {'name': 'Thriller'}, {'name': 'War'}, {'name': 'Drama'}]"
75612,Oblivion,2013-04-10,"[{'name': 'Action'}, {'name': 'Science Fiction'}, {'name': 'Adventure'}, {'name': 'Mystery'}]"
829280,Enola Holmes 2,2022-11-04,"[{'name': 'Adventure'}, {'name': 'Mystery'}, {'name': 'Crime'}]"
1001311,Under Paris,2024-06-04,"[{'name': 'Action'}, {'name': 'Horror'}]"
1891,The Empire Strikes Back,1980-05-20,"[{'name': 'Adventure'}, {'name': 'Action'}, {'name': 'Science Fiction'}]"
1878,Fear and Loathing in Las Vegas,1998-05-22,"[{'name': 'Adventure'}, {'name': 'Drama'}, {'name': 'Comedy'}]"
1895,Star Wars: Episode III - Revenge of the Sith,2005-05-17,"[{'name': 'Adventure'}, {'name': 'Action'}, {'name': 'Science Fiction'}]"
10066,House of Wax,2005-05-05,"[{'name': 'Horror'}, {'name': 'Thriller'}, {'name': 'Mystery'}]"
157547,Oculus,2014-04-03,[{'name': 'Horror'}]
1885,The Karate Kid,1984-06-22,"[{'name': 'Action'}, {'name': 'Drama'}, {'name': 'Family'}]"
1894,Star Wars: Episode II - Attack of the Clones,2002-05-15,"[{'name': 'Adventure'}, {'name': 'Action'}, {'name': 'Science Fiction'}]"
1887,Marie Antoinette,2006-05-24,"[{'name': 'Drama'}, {'name': 'History'}]"
26466,Triangle,2009-10-16,[{'name': 'Horror'}]
1900,Traffic,2000-12-27,"[{'name': 'Thriller'}, {'name': 'Drama'}, {'name': 'Crime'}]"
1892,Return of the Jedi,1983-05-25,"[{'name': 'Adventure'}, {'name': 'Action'}, {'name': 'Science Fiction'}]"
1893,Star Wars: Episode I - The Phantom Menace,1999-05-19,"[{'name': 'Adventure'}, {'name': 'Action'}, {'name': 'Science Fiction'}]"
1903,Vanilla Sky,2001-12-14,"[{'name': 'Mystery'}, {'name': 'Romance'}, {'name': 'Science Fiction'}]"
1911,The 13th Warrior,1999-08-13,"[{'name': 'Adventure'}, {'name': 'History'}, {'name': 'Action'}]"
460668,I Feel Pretty,2018-04-19,"[{'name': 'Comedy'}, {'name': 'Romance'}]"
550776,Believe Me: The Abduction of Lisa McVey,2018-09-30,"[{'name': 'Drama'}, {'name': 'TV Movie'}, {'name': 'Crime'}]"
599925,Shershaah,2021-08-12,"[{'name': 'Action'}, {'name': 'Drama'}, {'name': 'Thriller'}, {'name': 'War'}]"
1304434,Nobody,2025-08-02,"[{'name': 'Animation'}, {'name': 'Adventure'}, {'name': 'Fantasy'}, {'name': 'Comedy'}]"
10096,13 Going on 30,2004-04-13,"[{'name': 'Comedy'}, {'name': 'Fantasy'}, {'name': 'Romance'}]"
10112,The Aristocats,1970-12-24,"[{'name': 'Animation'}, {'name': 'Comedy'}, {'name': 'Family'}, {'name': 'Adventure'}]"
1058694,Radical,2023-10-19,[{'name': 'Drama'}]
1923,Twin Peaks: Fire Walk with Me,1992-06-03,"[{'name': 'Drama'}, {'name': 'Mystery'}, {'name': 'Horror'}]"
1927,Hulk,2003-06-19,"[{'name': 'Science Fiction'}, {'name': 'Adventure'}, {'name': 'Action'}]"
1907,The Beach,2000-02-03,"[{'name': 'Drama'}, {'name': 'Adventure'}, {'name': 'Romance'}, {'name': 'Thriller'}]"
1933,The Others,2001-08-02,"[{'name': 'Horror'}, {'name': 'Mystery'}, {'name': 'Thriller'}]"
1904,Memoirs of a Geisha,2005-12-06,"[{'name': 'Drama'}, {'name': 'Romance'}, {'name': 'History'}]"
75656,Now You See Me,2013-05-29,"[{'name': 'Thriller'}, {'name': 'Crime'}]"
1934,Shakespeare in Love,1998-12-11,"[{'name': 'Romance'}, {'name': 'History'}, {'name': 'Comedy'}]"
10134,Cyborg,1989-04-07,"[{'name': 'Science Fiction'}, {'name': 'Action'}, {'name': 'Thriller'}, {'name': 'Adventure'}]"
1924,Superman,1978-12-14,"[{'name': 'Science Fiction'}, {'name': 'Action'}, {'name': 'Adventure'}]"
1949,Zodiac,2007-03-02,"[{'name': 'Crime'}, {'name': 'Mystery'}, {'name': 'Thriller'}]"
1288072,Keeper,2025-11-12,"[{'name': 'Horror'}, {'name': 'Mystery'}]"
567189,Tom Clancy's Without Remorse,2021-04-30,"[{'name': 'Action'}, {'name': 'Thriller'}, {'name': 'War'}]"
10140,The Chronicles of Narnia: The Voyage of the Dawn Treader,2010-12-02,"[{'name': 'Adventure'}, {'name': 'Family'}, {'name': 'Fantasy'}]"
10138,Iron Man 2,2010-04-28,"[{'name': 'Adventure'}, {'name': 'Action'}, {'name': 'Science Fiction'}]"
1930,The Amazing Spider-Man,2012-06-23,"[{'name': 'Action'}, {'name': 'Adventure'}, {'name': 'Science Fiction'}]"
10137,Stuart Little,1999-12-17,"[{'name': 'Family'}, {'name': 'Fantasy'}, {'name': 'Comedy'}, {'name': 'Adventure'}]"
1954,The Butterfly Effect,2004-01-17,"[{'name': 'Science Fiction'}, {'name': 'Thriller'}]"
632727,Texas Chainsaw Massacre,2022-02-18,"[{'name': 'Horror'}, {'name': 'Thriller'}]"
108450,The Smile of the Fox,1992-05-23,[{'name': 'Thriller'}]
92060,Michael Jackson's Thriller,1983-11-21,"[{'name': 'Horror'}, {'name': 'Music'}, {'name': 'Thriller'}]"
18334,Guinea Pig: Devil's Experiment,1985-09-04,[{'name': 'Horror'}]
10144,The Little Mermaid,1989-11-17,"[{'name': 'Animation'}, {'name': 'Family'}, {'name': 'Fantasy'}]"
75674,Act of Valor,2012-02-24,"[{'name': 'Action'}, {'name': 'Thriller'}, {'name': 'War'}]"
1948,Crank,2006-08-31,"[{'name': 'Action'}, {'name': 'Thriller'}, {'name': 'Crime'}]"
419743,Disobedience,2018-04-24,"[{'name': 'Drama'}, {'name': 'Romance'}]"
1979,Fantastic Four: Rise of the Silver Surfer,2007-06-13,"[{'name': 'Science Fiction'}, {'name': 'Adventure'}, {'name': 'Action'}]"
10145,The Forgotten,2004-09-24,"[{'name': 'Thriller'}, {'name': 'Mystery'}, {'name': 'Science Fiction'}]"
599975,Countdown,2019-10-24,"[{'name': 'Horror'}, {'name': 'Thriller'}]"
1955,The Elephant Man,1980-10-09,"[{'name': 'Drama'}, {'name': 'History'}]"
518068,Along with the Gods: The Last 49 Days,2018-08-01,"[{'name': 'Action'}, {'name': 'Adventure'}, {'name': 'Fantasy'}, {'name': 'Thriller'}]"
10152,Dumb and Dumberer: When Harry Met Lloyd,2003-04-14,[{'name': 'Comedy'}]
1965,A Perfect Murder,1998-06-05,"[{'name': 'Crime'}, {'name': 'Thriller'}, {'name': 'Drama'}]"
18360,Night at the Museum: Battle of the Smithsonian,2009-05-20,"[{'name': 'Adventure'}, {'name': 'Fantasy'}, {'name': 'Action'}, {'name': 'Comedy'}, {'name': 'Family'}]"
1991,Death Proof,2007-05-22,"[{'name': 'Action'}, {'name': 'Thriller'}]"
10159,The Rundown,2003-09-26,"[{'name': 'Adventure'}, {'name': 'Action'}, {'name': 'Comedy'}, {'name': 'Thriller'}]"
1966,Alexander,2004-11-21,"[{'name': 'War'}, {'name': 'History'}, {'name': 'Action'}, {'name': 'Adventure'}, {'name': 'Drama'}, {'name': 'Romance'}]"
1632181,Accidental Partners,2026-03-12,"[{'name': 'Comedy'}, {'name': 'Romance'}]"
10184,He's Just Not That Into You,2009-02-06,"[{'name': 'Comedy'}, {'name': 'Romance'}, {'name': 'Drama'}]"
452557,Wolf Warrior 2,2017-07-27,"[{'name': 'War'}, {'name': 'Action'}]"
1970,The Grudge,2004-10-22,"[{'name': 'Horror'}, {'name': 'Mystery'}, {'name': 'Thriller'}]"
1995,Lara Croft: Tomb Raider,2001-06-15,"[{'name': 'Adventure'}, {'name': 'Action'}, {'name': 'Fantasy'}]"
10192,Shrek Forever After,2010-05-20,"[{'name': 'Comedy'}, {'name': 'Adventure'}, {'name': 'Fantasy'}, {'name': 'Animation'}, {'name': 'Family'}]"
10196,The Last Airbender,2010-06-30,"[{'name': 'Action'}, {'name': 'Adventure'}, {'name': 'Fantasy'}]"
10195,Thor,2011-04-21,"[{'name': 'Adventure'}, {'name': 'Fantasy'}, {'name': 'Action'}]"
10193,Toy Story 3,2010-06-16,"[{'name': 'Animation'}, {'name': 'Family'}, {'name': 'Comedy'}]"
1992,Planet Terror,2007-04-06,"[{'name': 'Horror'}, {'name': 'Action'}, {'name': 'Thriller'}]"
10191,How to Train Your Dragon,2010-03-18,"[{'name': 'Fantasy'}, {'name': 'Adventure'}, {'name': 'Animation'}, {'name': 'Family'}]"
10189,Pineapple Express,2008-08-06,"[{'name': 'Action'}, {'name': 'Comedy'}, {'name': 'Crime'}]"
845783,Baghead,2023-12-28,[{'name': 'Horror'}]
845781,Red One,2024-10-31,"[{'name': 'Action'}, {'name': 'Comedy'}, {'name': 'Fantasy'}]"
313297,Kubo and the Two Strings,2016-08-18,"[{'name': 'Animation'}, {'name': 'Adventure'}, {'name': 'Family'}]"
51162,Winnie the Pooh,2011-04-06,"[{'name': 'Animation'}, {'name': 'Family'}, {'name': 'Adventure'}, {'name': 'Comedy'}]"
10198,The Princess and the Frog,2009-12-08,"[{'name': 'Animation'}, {'name': 'Romance'}, {'name': 'Fantasy'}, {'name': 'Family'}]"
10201,Yes Man,2008-12-09,"[{'name': 'Comedy'}, {'name': 'Romance'}]"
493529,Dungeons & Dragons: Honor Among Thieves,2023-03-23,"[{'name': 'Adventure'}, {'name': 'Fantasy'}, {'name': 'Comedy'}]"
18405,The Last House on the Left,2009-03-13,"[{'name': 'Crime'}, {'name': 'Thriller'}, {'name': 'Horror'}, {'name': 'Drama'}]"
2003,Anatomy of Hell,2004-01-28,[{'name': 'Drama'}]
10204,Around the World in 80 Days,2004-06-16,"[{'name': 'Action'}, {'name': 'Adventure'}, {'name': 'Comedy'}]"
2008,The Promise,2005-12-15,"[{'name': 'Fantasy'}, {'name': 'Drama'}, {'name': 'Action'}, {'name': 'Thriller'}, {'name': 'Romance'}]"
124905,Godzilla,2014-05-14,"[{'name': 'Action'}, {'name': 'Drama'}, {'name': 'Science Fiction'}]"
1075175,How to Have Sex,2023-11-02,[{'name': 'Drama'}]
2019,Hard Target,1993-04-27,"[{'name': 'Action'}, {'name': 'Thriller'}, {'name': 'Crime'}]"
2005,Sister Act,1992-05-28,"[{'name': 'Music'}, {'name': 'Comedy'}]"
370663,Below Her Mouth,2017-02-10,"[{'name': 'Drama'}, {'name': 'Romance'}]"
10200,The Day the Earth Stood Still,2008-12-10,"[{'name': 'Drama'}, {'name': 'Science Fiction'}, {'name': 'Thriller'}]"
2024,The Patriot,2000-06-28,"[{'name': 'Drama'}, {'name': 'History'}, {'name': 'War'}, {'name': 'Action'}]"
116711,Epic,2013-05-15,"[{'name': 'Animation'}, {'name': 'Adventure'}, {'name': 'Family'}, {'name': 'Fantasy'}]"
2011,Persepolis,2007-06-27,"[{'name': 'Animation'}, {'name': 'Drama'}]"
10214,Son of the Mask,2005-02-11,"[{'name': 'Fantasy'}, {'name': 'Comedy'}, {'name': 'Family'}, {'name': 'Adventure'}]"
262543,Automata,2014-10-09,"[{'name': 'Thriller'}, {'name': 'Science Fiction'}]"
1181678,¿Quieres ser mi hijo?,2023-09-21,"[{'name': 'Comedy'}, {'name': 'Romance'}]"
10222,Kickboxer,1989-04-20,"[{'name': 'Action'}, {'name': 'Thriller'}, {'name': 'Drama'}]"
10220,Rounders,1998-09-11,"[{'name': 'Drama'}, {'name': 'Crime'}]"
370665,Dilwale,2015-12-18,"[{'name': 'Crime'}, {'name': 'Action'}, {'name': 'Comedy'}]"
10216,Species II,1998-04-10,"[{'name': 'Science Fiction'}, {'name': 'Action'}, {'name': 'Horror'}]"
10228,Pokémon: The First Movie,1998-07-18,"[{'name': 'Animation'}, {'name': 'Family'}, {'name': 'Adventure'}, {'name': 'Fantasy'}, {'name': 'Action'}]"
2034,Training Day,2001-10-05,"[{'name': 'Action'}, {'name': 'Crime'}, {'name': 'Drama'}]"
2039,Moonstruck,1987-12-16,"[{'name': 'Comedy'}, {'name': 'Drama'}, {'name': 'Romance'}]"
2046,The Gift,2000-12-22,"[{'name': 'Horror'}, {'name': 'Drama'}, {'name': 'Thriller'}, {'name': 'Mystery'}]"
1083381,Backrooms,2026-05-27,"[{'name': 'Horror'}, {'name': 'Mystery'}, {'name': 'Science Fiction'}]"
2055,Open Range,2003-08-11,[{'name': 'Western'}]
75780,Jack Reacher,2012-12-20,"[{'name': 'Crime'}, {'name': 'Drama'}, {'name': 'Thriller'}, {'name': 'Action'}]"
976893,Perfect Days,2023-11-10,[{'name': 'Drama'}]
878608,Resurrection,2025-11-22,"[{'name': 'Science Fiction'}, {'name': 'Drama'}]"
116745,The Secret Life of Walter Mitty,2013-12-18,"[{'name': 'Adventure'}, {'name': 'Comedy'}, {'name': 'Drama'}, {'name': 'Fantasy'}]"
10229,A Walk to Remember,2002-01-25,"[{'name': 'Drama'}, {'name': 'Romance'}]"
2057,Original Sin,2001-05-08,"[{'name': 'Thriller'}, {'name': 'Drama'}, {'name': 'Mystery'}, {'name': 'Romance'}, {'name': 'History'}]"
2064,While You Were Sleeping,1995-04-21,"[{'name': 'Romance'}, {'name': 'Comedy'}]"
198663,The Maze Runner,2014-09-10,"[{'name': 'Action'}, {'name': 'Mystery'}, {'name': 'Science Fiction'}, {'name': 'Thriller'}]"
10246,Porky's,1981-11-13,[{'name': 'Comedy'}]
1370123,"Aida, the Movie",2026-01-30,[{'name': 'Comedy'}]
682012,Little Amélie or the Character of Rain,2025-06-25,"[{'name': 'Animation'}, {'name': 'Drama'}, {'name': 'Family'}]"
313369,La La Land,2016-12-01,"[{'name': 'Comedy'}, {'name': 'Drama'}, {'name': 'Romance'}]"
428045,Iron Mask,2019-08-16,"[{'name': 'Action'}, {'name': 'Adventure'}, {'name': 'Family'}, {'name': 'Fantasy'}]"
509967,6 Underground,2019-12-10,"[{'name': 'Action'}, {'name': 'Comedy'}, {'name': 'Thriller'}]"
2059,National Treasure,2004-11-19,"[{'name': 'Adventure'}, {'name': 'Action'}, {'name': 'Mystery'}]"
2062,Ratatouille,2007-06-28,"[{'name': 'Animation'}, {'name': 'Comedy'}, {'name': 'Family'}, {'name': 'Fantasy'}]"
2048,"I, Robot",2004-07-15,"[{'name': 'Action'}, {'name': 'Science Fiction'}]"
34851,Predators,2010-07-07,"[{'name': 'Science Fiction'}, {'name': 'Action'}, {'name': 'Thriller'}]"
976912,Graphic Desires,2023-08-31,"[{'name': 'Thriller'}, {'name': 'Crime'}]"
1116201,Iron Lung,2026-01-30,"[{'name': 'Horror'}, {'name': 'Mystery'}, {'name': 'Science Fiction'}]"
2085,Romeo Must Die,2000-03-22,"[{'name': 'Action'}, {'name': 'Crime'}, {'name': 'Thriller'}]"
2082,Halloween,2007-08-31,[{'name': 'Horror'}]
436270,Black Adam,2022-10-19,"[{'name': 'Action'}, {'name': 'Adventure'}, {'name': 'Science Fiction'}]"
256040,Bāhubali: The Beginning,2015-07-10,"[{'name': 'Action'}, {'name': 'Drama'}]"
428078,Mortal Engines,2018-11-27,"[{'name': 'Adventure'}, {'name': 'Science Fiction'}]"
59440,Warrior,2011-09-09,"[{'name': 'Drama'}, {'name': 'Action'}]"
10275,Shaolin Temple,1982-01-21,[{'name': 'Action'}]
100402,Captain America: The Winter Soldier,2014-03-20,"[{'name': 'Action'}, {'name': 'Adventure'}, {'name': 'Science Fiction'}]"
1173558,Burning Betrayal,2023-10-25,"[{'name': 'Drama'}, {'name': 'Mystery'}, {'name': 'Romance'}]"
1083433,I Know What You Did Last Summer,2025-07-16,"[{'name': 'Horror'}, {'name': 'Thriller'}, {'name': 'Mystery'}]"
59436,Midnight in Paris,2011-05-11,"[{'name': 'Fantasy'}, {'name': 'Comedy'}, {'name': 'Romance'}]"
26662,Detective Conan: The Phantom of Baker Street,2002-04-20,"[{'name': 'Animation'}, {'name': 'Mystery'}, {'name': 'Science Fiction'}]"
18329,Happy Together,1997-05-30,"[{'name': 'Drama'}, {'name': 'Romance'}]"
2108,The Breakfast Club,1985-02-15,"[{'name': 'Comedy'}, {'name': 'Drama'}]"
2100,The Last Castle,2001-10-19,"[{'name': 'Action'}, {'name': 'Drama'}, {'name': 'Thriller'}]"
2105,American Pie,1999-07-09,"[{'name': 'Comedy'}, {'name': 'Romance'}]"
2112,Payback,1999-02-05,"[{'name': 'Action'}, {'name': 'Drama'}, {'name': 'Crime'}, {'name': 'Thriller'}]"
2109,Rush Hour,1998-09-18,"[{'name': 'Action'}, {'name': 'Comedy'}, {'name': 'Crime'}]"
18491,Neon Genesis Evangelion: The End of Evangelion,1997-07-19,"[{'name': 'Animation'}, {'name': 'Science Fiction'}, {'name': 'Drama'}, {'name': 'Fantasy'}]"
43074,Ghostbusters,2016-07-14,"[{'name': 'Action'}, {'name': 'Fantasy'}, {'name': 'Comedy'}]"
239678,This Is Where I Leave You,2014-09-10,"[{'name': 'Drama'}, {'name': 'Comedy'}]"
911430,F1,2025-06-25,"[{'name': 'Action'}, {'name': 'Drama'}]"
297021,"Recently, My Sister Is Unusual",2014-05-17,"[{'name': 'Comedy'}, {'name': 'Fantasy'}, {'name': 'Romance'}]"
10315,Fantastic Mr. Fox,2009-10-14,"[{'name': 'Adventure'}, {'name': 'Animation'}, {'name': 'Comedy'}, {'name': 'Family'}]"
698438,Swapping: Perfect Neighbor,2019-11-04,[{'name': 'Romance'}]
10314,She's All That,1999-01-29,"[{'name': 'Comedy'}, {'name': 'Romance'}]"
2118,L.A. Confidential,1997-09-19,"[{'name': 'Crime'}, {'name': 'Mystery'}, {'name': 'Thriller'}]"
550988,Free Guy,2021-08-11,"[{'name': 'Comedy'}, {'name': 'Adventure'}, {'name': 'Science Fiction'}]"
2119,Days of Thunder,1990-06-27,"[{'name': 'Adventure'}, {'name': 'Action'}, {'name': 'Drama'}]"
2124,Color of Night,1994-08-19,"[{'name': 'Romance'}, {'name': 'Mystery'}, {'name': 'Thriller'}]"
2123,"Me, Myself & Irene",2000-06-22,[{'name': 'Comedy'}]
321612,Beauty and the Beast,2017-03-16,"[{'name': 'Family'}, {'name': 'Fantasy'}, {'name': 'Romance'}]"
739405,Operation Fortune: Ruse de Guerre,2023-01-04,"[{'name': 'Action'}, {'name': 'Comedy'}, {'name': 'Thriller'}, {'name': 'Adventure'}]"
2133,The Perfect Storm,2000-06-29,"[{'name': 'Drama'}, {'name': 'Adventure'}, {'name': 'Action'}]"
10323,Clash of the Titans,1981-06-12,"[{'name': 'Adventure'}, {'name': 'Fantasy'}, {'name': 'Action'}]"
10330,Freaky Friday,2003-08-05,"[{'name': 'Comedy'}, {'name': 'Family'}, {'name': 'Fantasy'}]"
10327,"Legally Blonde 2: Red, White & Blonde",2003-07-02,"[{'name': 'Comedy'}, {'name': 'Romance'}]"
1271895,96 Minutes,2025-09-05,"[{'name': 'Action'}, {'name': 'Crime'}, {'name': 'Thriller'}]"
2164,Stargate,1994-10-28,"[{'name': 'Action'}, {'name': 'Adventure'}, {'name': 'Science Fiction'}]"
329833,Zoolander 2,2016-02-06,"[{'name': 'Action'}, {'name': 'Adventure'}, {'name': 'Comedy'}]"
10358,Zack and Miri Make a Porno,2008-09-18,"[{'name': 'Comedy'}, {'name': 'Romance'}]"
10331,Night of the Living Dead,1968-10-04,"[{'name': 'Horror'}, {'name': 'Thriller'}, {'name': 'Science Fiction'}]"
10329,Congo,1995-06-09,"[{'name': 'Action'}, {'name': 'Adventure'}, {'name': 'Science Fiction'}]"
1239146,Woody Woodpecker Goes to Camp,2024-04-12,"[{'name': 'Family'}, {'name': 'Comedy'}, {'name': 'Animation'}]"
755812,"Miraculous World: New York, United HeroeZ",2020-09-25,"[{'name': 'Animation'}, {'name': 'Family'}, {'name': 'Action'}, {'name': 'Adventure'}, {'name': 'TV Movie'}]"
10340,Lady and the Tramp,1955-06-22,"[{'name': 'Animation'}, {'name': 'Family'}, {'name': 'Romance'}, {'name': 'Adventure'}, {'name': 'Comedy'}]"
1476740,Influencers,2025-07-26,"[{'name': 'Horror'}, {'name': 'Thriller'}]"
829557,365 Days: This Day,2022-04-26,"[{'name': 'Romance'}, {'name': 'Drama'}]"
10336,Spawn,1997-07-31,"[{'name': 'Action'}, {'name': 'Adventure'}, {'name': 'Fantasy'}, {'name': 'Horror'}, {'name': 'Science Fiction'}, {'name': 'Thriller'}]"
10357,Volcano,1997-04-25,"[{'name': 'Science Fiction'}, {'name': 'Action'}, {'name': 'Drama'}, {'name': 'Thriller'}]"
2140,Kiss of the Dragon,2001-07-06,"[{'name': 'Action'}, {'name': 'Crime'}, {'name': 'Thriller'}]"
2163,Breakdown,1997-05-02,"[{'name': 'Crime'}, {'name': 'Mystery'}, {'name': 'Thriller'}, {'name': 'Drama'}, {'name': 'Action'}]"
297090,The Torture Club,2014-07-19,"[{'name': 'Drama'}, {'name': 'Comedy'}]"
10376,The Legend of 1900,1998-10-28,"[{'name': 'Drama'}, {'name': 'Music'}]"
2135,The Time Machine,2002-03-04,"[{'name': 'Science Fiction'}, {'name': 'Adventure'}, {'name': 'Action'}]"
936075,Michael,2026-04-22,"[{'name': 'Music'}, {'name': 'Drama'}]"
329865,Arrival,2016-11-10,"[{'name': 'Drama'}, {'name': 'Science Fiction'}, {'name': 'Mystery'}]"
829560,The Next 365 Days,2022-08-18,"[{'name': 'Romance'}, {'name': 'Drama'}]"
10386,The Iron Giant,1999-08-06,"[{'name': 'Animation'}, {'name': 'Drama'}, {'name': 'Family'}, {'name': 'Science Fiction'}]"
10377,My Cousin Vinny,1992-03-13,"[{'name': 'Comedy'}, {'name': 'Drama'}]"
698508,Redeeming Love,2022-01-21,"[{'name': 'Romance'}, {'name': 'Drama'}, {'name': 'Western'}]"
10398,Double Jeopardy,1999-09-24,"[{'name': 'Thriller'}, {'name': 'Crime'}, {'name': 'Mystery'}]"
10428,Hackers,1995-09-14,"[{'name': 'Action'}, {'name': 'Crime'}, {'name': 'Thriller'}, {'name': 'Drama'}]"
10436,The Age of Innocence,1993-09-10,"[{'name': 'Drama'}, {'name': 'Romance'}]"
936108,Smurfs,2025-06-30,"[{'name': 'Animation'}, {'name': 'Family'}, {'name': 'Fantasy'}]"
18573,House of Wax,1953-04-16,"[{'name': 'Horror'}, {'name': 'Crime'}]"
1419406,The Shadow's Edge,2025-08-16,"[{'name': 'Action'}, {'name': 'Crime'}, {'name': 'Drama'}, {'name': 'Thriller'}]"
1239193,Deep Cover,2025-06-12,"[{'name': 'Action'}, {'name': 'Comedy'}, {'name': 'Crime'}]"
10439,Hocus Pocus,1993-07-16,"[{'name': 'Fantasy'}, {'name': 'Comedy'}, {'name': 'Family'}]"
501929,The Mitchells vs. the Machines,2021-04-22,"[{'name': 'Animation'}, {'name': 'Adventure'}, {'name': 'Comedy'}]"
26817,Sex and the Single Girl,1964-12-25,"[{'name': 'Comedy'}, {'name': 'Romance'}]"
10431,War,2007-08-24,"[{'name': 'Action'}, {'name': 'Crime'}, {'name': 'Thriller'}]"
755898,War of the Worlds,2025-07-29,"[{'name': 'Science Fiction'}, {'name': 'Thriller'}]"
1312946,The Map That Leads to You,2025-08-19,"[{'name': 'Romance'}, {'name': 'Drama'}]"
2252,Eastern Promises,2007-09-14,"[{'name': 'Thriller'}, {'name': 'Crime'}, {'name': 'Mystery'}]"
2239,Hallam Foe,2007-08-30,"[{'name': 'Drama'}, {'name': 'Comedy'}, {'name': 'Thriller'}]"
2207,16 Blocks,2006-03-01,"[{'name': 'Action'}, {'name': 'Adventure'}, {'name': 'Crime'}, {'name': 'Thriller'}]"
10413,Nowhere to Run,1993-01-15,"[{'name': 'Action'}, {'name': 'Drama'}, {'name': 'Thriller'}, {'name': 'Romance'}]"
35019,Nanny McPhee and the Big Bang,2010-03-26,"[{'name': 'Comedy'}, {'name': 'Fantasy'}, {'name': 'Family'}]"
10451,Eat Drink Man Woman,1994-08-03,"[{'name': 'Comedy'}, {'name': 'Drama'}, {'name': 'Romance'}]"
288987,That Malicious Age,1975-03-11,"[{'name': 'Drama'}, {'name': 'Romance'}]"
2253,Valkyrie,2008-12-25,"[{'name': 'Drama'}, {'name': 'Thriller'}, {'name': 'War'}]"
2251,Unfaithful,2002-05-10,"[{'name': 'Thriller'}, {'name': 'Drama'}, {'name': 'Romance'}]"
84188,Compliance,2012-08-23,"[{'name': 'Drama'}, {'name': 'Thriller'}]"
1239251,Megamind vs. the Doom Syndicate,2024-03-01,"[{'name': 'Animation'}, {'name': 'Comedy'}, {'name': 'Science Fiction'}]"
2270,Stardust,2007-08-10,"[{'name': 'Adventure'}, {'name': 'Fantasy'}, {'name': 'Romance'}, {'name': 'Family'}]"
2268,The Golden Compass,2007-12-04,"[{'name': 'Adventure'}, {'name': 'Fantasy'}]"
624860,The Matrix Resurrections,2021-12-16,"[{'name': 'Science Fiction'}, {'name': 'Action'}, {'name': 'Adventure'}]"
10471,Next Friday,2000-01-12,[{'name': 'Comedy'}]
35044,Full Body Massage,1999-07-10,"[{'name': 'Drama'}, {'name': 'TV Movie'}]"
411873,The Little Hours,2017-06-30,[{'name': 'Comedy'}]
2280,Big,1988-06-03,"[{'name': 'Fantasy'}, {'name': 'Drama'}, {'name': 'Comedy'}]"
10466,The Money Pit,1986-03-26,"[{'name': 'Comedy'}, {'name': 'Romance'}]"
2277,Bicentennial Man,1999-12-17,"[{'name': 'Drama'}, {'name': 'Romance'}, {'name': 'Science Fiction'}]"
452832,Serenity,2019-01-24,"[{'name': 'Thriller'}, {'name': 'Mystery'}, {'name': 'Drama'}]"
1124566,Sentimental Value,2025-08-20,[{'name': 'Drama'}]
2288,Closer,2004-12-03,"[{'name': 'Drama'}, {'name': 'Romance'}]"
1108211,Lost in the Stars,2023-06-22,"[{'name': 'Mystery'}, {'name': 'Crime'}, {'name': 'Thriller'}]"
18670,Legend of the Red Dragon,1994-02-05,"[{'name': 'Action'}, {'name': 'Comedy'}, {'name': 'Thriller'}]"
76025,Shame,2011-10-02,[{'name': 'Drama'}]
10474,The Basketball Diaries,1995-04-21,"[{'name': 'Drama'}, {'name': 'Crime'}]"
10489,Cujo,1983-08-10,"[{'name': 'Drama'}, {'name': 'Horror'}]"
1059064,The Instigators,2024-08-02,"[{'name': 'Crime'}, {'name': 'Comedy'}]"
10483,Death Race,2008-08-22,"[{'name': 'Action'}, {'name': 'Thriller'}, {'name': 'Science Fiction'}]"
2300,Space Jam,1996-11-15,"[{'name': 'Family'}, {'name': 'Animation'}, {'name': 'Science Fiction'}, {'name': 'Fantasy'}, {'name': 'Comedy'}]"
10494,Perfect Blue,1998-02-28,"[{'name': 'Animation'}, {'name': 'Thriller'}]"
10477,Driven,2001-04-27,"[{'name': 'Action'}, {'name': 'Drama'}]"
174341,Some Velvet Morning,2013-12-13,[{'name': 'Drama'}]
2310,Beowulf,2007-11-05,"[{'name': 'Adventure'}, {'name': 'Action'}, {'name': 'Animation'}]"
483980,Z-O-M-B-I-E-S,2018-02-16,"[{'name': 'Fantasy'}, {'name': 'Comedy'}, {'name': 'Romance'}, {'name': 'TV Movie'}]"
297222,PK,2014-12-18,"[{'name': 'Comedy'}, {'name': 'Drama'}, {'name': 'Science Fiction'}]"
10497,Bitter Moon,1992-09-02,"[{'name': 'Thriller'}, {'name': 'Drama'}, {'name': 'Romance'}]"
10495,The Karate Kid Part III,1989-06-16,"[{'name': 'Action'}, {'name': 'Family'}, {'name': 'Drama'}, {'name': 'Adventure'}]"
346364,It,2017-09-06,"[{'name': 'Horror'}, {'name': 'Thriller'}, {'name': 'Drama'}]"
379149,The Foreigner,2017-09-28,"[{'name': 'Action'}, {'name': 'Thriller'}, {'name': 'Crime'}]"
1083637,Kantara - A Legend: Chapter 1,2025-10-01,"[{'name': 'Action'}, {'name': 'Drama'}, {'name': 'Fantasy'}]"
2322,Sneakers,1992-09-09,"[{'name': 'Comedy'}, {'name': 'Crime'}, {'name': 'Drama'}]"
2289,Cold Mountain,2003-12-24,"[{'name': 'War'}, {'name': 'History'}, {'name': 'Adventure'}, {'name': 'Romance'}]"
1124620,The Monkey,2025-02-10,"[{'name': 'Horror'}, {'name': 'Comedy'}]"
10501,The Road to El Dorado,2000-03-31,"[{'name': 'Family'}, {'name': 'Adventure'}, {'name': 'Animation'}, {'name': 'Comedy'}, {'name': 'Fantasy'}]"
26877,Naked Killer,1992-12-03,"[{'name': 'Action'}, {'name': 'Crime'}, {'name': 'Thriller'}]"
18707,"Twinkle, Twinkle Lucky Stars",1985-08-15,"[{'name': 'Action'}, {'name': 'Comedy'}]"
10515,Castle in the Sky,1986-08-02,"[{'name': 'Adventure'}, {'name': 'Fantasy'}, {'name': 'Animation'}, {'name': 'Action'}, {'name': 'Family'}]"
1280282,Gabby's Dollhouse: The Movie,2025-09-13,"[{'name': 'Adventure'}, {'name': 'Animation'}, {'name': 'Comedy'}, {'name': 'Family'}, {'name': 'Fantasy'}]"
10518,Marathon Man,1976-10-08,"[{'name': 'Thriller'}, {'name': 'Crime'}, {'name': 'Drama'}]"
2330,Taxi,1998-04-08,"[{'name': 'Action'}, {'name': 'Comedy'}, {'name': 'Crime'}, {'name': 'Adventure'}]"
10527,Madagascar: Escape 2 Africa,2008-10-30,"[{'name': 'Adventure'}, {'name': 'Animation'}, {'name': 'Comedy'}, {'name': 'Family'}]"
2309,Inkheart,2008-12-11,"[{'name': 'Adventure'}, {'name': 'Family'}, {'name': 'Fantasy'}]"
10530,Pocahontas,1995-06-16,"[{'name': 'Adventure'}, {'name': 'Animation'}, {'name': 'Family'}, {'name': 'Romance'}]"
492188,Marriage Story,2019-09-28,[{'name': 'Drama'}]
10539,James and the Giant Peach,1996-04-12,"[{'name': 'Family'}, {'name': 'Animation'}, {'name': 'Adventure'}, {'name': 'Fantasy'}]"
256274,"As Above, So Below",2014-08-14,"[{'name': 'Horror'}, {'name': 'Thriller'}]"
51482,Death Note Relight 1: Visions of a God,2007-08-31,"[{'name': 'TV Movie'}, {'name': 'Crime'}, {'name': 'Drama'}, {'name': 'Fantasy'}, {'name': 'Thriller'}, {'name': 'Animation'}]"
1116465,A Legend,2024-07-05,"[{'name': 'Action'}, {'name': 'Adventure'}, {'name': 'Fantasy'}]"
600354,The Father,2020-12-23,[{'name': 'Drama'}]
936245,Hidden Face,2024-11-20,"[{'name': 'Mystery'}, {'name': 'Thriller'}]"
1034541,Terrifier 3,2024-10-09,[{'name': 'Horror'}]
10528,Sherlock Holmes,2009-12-23,"[{'name': 'Adventure'}, {'name': 'Crime'}, {'name': 'Mystery'}]"
616747,Haunted Mansion,2023-07-26,"[{'name': 'Comedy'}, {'name': 'Drama'}, {'name': 'Fantasy'}]"
10543,Fear,1996-04-12,"[{'name': 'Thriller'}, {'name': 'Horror'}]"
567604,Once Upon a Deadpool,2018-12-11,"[{'name': 'Comedy'}, {'name': 'Action'}, {'name': 'Adventure'}, {'name': 'Science Fiction'}]"
379170,Sherlock: The Abominable Bride,2016-01-01,"[{'name': 'Crime'}, {'name': 'Drama'}, {'name': 'Mystery'}, {'name': 'Thriller'}, {'name': 'TV Movie'}]"
10555,Shark Tale,2004-09-20,"[{'name': 'Animation'}, {'name': 'Action'}, {'name': 'Comedy'}, {'name': 'Family'}]"
305470,Power Rangers,2017-03-23,"[{'name': 'Action'}, {'name': 'Adventure'}, {'name': 'Science Fiction'}]"
10536,The Italian Job,1969-06-02,"[{'name': 'Crime'}, {'name': 'Comedy'}, {'name': 'Thriller'}]"
297270,Tinker Bell and the Legend of the NeverBeast,2014-12-12,"[{'name': 'Adventure'}, {'name': 'Animation'}, {'name': 'Family'}]"
10545,The Hunchback of Notre Dame,1996-06-21,"[{'name': 'Drama'}, {'name': 'Animation'}, {'name': 'Family'}]"
567609,Ready or Not,2019-08-21,"[{'name': 'Horror'}, {'name': 'Comedy'}]"
1059128,Queer,2024-11-27,"[{'name': 'Drama'}, {'name': 'Romance'}]"
158015,The Purge,2013-05-31,"[{'name': 'Science Fiction'}, {'name': 'Horror'}, {'name': 'Thriller'}]"
10559,Frequency,2000-04-28,"[{'name': 'Science Fiction'}, {'name': 'Crime'}, {'name': 'Thriller'}]"
1100099,We Live in Time,2024-10-10,"[{'name': 'Romance'}, {'name': 'Drama'}]"
2362,Westworld,1973-08-15,"[{'name': 'Adventure'}, {'name': 'Science Fiction'}, {'name': 'Western'}]"
698687,Transformers One,2024-09-11,"[{'name': 'Animation'}, {'name': 'Science Fiction'}, {'name': 'Adventure'}, {'name': 'Family'}]"
10585,Child's Play,1988-11-09,[{'name': 'Horror'}]
575813,Better Days,2019-10-25,"[{'name': 'Drama'}, {'name': 'Crime'}, {'name': 'Romance'}]"
84308,"Madrid, 1987",2012-04-13,[{'name': 'Drama'}]
780609,Men,2022-05-20,"[{'name': 'Horror'}, {'name': 'Thriller'}, {'name': 'Fantasy'}]"
1182047,The Apprentice,2024-10-09,"[{'name': 'History'}, {'name': 'Drama'}, {'name': 'Comedy'}]"
10567,Dinosaur,2000-05-19,"[{'name': 'Adventure'}, {'name': 'Animation'}, {'name': 'Drama'}, {'name': 'Family'}]"
43347,Love & Other Drugs,2010-11-22,"[{'name': 'Drama'}, {'name': 'Comedy'}, {'name': 'Romance'}]"
51540,Horrible Bosses,2011-07-08,"[{'name': 'Comedy'}, {'name': 'Crime'}]"
10586,The Ghost and the Darkness,1996-10-11,"[{'name': 'Adventure'}, {'name': 'Thriller'}, {'name': 'History'}]"
26973,Pretty Baby,1978-04-05,[{'name': 'Drama'}]
493922,Hereditary,2018-06-07,"[{'name': 'Horror'}, {'name': 'Mystery'}, {'name': 'Thriller'}]"
10591,The Girl Next Door,2004-04-09,"[{'name': 'Comedy'}, {'name': 'Romance'}]"
10590,We Were Soldiers,2002-03-01,"[{'name': 'Action'}, {'name': 'History'}, {'name': 'War'}]"
10588,The Cat in the Hat,2003-11-21,"[{'name': 'Family'}, {'name': 'Comedy'}, {'name': 'Adventure'}, {'name': 'Fantasy'}]"
18785,The Hangover,2009-06-02,[{'name': 'Comedy'}]
616820,Halloween Ends,2022-10-12,"[{'name': 'Horror'}, {'name': 'Thriller'}]"
149870,The Wind Rises,2013-07-20,"[{'name': 'Animation'}, {'name': 'Drama'}, {'name': 'History'}, {'name': 'Romance'}]"
10603,George of the Jungle,1997-07-15,"[{'name': 'Adventure'}, {'name': 'Comedy'}, {'name': 'Family'}, {'name': 'Romance'}]"
1001835,Wifelike,2022-08-12,"[{'name': 'Science Fiction'}, {'name': 'Mystery'}, {'name': 'Thriller'}]"
10601,Peter Pan,2003-12-18,"[{'name': 'Adventure'}, {'name': 'Fantasy'}, {'name': 'Family'}]"
10607,Don't Be a Menace to South Central While Drinking Your Juice in the Hood,1996-01-12,"[{'name': 'Comedy'}, {'name': 'Crime'}]"
10622,Mr. Nice Guy,1997-01-31,"[{'name': 'Crime'}, {'name': 'Action'}, {'name': 'Comedy'}]"
10617,Once Upon a Time in China,1991-08-15,"[{'name': 'Action'}, {'name': 'Drama'}]"
18823,Clash of the Titans,2010-03-26,"[{'name': 'Adventure'}, {'name': 'Fantasy'}, {'name': 'Action'}]"
526702,Black Beauty,2020-11-27,[{'name': 'Drama'}]
10632,The Hunted,2003-03-11,"[{'name': 'Drama'}, {'name': 'Action'}, {'name': 'Thriller'}, {'name': 'Crime'}]"
2428,The Greatest Story Ever Told,1965-04-09,"[{'name': 'Drama'}, {'name': 'History'}]"
149871,The Tale of The Princess Kaguya,2013-11-23,"[{'name': 'Animation'}, {'name': 'Drama'}, {'name': 'Fantasy'}]"
10637,Remember the Titans,2000-09-29,[{'name': 'Drama'}]
76163,The Expendables 2,2012-08-08,"[{'name': 'Action'}, {'name': 'Adventure'}, {'name': 'Thriller'}]"
649609,Renfield,2023-04-07,"[{'name': 'Comedy'}, {'name': 'Fantasy'}, {'name': 'Horror'}]"
10623,Cradle 2 the Grave,2003-02-28,"[{'name': 'Action'}, {'name': 'Crime'}, {'name': 'Drama'}]"
2454,The Chronicles of Narnia: Prince Caspian,2008-05-15,"[{'name': 'Adventure'}, {'name': 'Family'}, {'name': 'Fantasy'}]"
1042834,Eden,2025-04-03,"[{'name': 'Thriller'}, {'name': 'Drama'}]"
190859,American Sniper,2014-12-25,"[{'name': 'War'}, {'name': 'Action'}]"
10625,Mean Girls,2004-04-30,"[{'name': 'Drama'}, {'name': 'Comedy'}]"
10634,Friday,1995-04-26,"[{'name': 'Comedy'}, {'name': 'Drama'}]"
10659,Siegfried,2005-07-28,[{'name': 'Comedy'}]
51608,The Man from Nowhere,2010-08-04,"[{'name': 'Action'}, {'name': 'Thriller'}, {'name': 'Crime'}]"
27022,The Sorcerer's Apprentice,2010-07-13,"[{'name': 'Fantasy'}, {'name': 'Adventure'}, {'name': 'Action'}]"
10660,It Could Happen to You,1994-07-16,"[{'name': 'Comedy'}, {'name': 'Drama'}, {'name': 'Romance'}]"
18860,Swordsman,1990-04-05,"[{'name': 'Action'}, {'name': 'Adventure'}]"
993710,Back in Action,2025-01-15,"[{'name': 'Action'}, {'name': 'Comedy'}]"
51620,Death Race 2,2010-11-12,"[{'name': 'Action'}, {'name': 'Thriller'}, {'name': 'Science Fiction'}]"
10661,You Don't Mess with the Zohan,2008-06-05,"[{'name': 'Comedy'}, {'name': 'Action'}]"
76203,12 Years a Slave,2013-10-18,"[{'name': 'Drama'}, {'name': 'History'}]"
1575337,Cosmic Princess Kaguya!,2026-01-22,"[{'name': 'Animation'}, {'name': 'Fantasy'}, {'name': 'Music'}, {'name': 'Science Fiction'}]"
1280450,Stolen Girl,2025-09-04,"[{'name': 'Thriller'}, {'name': 'Action'}, {'name': 'Adventure'}]"
43436,Little Women,1949-03-10,"[{'name': 'Romance'}, {'name': 'Drama'}, {'name': 'Family'}]"
10673,Wall Street,1987-12-10,"[{'name': 'Crime'}, {'name': 'Drama'}]"
10674,Mulan,1998-06-18,"[{'name': 'Animation'}, {'name': 'Family'}, {'name': 'Adventure'}]"
2486,Eragon,2006-12-14,"[{'name': 'Fantasy'}, {'name': 'Action'}, {'name': 'Adventure'}, {'name': 'Family'}]"
2493,The Princess Bride,1987-09-25,"[{'name': 'Adventure'}, {'name': 'Fantasy'}, {'name': 'Romance'}, {'name': 'Family'}]"
238215,The Cobbler,2014-09-11,"[{'name': 'Fantasy'}, {'name': 'Comedy'}, {'name': 'Drama'}]"
264644,Room,2015-10-16,"[{'name': 'Drama'}, {'name': 'Thriller'}]"
18881,Kite,1998-02-25,"[{'name': 'Animation'}, {'name': 'Action'}, {'name': 'Thriller'}]"
412117,The Secret Life of Pets 2,2019-05-24,"[{'name': 'Animation'}, {'name': 'Comedy'}, {'name': 'Family'}, {'name': 'Adventure'}]"
10681,WALL·E,2008-06-26,"[{'name': 'Animation'}, {'name': 'Family'}, {'name': 'Science Fiction'}]"
2502,The Bourne Supremacy,2004-07-23,"[{'name': 'Action'}, {'name': 'Drama'}, {'name': 'Thriller'}]"
10693,Peter Pan,1953-02-05,"[{'name': 'Animation'}, {'name': 'Family'}, {'name': 'Adventure'}, {'name': 'Fantasy'}]"
2501,The Bourne Identity,2002-06-14,"[{'name': 'Action'}, {'name': 'Drama'}, {'name': 'Mystery'}, {'name': 'Thriller'}]"
1214931,Nuremberg,2025-11-06,"[{'name': 'History'}, {'name': 'Drama'}]"
264660,Ex Machina,2015-01-21,"[{'name': 'Drama'}, {'name': 'Science Fiction'}]"
2503,The Bourne Ultimatum,2007-08-03,"[{'name': 'Action'}, {'name': 'Drama'}, {'name': 'Mystery'}, {'name': 'Thriller'}]"
1083862,Resident Evil: Death Island,2023-06-22,"[{'name': 'Action'}, {'name': 'Animation'}, {'name': 'Science Fiction'}, {'name': 'Horror'}]"
27098,All Things Fair,1995-03-08,"[{'name': 'Drama'}, {'name': 'Romance'}, {'name': 'History'}]"
10714,The Jungle Book,1994-12-23,"[{'name': 'Family'}, {'name': 'Adventure'}, {'name': 'Drama'}]"
223702,Sausage Party,2016-07-11,"[{'name': 'Adventure'}, {'name': 'Animation'}, {'name': 'Comedy'}, {'name': 'Fantasy'}]"
59859,Kick-Ass 2,2013-07-17,"[{'name': 'Action'}, {'name': 'Adventure'}, {'name': 'Crime'}]"
592350,My Hero Academia: Heroes Rising,2019-12-20,"[{'name': 'Animation'}, {'name': 'Action'}, {'name': 'Fantasy'}, {'name': 'Adventure'}]"
526811,Simple Passion,2021-01-14,"[{'name': 'Romance'}, {'name': 'Drama'}]"
10731,The Client,1994-07-20,"[{'name': 'Drama'}, {'name': 'Thriller'}, {'name': 'Crime'}, {'name': 'Mystery'}]"
117251,White House Down,2013-06-27,"[{'name': 'Action'}, {'name': 'Drama'}, {'name': 'Thriller'}]"
1034716,People We Meet on Vacation,2026-01-06,"[{'name': 'Comedy'}, {'name': 'Romance'}, {'name': 'Drama'}]"
59860,Monte Carlo,2011-07-01,"[{'name': 'Adventure'}, {'name': 'Comedy'}, {'name': 'Romance'}]"
576004,Porno,2019-06-28,"[{'name': 'Comedy'}, {'name': 'Horror'}]"
76285,Percy Jackson: Sea of Monsters,2013-08-07,"[{'name': 'Adventure'}, {'name': 'Family'}, {'name': 'Fantasy'}]"
10715,Looney Tunes: Back in Action,2003-11-14,"[{'name': 'Animation'}, {'name': 'Comedy'}, {'name': 'Family'}]"
10757,Kabhi Khushi Kabhie Gham,2001-12-14,"[{'name': 'Comedy'}, {'name': 'Drama'}]"
10747,The Outlaw Josey Wales,1976-06-30,[{'name': 'Western'}]
10719,Elf,2003-11-07,"[{'name': 'Comedy'}, {'name': 'Family'}, {'name': 'Fantasy'}]"
600583,The Power of the Dog,2021-10-25,"[{'name': 'Drama'}, {'name': 'Western'}]"
2567,The Aviator,2004-12-17,[{'name': 'Drama'}]
10734,Escape from Alcatraz,1979-06-22,"[{'name': 'Drama'}, {'name': 'Thriller'}]"
682507,Where the Crawdads Sing,2022-07-14,"[{'name': 'Drama'}, {'name': 'Mystery'}, {'name': 'Romance'}]"
117263,Olympus Has Fallen,2013-03-20,"[{'name': 'Action'}, {'name': 'Thriller'}]"
928270,Heatwave,2022-01-17,"[{'name': 'Thriller'}, {'name': 'Drama'}]"
674324,The Banshees of Inisherin,2022-10-20,"[{'name': 'Drama'}, {'name': 'Comedy'}]"
2575,The Tailor of Panama,2001-02-11,"[{'name': 'Drama'}, {'name': 'Thriller'}]"
10771,The Tuxedo,2002-09-27,"[{'name': 'Thriller'}, {'name': 'Action'}, {'name': 'Comedy'}, {'name': 'Science Fiction'}]"
10764,Quantum of Solace,2008-10-29,"[{'name': 'Adventure'}, {'name': 'Action'}, {'name': 'Thriller'}]"
10775,Infernal Affairs,2002-12-12,"[{'name': 'Drama'}, {'name': 'Action'}, {'name': 'Thriller'}, {'name': 'Crime'}, {'name': 'Mystery'}]"
256522,Rape Zombie: Lust of the Dead 2,2013-03-23,"[{'name': 'Horror'}, {'name': 'Comedy'}]"
346648,Paddington 2,2017-11-09,"[{'name': 'Adventure'}, {'name': 'Comedy'}, {'name': 'Family'}]"
51739,The Secret World of Arrietty,2010-07-16,"[{'name': 'Fantasy'}, {'name': 'Animation'}, {'name': 'Family'}]"
1026436,Miller's Girl,2024-01-18,"[{'name': 'Thriller'}, {'name': 'Drama'}, {'name': 'Romance'}]"
10776,Little Shop of Horrors,1986-12-19,"[{'name': 'Horror'}, {'name': 'Comedy'}]"
166424,Fantastic Four,2015-08-05,"[{'name': 'Action'}, {'name': 'Adventure'}, {'name': 'Science Fiction'}]"
166426,Pirates of the Caribbean: Dead Men Tell No Tales,2017-05-23,"[{'name': 'Adventure'}, {'name': 'Action'}, {'name': 'Fantasy'}]"
10781,The Texas Chainsaw Massacre: The Beginning,2006-10-05,"[{'name': 'Horror'}, {'name': 'Thriller'}]"
166428,How to Train Your Dragon: The Hidden World,2019-01-03,"[{'name': 'Animation'}, {'name': 'Family'}, {'name': 'Adventure'}]"
10780,Overboard,1987-12-16,"[{'name': 'Comedy'}, {'name': 'Romance'}]"
109091,The Counselor,2013-10-25,"[{'name': 'Thriller'}, {'name': 'Crime'}, {'name': 'Drama'}]"
395817,The Thicket,2024-09-05,"[{'name': 'Western'}, {'name': 'Crime'}, {'name': 'Thriller'}]"
666154,Kayara,2025-01-02,"[{'name': 'Animation'}, {'name': 'Adventure'}, {'name': 'Family'}]"
2605,Short Circuit,1986-05-09,"[{'name': 'Science Fiction'}, {'name': 'Comedy'}, {'name': 'Family'}]"
158246,Melancholie der Engel,2009-05-01,"[{'name': 'Horror'}, {'name': 'Mystery'}]"
526896,Morbius,2022-03-30,"[{'name': 'Action'}, {'name': 'Science Fiction'}, {'name': 'Fantasy'}]"
59961,Safe House,2012-02-08,"[{'name': 'Action'}, {'name': 'Thriller'}]"
346672,Underworld: Blood Wars,2016-11-24,"[{'name': 'Fantasy'}, {'name': 'Action'}, {'name': 'Thriller'}, {'name': 'Science Fiction'}, {'name': 'Horror'}]"
346685,The Girl on the Train,2016-10-05,"[{'name': 'Crime'}, {'name': 'Mystery'}, {'name': 'Thriller'}]"
395834,Wind River,2017-08-03,"[{'name': 'Crime'}, {'name': 'Mystery'}, {'name': 'Drama'}, {'name': 'Thriller'}]"
10796,The One,2001-11-02,"[{'name': 'Action'}, {'name': 'Science Fiction'}, {'name': 'Thriller'}]"
76338,Thor: The Dark World,2013-10-30,"[{'name': 'Action'}, {'name': 'Adventure'}, {'name': 'Fantasy'}]"
59963,Dark Tide,2012-03-28,"[{'name': 'Thriller'}, {'name': 'Adventure'}, {'name': 'Drama'}]"
10802,Showgirls,1995-09-22,[{'name': 'Drama'}]
76341,Mad Max: Fury Road,2015-05-13,"[{'name': 'Action'}, {'name': 'Adventure'}, {'name': 'Science Fiction'}]"
2616,Uncle Buck,1989-08-16,"[{'name': 'Comedy'}, {'name': 'Drama'}, {'name': 'Family'}]"
1083968,Locked,2025-03-20,"[{'name': 'Horror'}, {'name': 'Thriller'}]"
59967,Looper,2012-09-26,"[{'name': 'Action'}, {'name': 'Thriller'}, {'name': 'Science Fiction'}]"
125509,Wrong Turn 5: Bloodlines,2012-10-18,"[{'name': 'Horror'}, {'name': 'Thriller'}]"
2619,Splash,1984-03-09,"[{'name': 'Comedy'}, {'name': 'Romance'}, {'name': 'Fantasy'}]"
43593,Piranha 3D,2010-08-20,"[{'name': 'Comedy'}, {'name': 'Horror'}]"
10830,Matilda,1996-08-02,"[{'name': 'Comedy'}, {'name': 'Family'}, {'name': 'Fantasy'}]"
346698,Barbie,2023-07-19,"[{'name': 'Comedy'}, {'name': 'Adventure'}, {'name': 'Fantasy'}]"
10810,Rosario Tijeras,2005-08-12,"[{'name': 'Crime'}, {'name': 'Romance'}, {'name': 'Drama'}]"
420426,Bleach,2018-07-20,"[{'name': 'Action'}, {'name': 'Fantasy'}, {'name': 'Adventure'}]"
2636,The Specialist,1994-10-07,"[{'name': 'Action'}, {'name': 'Thriller'}]"
363088,Ant-Man and the Wasp,2018-07-04,"[{'name': 'Action'}, {'name': 'Adventure'}, {'name': 'Science Fiction'}]"
27205,Inception,2010-07-15,"[{'name': 'Action'}, {'name': 'Science Fiction'}, {'name': 'Adventure'}]"
838209,Exhuma,2024-02-22,"[{'name': 'Mystery'}, {'name': 'Horror'}, {'name': 'Thriller'}]"
1075794,Leo,2023-11-17,"[{'name': 'Animation'}, {'name': 'Comedy'}, {'name': 'Family'}]"
256591,Focus,2015-02-25,"[{'name': 'Romance'}, {'name': 'Comedy'}, {'name': 'Crime'}]"
2640,Heathers,1989-03-31,"[{'name': 'Comedy'}, {'name': 'Crime'}]"
2637,The Mothman Prophecies,2002-01-25,"[{'name': 'Drama'}, {'name': 'Horror'}, {'name': 'Mystery'}]"
354912,Coco,2017-10-27,"[{'name': 'Family'}, {'name': 'Animation'}, {'name': 'Music'}, {'name': 'Adventure'}]"
10847,Lord of the Flies,1990-03-16,"[{'name': 'Adventure'}, {'name': 'Drama'}, {'name': 'Thriller'}]"
2655,What Lies Beneath,2000-07-21,"[{'name': 'Drama'}, {'name': 'Horror'}, {'name': 'Mystery'}, {'name': 'Thriller'}]"
10835,The Killer,1989-03-24,"[{'name': 'Action'}, {'name': 'Crime'}, {'name': 'Drama'}, {'name': 'Thriller'}]"
838240,Robot Dreams,2023-12-06,"[{'name': 'Animation'}, {'name': 'Drama'}, {'name': 'Comedy'}, {'name': 'Science Fiction'}]"
846422,The Old Guard 2,2025-07-01,"[{'name': 'Action'}, {'name': 'Fantasy'}]"
2649,The Game,1997-09-12,"[{'name': 'Drama'}, {'name': 'Thriller'}, {'name': 'Mystery'}]"
10867,Malena,2000-10-27,[{'name': 'Drama'}]
2668,Sleepy Hollow,1999-11-19,"[{'name': 'Fantasy'}, {'name': 'Thriller'}, {'name': 'Mystery'}, {'name': 'Horror'}]"
2666,Dark City,1998-02-27,"[{'name': 'Mystery'}, {'name': 'Science Fiction'}]"
502356,The Super Mario Bros. Movie,2023-04-05,"[{'name': 'Family'}, {'name': 'Comedy'}, {'name': 'Adventure'}, {'name': 'Fantasy'}, {'name': 'Animation'}]"
535167,The Wandering Earth,2019-02-05,"[{'name': 'Science Fiction'}, {'name': 'Action'}, {'name': 'Drama'}]"
51828,One Day,2011-03-02,"[{'name': 'Drama'}, {'name': 'Romance'}]"
2657,Pleasantville,1998-09-17,"[{'name': 'Fantasy'}, {'name': 'Comedy'}, {'name': 'Drama'}]"
10865,Atlantis: The Lost Empire,2001-06-02,"[{'name': 'Animation'}, {'name': 'Family'}, {'name': 'Adventure'}, {'name': 'Science Fiction'}]"
592508,Sooryavanshi,2021-11-05,"[{'name': 'Action'}, {'name': 'Crime'}, {'name': 'Thriller'}]"
297608,The Taking of Deborah Logan,2014-10-21,"[{'name': 'Horror'}, {'name': 'Mystery'}, {'name': 'Thriller'}]"
1305194,Mi prima la sexóloga 2 (de la fantasía a la realidad),2024-05-15,"[{'name': 'Comedy'}, {'name': 'Drama'}]"
2667,The Blair Witch Project,1999-07-14,"[{'name': 'Horror'}, {'name': 'Mystery'}]"
2675,Signs,2002-08-02,"[{'name': 'Thriller'}, {'name': 'Science Fiction'}, {'name': 'Horror'}]"
10895,Pinocchio,1940-02-23,"[{'name': 'Animation'}, {'name': 'Family'}, {'name': 'Fantasy'}]"
2671,Ring,1998-01-31,"[{'name': 'Horror'}, {'name': 'Thriller'}]"
502416,Ma,2019-05-29,"[{'name': 'Horror'}, {'name': 'Thriller'}]"
10897,The Little Rascals,1994-08-05,"[{'name': 'Romance'}, {'name': 'Comedy'}, {'name': 'Family'}]"
2698,Evan Almighty,2007-06-09,"[{'name': 'Fantasy'}, {'name': 'Comedy'}, {'name': 'Family'}]"
10882,Sleeping Beauty,1959-02-17,"[{'name': 'Fantasy'}, {'name': 'Animation'}, {'name': 'Romance'}, {'name': 'Family'}]"
10925,The Return of the Living Dead,1985-04-25,"[{'name': 'Comedy'}, {'name': 'Horror'}, {'name': 'Science Fiction'}]"
1297028,Rosario,2025-05-01,[{'name': 'Horror'}]
51876,Limitless,2011-03-17,"[{'name': 'Thriller'}, {'name': 'Mystery'}, {'name': 'Science Fiction'}]"
10947,High School Musical,2006-01-20,"[{'name': 'Comedy'}, {'name': 'Family'}, {'name': 'TV Movie'}, {'name': 'Music'}, {'name': 'Romance'}]"
617126,The Fantastic 4: First Steps,2025-07-23,"[{'name': 'Science Fiction'}, {'name': 'Adventure'}, {'name': 'Action'}]"
2742,Naked Lunch,1991-12-27,"[{'name': 'Crime'}, {'name': 'Drama'}]"
1370814,The Plague,2025-12-24,"[{'name': 'Drama'}, {'name': 'Thriller'}]"
10948,The Fox and the Hound,1981-07-10,"[{'name': 'Adventure'}, {'name': 'Animation'}, {'name': 'Drama'}, {'name': 'Family'}]"
666277,Past Lives,2023-06-02,"[{'name': 'Drama'}, {'name': 'Romance'}]"
2758,Addams Family Values,1993-11-19,"[{'name': 'Comedy'}, {'name': 'Family'}, {'name': 'Fantasy'}]"
756397,Hitpig!,2024-11-01,"[{'name': 'Animation'}, {'name': 'Comedy'}, {'name': 'Adventure'}, {'name': 'Family'}]"
2756,The Abyss,1989-08-09,"[{'name': 'Adventure'}, {'name': 'Thriller'}, {'name': 'Science Fiction'}]"
395992,Life,2017-03-22,"[{'name': 'Horror'}, {'name': 'Science Fiction'}, {'name': 'Mystery'}]"
76493,The Dictator,2012-05-15,[{'name': 'Comedy'}]
76492,Hotel Transylvania,2012-09-20,"[{'name': 'Animation'}, {'name': 'Comedy'}, {'name': 'Family'}, {'name': 'Fantasy'}]"
2770,American Pie 2,2001-08-10,"[{'name': 'Comedy'}, {'name': 'Romance'}]"
10950,I Am Sam,2001-12-28,[{'name': 'Drama'}]
10972,Session 9,2001-08-10,"[{'name': 'Horror'}, {'name': 'Mystery'}, {'name': 'Drama'}]"
395991,Only the Brave,2017-09-22,"[{'name': 'Drama'}, {'name': 'History'}]"
395990,Death Wish,2018-03-01,"[{'name': 'Action'}, {'name': 'Crime'}, {'name': 'Thriller'}, {'name': 'Drama'}]"
330457,Frozen II,2019-11-20,"[{'name': 'Family'}, {'name': 'Animation'}, {'name': 'Adventure'}, {'name': 'Comedy'}, {'name': 'Fantasy'}]"
2787,Pitch Black,2000-02-18,"[{'name': 'Thriller'}, {'name': 'Science Fiction'}, {'name': 'Action'}]"
10974,Armour of God,1986-08-16,"[{'name': 'Adventure'}, {'name': 'Action'}, {'name': 'Comedy'}]"
944864,The Takeover,2022-11-01,"[{'name': 'Action'}, {'name': 'Crime'}, {'name': 'Thriller'}]"
10975,Operation Condor,1991-02-07,"[{'name': 'Action'}, {'name': 'Adventure'}, {'name': 'Crime'}, {'name': 'Thriller'}]"
330459,Rogue One: A Star Wars Story,2016-12-14,"[{'name': 'Action'}, {'name': 'Adventure'}, {'name': 'Science Fiction'}]"
19173,Diary of a Nymphomaniac,2008-10-17,"[{'name': 'Drama'}, {'name': 'Romance'}]"
19186,The Parent Trap,1961-05-13,"[{'name': 'Comedy'}, {'name': 'Family'}, {'name': 'Romance'}]"
68335,Now & Later,2009-02-18,[{'name': 'Drama'}]
10982,Hoodwinked!,2005-12-16,"[{'name': 'Animation'}, {'name': 'Comedy'}, {'name': 'Crime'}, {'name': 'Family'}, {'name': 'Mystery'}]"
10995,The Lover,1992-01-22,"[{'name': 'Drama'}, {'name': 'Romance'}]"
10992,Cats & Dogs,2001-07-04,"[{'name': 'Family'}, {'name': 'Comedy'}, {'name': 'Action'}, {'name': 'Adventure'}, {'name': 'Fantasy'}]"
11000,The Birdcage,1996-03-03,"[{'name': 'Comedy'}, {'name': 'Romance'}]"
1043197,Dust Bunny,2025-12-11,"[{'name': 'Fantasy'}, {'name': 'Action'}, {'name': 'Horror'}]"
11007,Cheaper by the Dozen,2003-12-24,"[{'name': 'Comedy'}, {'name': 'Family'}, {'name': 'Drama'}]"
166666,3096 Days,2013-02-21,[{'name': 'Drama'}]
436969,The Suicide Squad,2021-07-28,"[{'name': 'Action'}, {'name': 'Comedy'}, {'name': 'Adventure'}]"
11001,Blue Streak,1999-09-17,"[{'name': 'Action'}, {'name': 'Comedy'}, {'name': 'Crime'}]"
19185,Night of the Living Dead,1990-10-19,[{'name': 'Horror'}]
961268,Ballerina,2023-10-06,"[{'name': 'Action'}, {'name': 'Thriller'}]"
281338,War for the Planet of the Apes,2017-07-11,"[{'name': 'Drama'}, {'name': 'Science Fiction'}, {'name': 'War'}]"
10999,Commando,1985-10-03,"[{'name': 'Action'}, {'name': 'Adventure'}, {'name': 'Thriller'}]"
690957,Pushpa: The Rise,2021-12-16,"[{'name': 'Action'}, {'name': 'Drama'}, {'name': 'Thriller'}]"
68341,Cold Fish,2011-01-29,"[{'name': 'Drama'}, {'name': 'Thriller'}, {'name': 'Crime'}, {'name': 'Horror'}]"
11011,Ri¢hie Ri¢h,1994-12-19,"[{'name': 'Comedy'}, {'name': 'Family'}]"
11012,Damage,1992-12-02,"[{'name': 'Drama'}, {'name': 'Romance'}]"
633604,Yummy,2019-12-13,"[{'name': 'Horror'}, {'name': 'Comedy'}]"
10997,Farewell My Concubine,1993-01-01,[{'name': 'Drama'}]
11023,Thirteen,2003-08-20,[{'name': 'Drama'}]
2832,Identity,2003-04-25,"[{'name': 'Mystery'}, {'name': 'Thriller'}]"
11008,Major Payne,1995-03-24,"[{'name': 'Adventure'}, {'name': 'Comedy'}, {'name': 'Family'}]"
969492,Land of Bad,2024-02-09,"[{'name': 'Action'}, {'name': 'War'}, {'name': 'Thriller'}]"
420634,Terrifier,2018-01-25,[{'name': 'Horror'}]
11013,Secretary,2002-09-20,"[{'name': 'Romance'}, {'name': 'Drama'}, {'name': 'Comedy'}]"
453395,Doctor Strange in the Multiverse of Madness,2022-05-04,"[{'name': 'Fantasy'}, {'name': 'Action'}, {'name': 'Adventure'}]"
1084187,Pretty Lethal,2026-03-13,"[{'name': 'Music'}, {'name': 'Thriller'}, {'name': 'Action'}, {'name': 'Horror'}]"
346910,The Predator,2018-09-05,"[{'name': 'Science Fiction'}, {'name': 'Action'}, {'name': 'Thriller'}]"
453405,Gemini Man,2019-10-02,"[{'name': 'Science Fiction'}, {'name': 'Action'}, {'name': 'Adventure'}, {'name': 'Thriller'}, {'name': 'Drama'}]"
297762,Wonder Woman,2017-05-30,"[{'name': 'Action'}, {'name': 'Adventure'}, {'name': 'Fantasy'}]"
559907,The Green Knight,2021-07-29,"[{'name': 'Adventure'}, {'name': 'Drama'}, {'name': 'Fantasy'}]"
11045,Taxi,2004-10-06,"[{'name': 'Action'}, {'name': 'Comedy'}, {'name': 'Thriller'}, {'name': 'Crime'}]"
379686,Space Jam: A New Legacy,2021-07-08,"[{'name': 'Family'}, {'name': 'Comedy'}, {'name': 'Adventure'}, {'name': 'Animation'}, {'name': 'Science Fiction'}]"
297761,Suicide Squad,2016-08-03,"[{'name': 'Action'}, {'name': 'Adventure'}, {'name': 'Fantasy'}]"
11036,The Notebook,2004-06-25,"[{'name': 'Romance'}, {'name': 'Drama'}]"
1084199,Companion,2025-01-22,"[{'name': 'Horror'}, {'name': 'Science Fiction'}, {'name': 'Thriller'}]"
568124,Encanto,2021-10-13,"[{'name': 'Animation'}, {'name': 'Comedy'}, {'name': 'Family'}, {'name': 'Fantasy'}]"
592695,Pleasure,2021-10-08,[{'name': 'Drama'}]
256835,Toy Story That Time Forgot,2014-12-02,"[{'name': 'Animation'}, {'name': 'Family'}, {'name': 'Adventure'}, {'name': 'Comedy'}]"
76600,Avatar: The Way of Water,2022-12-14,"[{'name': 'Action'}, {'name': 'Adventure'}, {'name': 'Science Fiction'}]"
625450,Tall Girl,2019-09-13,"[{'name': 'Comedy'}, {'name': 'Drama'}, {'name': 'Romance'}]"
1035048,Elevation,2024-11-07,"[{'name': 'Action'}, {'name': 'Science Fiction'}, {'name': 'Thriller'}]"
543540,The Perfect Date,2019-04-12,"[{'name': 'Romance'}, {'name': 'Comedy'}]"
1166133,Bramayugam,2024-02-15,"[{'name': 'Horror'}, {'name': 'Thriller'}, {'name': 'Drama'}]"
19277,In Hell,2003-11-24,"[{'name': 'Action'}, {'name': 'Drama'}, {'name': 'Thriller'}]"
76617,Texas Chainsaw 3D,2013-01-03,"[{'name': 'Horror'}, {'name': 'Thriller'}]"
994108,All of Us Strangers,2023-12-22,"[{'name': 'Romance'}, {'name': 'Drama'}, {'name': 'Fantasy'}]"
297802,Aquaman,2018-12-07,"[{'name': 'Action'}, {'name': 'Adventure'}, {'name': 'Fantasy'}]"
2899,Asterix & Obelix: Mission Cleopatra,2002-01-30,"[{'name': 'Family'}, {'name': 'Fantasy'}, {'name': 'Comedy'}, {'name': 'Adventure'}]"
1330021,Remarkably Bright Creatures,2026-05-07,"[{'name': 'Drama'}, {'name': 'Mystery'}]"
109414,This Is the End,2013-06-12,"[{'name': 'Action'}, {'name': 'Comedy'}]"
1084242,Zootopia 2,2025-11-26,"[{'name': 'Animation'}, {'name': 'Adventure'}, {'name': 'Comedy'}, {'name': 'Mystery'}, {'name': 'Family'}]"
559969,El Camino: A Breaking Bad Movie,2019-10-11,"[{'name': 'Crime'}, {'name': 'Drama'}, {'name': 'Thriller'}]"
207703,Kingsman: The Secret Service,2015-01-24,"[{'name': 'Crime'}, {'name': 'Comedy'}, {'name': 'Action'}, {'name': 'Adventure'}]"
2898,As Good as It Gets,1997-12-19,"[{'name': 'Drama'}, {'name': 'Comedy'}, {'name': 'Romance'}]"
985939,Fall,2022-08-11,[{'name': 'Thriller'}]
2907,The Addams Family,1991-11-22,"[{'name': 'Comedy'}, {'name': 'Fantasy'}]"
273248,The Hateful Eight,2015-12-25,"[{'name': 'Drama'}, {'name': 'Mystery'}, {'name': 'Western'}]"
1641319,Sniper: No Nation,2026-04-07,"[{'name': 'Action'}, {'name': 'Thriller'}]"
109428,Evil Dead,2013-04-05,[{'name': 'Horror'}]
469877,Picture of Beauty,2017-03-14,"[{'name': 'Drama'}, {'name': 'Romance'}]"
822119,Captain America: Brave New World,2025-02-12,"[{'name': 'Action'}, {'name': 'Thriller'}, {'name': 'Science Fiction'}]"
1493859,Pizza Movie,2026-03-13,[{'name': 'Comedy'}]
11104,Chungking Express,1994-07-14,"[{'name': 'Drama'}, {'name': 'Comedy'}, {'name': 'Romance'}]"
76649,Pompeii,2014-02-18,"[{'name': 'Action'}, {'name': 'Adventure'}, {'name': 'History'}, {'name': 'Romance'}, {'name': 'Drama'}]"
1387382,Hunting Season,2025-12-05,"[{'name': 'Action'}, {'name': 'Drama'}, {'name': 'Thriller'}]"
338803,The Treacherous,2015-05-21,"[{'name': 'Drama'}, {'name': 'History'}, {'name': 'Crime'}]"
109431,Identity Thief,2013-02-07,"[{'name': 'Comedy'}, {'name': 'Crime'}]"
109439,The Hangover Part III,2013-05-23,[{'name': 'Comedy'}]
568160,Weathering with You,2019-07-19,"[{'name': 'Animation'}, {'name': 'Drama'}, {'name': 'Fantasy'}, {'name': 'Romance'}]"
11134,Police Story 3: Super Cop,1992-07-04,"[{'name': 'Action'}, {'name': 'Crime'}, {'name': 'Thriller'}]"
11130,The Princess Diaries 2: Royal Engagement,2004-08-06,"[{'name': 'Comedy'}, {'name': 'Drama'}, {'name': 'Family'}, {'name': 'Romance'}]"
109424,Captain Phillips,2013-10-10,"[{'name': 'Action'}, {'name': 'Drama'}, {'name': 'Thriller'}]"
109445,Frozen,2013-11-20,"[{'name': 'Animation'}, {'name': 'Family'}, {'name': 'Adventure'}, {'name': 'Fantasy'}]"
109451,Cloudy with a Chance of Meatballs 2,2013-09-26,"[{'name': 'Animation'}, {'name': 'Family'}, {'name': 'Comedy'}]"
109418,Grown Ups 2,2013-07-11,[{'name': 'Comedy'}]
551824,Sex Weather,2018-10-01,"[{'name': 'Romance'}, {'name': 'Drama'}, {'name': 'Comedy'}]"
1198984,We Bury the Dead,2026-01-01,"[{'name': 'Horror'}, {'name': 'Thriller'}]"
60307,Diary of a Wimpy Kid: Rodrick Rules,2011-03-25,"[{'name': 'Family'}, {'name': 'Comedy'}]"
68507,Jan Dara,2001-09-28,"[{'name': 'Romance'}, {'name': 'Drama'}]"
404368,Ralph Breaks the Internet,2018-11-20,"[{'name': 'Action'}, {'name': 'Adventure'}, {'name': 'Animation'}, {'name': 'Comedy'}, {'name': 'Family'}, {'name': 'Science Fiction'}]"
1198994,Send Help,2026-01-22,"[{'name': 'Horror'}, {'name': 'Thriller'}, {'name': 'Comedy'}]"
101299,The Hunger Games: Catching Fire,2013-11-15,"[{'name': 'Adventure'}, {'name': 'Action'}, {'name': 'Science Fiction'}]"
560016,Monkey Man,2024-04-03,"[{'name': 'Action'}, {'name': 'Thriller'}]"
84892,The Perks of Being a Wallflower,2012-09-20,[{'name': 'Drama'}]
1010581,My Fault,2023-06-08,"[{'name': 'Drama'}, {'name': 'Romance'}, {'name': 'Thriller'}]"
207768,I Spit on Your Grave 2,2013-08-25,"[{'name': 'Thriller'}, {'name': 'Horror'}, {'name': 'Crime'}]"
60304,Hansel & Gretel: Witch Hunters,2013-01-17,"[{'name': 'Fantasy'}, {'name': 'Horror'}, {'name': 'Action'}]"
396194,Ennio,2022-02-17,"[{'name': 'Documentary'}, {'name': 'Music'}, {'name': 'History'}]"
2976,Hairspray,2007-07-19,"[{'name': 'Comedy'}, {'name': 'Romance'}, {'name': 'Drama'}]"
1223601,Sisu: Road to Revenge,2025-10-21,"[{'name': 'Action'}, {'name': 'War'}, {'name': 'Thriller'}]"
1010600,The Strangers: Chapter 1,2024-05-15,"[{'name': 'Horror'}, {'name': 'Thriller'}]"
60308,Moneyball,2011-09-23,[{'name': 'Drama'}]
11186,Child's Play 2,1990-11-09,[{'name': 'Horror'}]
11153,National Lampoon's Vacation,1983-07-29,"[{'name': 'Comedy'}, {'name': 'Adventure'}]"
43947,I Spit on Your Grave,2010-06-17,"[{'name': 'Thriller'}, {'name': 'Crime'}, {'name': 'Horror'}]"
27576,Salt,2010-07-21,"[{'name': 'Action'}, {'name': 'Mystery'}, {'name': 'Thriller'}]"
27578,The Expendables,2010-08-07,"[{'name': 'Thriller'}, {'name': 'Adventure'}, {'name': 'Action'}]"
76726,Chronicle,2012-02-01,"[{'name': 'Science Fiction'}, {'name': 'Drama'}, {'name': 'Thriller'}]"
1469354,Border Hunters,2025-10-20,"[{'name': 'Action'}, {'name': 'Thriller'}]"
560057,The Sea Beast,2022-06-24,"[{'name': 'Animation'}, {'name': 'Adventure'}, {'name': 'Action'}, {'name': 'Family'}, {'name': 'Fantasy'}]"
27581,The Other Guys,2010-08-06,"[{'name': 'Comedy'}, {'name': 'Action'}]"
11187,Child's Play 3,1991-08-30,"[{'name': 'Horror'}, {'name': 'Thriller'}]"
2978,Ghostbusters II,1989-06-16,"[{'name': 'Comedy'}, {'name': 'Fantasy'}]"
19404,Dilwale Dulhania Le Jayenge,1995-10-20,"[{'name': 'Comedy'}, {'name': 'Drama'}, {'name': 'Romance'}]"
420809,Maleficent: Mistress of Evil,2019-10-16,"[{'name': 'Family'}, {'name': 'Fantasy'}, {'name': 'Adventure'}]"
117691,Gangs of Wasseypur - Part 1,2012-06-22,"[{'name': 'Action'}, {'name': 'Thriller'}, {'name': 'Crime'}]"
27582,The Mechanic,2011-01-13,"[{'name': 'Action'}, {'name': 'Thriller'}, {'name': 'Crime'}]"
11199,Wild Hogs,2007-03-02,"[{'name': 'Action'}, {'name': 'Adventure'}, {'name': 'Comedy'}]"
986056,Thunderbolts*,2025-04-30,"[{'name': 'Action'}, {'name': 'Science Fiction'}, {'name': 'Adventure'}]"
11212,Baby's Day Out,1994-07-01,"[{'name': 'Comedy'}, {'name': 'Adventure'}, {'name': 'Family'}, {'name': 'Crime'}]"
420814,Christopher Robin,2018-08-01,"[{'name': 'Adventure'}, {'name': 'Comedy'}, {'name': 'Family'}, {'name': 'Fantasy'}]"
11198,City Hunter,1993-01-14,"[{'name': 'Action'}, {'name': 'Adventure'}, {'name': 'Comedy'}, {'name': 'Romance'}]"
420808,Peter Pan & Wendy,2023-04-20,"[{'name': 'Family'}, {'name': 'Fantasy'}, {'name': 'Action'}, {'name': 'Adventure'}]"
76758,The Flowers of War,2011-12-15,"[{'name': 'Drama'}, {'name': 'History'}, {'name': 'War'}]"
216015,Fifty Shades of Grey,2015-02-11,"[{'name': 'Drama'}, {'name': 'Romance'}, {'name': 'Thriller'}]"
592831,Megalopolis,2024-09-25,"[{'name': 'Science Fiction'}, {'name': 'Drama'}, {'name': 'Fantasy'}]"
11216,Cinema Paradiso,1988-11-17,"[{'name': 'Drama'}, {'name': 'Romance'}]"
11220,Fallen Angels,1995-09-06,"[{'name': 'Action'}, {'name': 'Romance'}, {'name': 'Crime'}]"
3021,1408,2007-06-22,"[{'name': 'Horror'}, {'name': 'Mystery'}]"
3034,Young Frankenstein,1974-12-15,[{'name': 'Comedy'}]
986070,The Wrath of Becky,2023-05-26,"[{'name': 'Action'}, {'name': 'Horror'}, {'name': 'Thriller'}]"
11230,Drunken Master,1978-10-05,"[{'name': 'Action'}, {'name': 'Comedy'}]"
1248226,Playdate,2025-11-04,"[{'name': 'Action'}, {'name': 'Comedy'}, {'name': 'Family'}]"
11231,The Next Karate Kid,1994-07-18,"[{'name': 'Action'}, {'name': 'Drama'}, {'name': 'Family'}, {'name': 'Adventure'}]"
420818,The Lion King,2019-07-12,"[{'name': 'Adventure'}, {'name': 'Drama'}, {'name': 'Family'}, {'name': 'Animation'}]"
76757,Jupiter Ascending,2015-02-04,"[{'name': 'Science Fiction'}, {'name': 'Fantasy'}, {'name': 'Action'}]"
11224,Cinderella,1950-02-22,"[{'name': 'Family'}, {'name': 'Fantasy'}, {'name': 'Animation'}, {'name': 'Romance'}]"
11247,A Cinderella Story,2004-07-16,"[{'name': 'Comedy'}, {'name': 'Family'}, {'name': 'Romance'}]"
11237,Anacondas: The Hunt for the Blood Orchid,2004-08-25,"[{'name': 'Adventure'}, {'name': 'Horror'}, {'name': 'Thriller'}]"
11249,Seed of Chucky,2004-11-12,"[{'name': 'Horror'}, {'name': 'Comedy'}]"
412656,Chaos Walking,2021-02-24,"[{'name': 'Fantasy'}, {'name': 'Science Fiction'}, {'name': 'Adventure'}]"
11253,Hellboy II: The Golden Army,2008-07-11,"[{'name': 'Fantasy'}, {'name': 'Action'}]"
265195,Wild Tales,2014-08-21,"[{'name': 'Drama'}, {'name': 'Thriller'}, {'name': 'Comedy'}]"
396263,GANTZ:O,2016-10-14,"[{'name': 'Animation'}, {'name': 'Science Fiction'}, {'name': 'Action'}, {'name': 'Drama'}]"
1100782,Smile 2,2024-10-16,"[{'name': 'Horror'}, {'name': 'Music'}, {'name': 'Mystery'}, {'name': 'Thriller'}]"
3050,Doctor Dolittle,1998-06-26,"[{'name': 'Comedy'}, {'name': 'Family'}, {'name': 'Fantasy'}]"
986097,HIM,2025-09-18,"[{'name': 'Horror'}, {'name': 'Mystery'}]"
3049,Ace Ventura: Pet Detective,1994-02-04,"[{'name': 'Comedy'}, {'name': 'Crime'}, {'name': 'Mystery'}]"
1272837,28 Years Later: The Bone Temple,2026-01-14,"[{'name': 'Horror'}, {'name': 'Thriller'}, {'name': 'Science Fiction'}]"
314365,Spotlight,2015-11-06,"[{'name': 'Drama'}, {'name': 'History'}]"
535544,Downton Abbey,2019-09-12,"[{'name': 'Drama'}, {'name': 'Romance'}, {'name': 'History'}]"
338953,Fantastic Beasts: The Secrets of Dumbledore,2022-04-06,"[{'name': 'Fantasy'}, {'name': 'Adventure'}]"
338947,Hellraiser,2022-09-28,"[{'name': 'Horror'}, {'name': 'Thriller'}]"
175112,Tinker Bell and the Pirate Fairy,2014-02-13,"[{'name': 'Animation'}, {'name': 'Family'}]"
52212,Miranda,1985-10-15,"[{'name': 'Comedy'}, {'name': 'Romance'}]"
265208,Wild Card,2015-01-14,"[{'name': 'Thriller'}, {'name': 'Crime'}, {'name': 'Action'}]"
338958,Disenchanted,2022-11-18,"[{'name': 'Comedy'}, {'name': 'Family'}, {'name': 'Fantasy'}]"
82023,Hotel Desire,2011-12-07,"[{'name': 'Drama'}, {'name': 'Romance'}]"
1035259,The Naked Gun,2025-07-30,"[{'name': 'Action'}, {'name': 'Comedy'}, {'name': 'Crime'}]"
543753,High Society,2018-08-29,[{'name': 'Drama'}]
338952,Fantastic Beasts: The Crimes of Grindelwald,2018-11-14,"[{'name': 'Fantasy'}, {'name': 'Adventure'}]"
519182,Despicable Me 4,2024-06-20,"[{'name': 'Action'}, {'name': 'Animation'}, {'name': 'Comedy'}, {'name': 'Family'}, {'name': 'Science Fiction'}]"
338969,The Toxic Avenger Unrated,2025-08-28,"[{'name': 'Action'}, {'name': 'Comedy'}, {'name': 'Science Fiction'}]"
11284,Freddy's Dead: The Final Nightmare,1991-09-05,"[{'name': 'Horror'}, {'name': 'Thriller'}, {'name': 'Comedy'}]"
11286,The Cannonball Run,1981-06-19,"[{'name': 'Action'}, {'name': 'Comedy'}, {'name': 'Family'}]"
35862,Wedding Trough,1975-10-01,"[{'name': 'Horror'}, {'name': 'Romance'}]"
3082,Modern Times,1936-02-05,"[{'name': 'Comedy'}, {'name': 'Drama'}, {'name': 'Romance'}]"
19503,God of Gamblers' Return,1994-12-15,"[{'name': 'Action'}, {'name': 'Comedy'}]"
150540,Inside Out,2015-06-17,"[{'name': 'Animation'}, {'name': 'Family'}, {'name': 'Adventure'}, {'name': 'Drama'}, {'name': 'Comedy'}]"
1412113,Squid Game: Making Season 2,2025-01-02,[{'name': 'Documentary'}]
44048,Unstoppable,2010-11-04,"[{'name': 'Action'}, {'name': 'Thriller'}]"
338967,Zombieland: Double Tap,2019-10-09,"[{'name': 'Horror'}, {'name': 'Comedy'}]"
11283,Nanny McPhee,2005-10-21,"[{'name': 'Fantasy'}, {'name': 'Comedy'}, {'name': 'Family'}]"
207933,Stonehearst Asylum,2014-10-23,"[{'name': 'Thriller'}, {'name': 'Mystery'}, {'name': 'Horror'}]"
3116,Midnight Cowboy,1969-05-25,[{'name': 'Drama'}]
11319,The Rescuers,1977-06-22,"[{'name': 'Fantasy'}, {'name': 'Family'}, {'name': 'Animation'}, {'name': 'Adventure'}]"
11324,Shutter Island,2010-02-14,"[{'name': 'Drama'}, {'name': 'Thriller'}, {'name': 'Mystery'}]"
11287,A League of Their Own,1992-07-01,"[{'name': 'Comedy'}, {'name': 'Drama'}]"
338970,Tomb Raider,2018-03-05,"[{'name': 'Action'}, {'name': 'Adventure'}, {'name': 'Fantasy'}]"
1371185,Song Sung Blue,2025-12-15,"[{'name': 'Music'}, {'name': 'Romance'}, {'name': 'Drama'}]"
11322,Public Enemies,2009-07-01,"[{'name': 'Crime'}, {'name': 'History'}, {'name': 'Drama'}]"
207932,Inferno,2016-10-13,"[{'name': 'Mystery'}, {'name': 'Thriller'}, {'name': 'Action'}]"
1010755,The Strangers: Chapter 3,2026-02-05,"[{'name': 'Horror'}, {'name': 'Thriller'}]"
3134,Baise-moi,2000-06-28,"[{'name': 'Crime'}, {'name': 'Drama'}, {'name': 'Thriller'}]"
3131,Gangs of New York,2002-12-14,"[{'name': 'Drama'}, {'name': 'History'}, {'name': 'Crime'}]"
257088,Point Break,2015-12-03,"[{'name': 'Action'}, {'name': 'Adventure'}, {'name': 'Crime'}, {'name': 'Thriller'}]"
347201,Boruto: Naruto the Movie,2015-08-07,"[{'name': 'Adventure'}, {'name': 'Action'}, {'name': 'Animation'}, {'name': 'Comedy'}, {'name': 'Fantasy'}]"
3114,The Searchers,1956-05-16,[{'name': 'Western'}]
175168,Rape Zombie: Lust of the Dead,2012-07-13,"[{'name': 'Comedy'}, {'name': 'Horror'}]"
273477,Scouts Guide to the Zombie Apocalypse,2015-10-23,"[{'name': 'Comedy'}, {'name': 'Horror'}]"
1010756,The Strangers: Chapter 2,2025-09-25,"[{'name': 'Horror'}, {'name': 'Thriller'}]"
11329,Runaway Jury,2003-01-16,"[{'name': 'Drama'}, {'name': 'Thriller'}]"
257091,Get Hard,2015-03-26,[{'name': 'Comedy'}]
623,A Fish Called Wanda,1988-07-15,"[{'name': 'Comedy'}, {'name': 'Crime'}]"
273481,Sicario,2015-09-17,"[{'name': 'Action'}, {'name': 'Crime'}, {'name': 'Thriller'}]"
396371,Molly's Game,2017-12-07,"[{'name': 'Drama'}, {'name': 'Crime'}]"
1109086,War 2,2025-08-13,"[{'name': 'Action'}, {'name': 'Thriller'}]"
44115,127 Hours,2010-11-12,"[{'name': 'Adventure'}, {'name': 'Drama'}, {'name': 'Thriller'}]"
11360,Dumbo,1941-10-31,"[{'name': 'Animation'}, {'name': 'Family'}]"
592983,Spellbound,2024-11-22,"[{'name': 'Animation'}, {'name': 'Fantasy'}, {'name': 'Family'}, {'name': 'Adventure'}, {'name': 'Comedy'}]"
11351,Jeepers Creepers 2,2003-08-08,[{'name': 'Horror'}]
11379,The Adventures of Buckaroo Banzai Across the 8th Dimension,1984-08-10,"[{'name': 'Science Fiction'}, {'name': 'Comedy'}, {'name': 'Adventure'}, {'name': 'Romance'}]"
11349,Cape Fear,1962-04-12,"[{'name': 'Thriller'}, {'name': 'Drama'}, {'name': 'Crime'}]"
1584215,The Internship,2026-01-13,[{'name': 'Action'}]
68718,Django Unchained,2012-12-25,"[{'name': 'Drama'}, {'name': 'Western'}]"
11362,The Count of Monte Cristo,2002-01-23,"[{'name': 'Adventure'}, {'name': 'Drama'}, {'name': 'History'}]"
1305717,Hunting Grounds,2025-05-16,"[{'name': 'Action'}, {'name': 'Thriller'}]"
3175,Barry Lyndon,1975-12-18,"[{'name': 'Drama'}, {'name': 'Romance'}, {'name': 'War'}, {'name': 'History'}]"
68721,Iron Man 3,2013-04-18,"[{'name': 'Action'}, {'name': 'Adventure'}, {'name': 'Science Fiction'}]"
19564,The Prophecy: Uprising,2005-06-07,"[{'name': 'Fantasy'}, {'name': 'Horror'}, {'name': 'Thriller'}]"
3176,Battle Royale,2000-12-16,"[{'name': 'Drama'}, {'name': 'Thriller'}, {'name': 'Action'}]"
3170,Bambi,1942-08-14,"[{'name': 'Animation'}, {'name': 'Drama'}, {'name': 'Family'}]"
986206,Night Carnage,2025-07-29,"[{'name': 'Action'}, {'name': 'Horror'}, {'name': 'Romance'}]"
11371,The Score,2001-07-13,"[{'name': 'Action'}, {'name': 'Crime'}, {'name': 'Thriller'}, {'name': 'Mystery'}, {'name': 'Drama'}]"
68724,Elysium,2013-08-07,"[{'name': 'Science Fiction'}, {'name': 'Action'}, {'name': 'Drama'}, {'name': 'Thriller'}]"
437342,The First Omen,2024-04-03,[{'name': 'Horror'}]
68722,The Master,2012-09-14,[{'name': 'Drama'}]
68728,Oz the Great and Powerful,2013-03-07,"[{'name': 'Fantasy'}, {'name': 'Adventure'}, {'name': 'Family'}]"
68726,Pacific Rim,2013-07-11,"[{'name': 'Action'}, {'name': 'Science Fiction'}, {'name': 'Adventure'}]"
167032,Curse of Chucky,2013-10-08,"[{'name': 'Horror'}, {'name': 'Thriller'}]"
109689,I Want You,2012-06-22,"[{'name': 'Drama'}, {'name': 'Romance'}]"
68730,Silence,2016-12-23,"[{'name': 'Drama'}, {'name': 'History'}]"
68735,Warcraft,2016-05-25,"[{'name': 'Action'}, {'name': 'Adventure'}, {'name': 'Fantasy'}]"
445571,Game Night,2018-02-15,"[{'name': 'Mystery'}, {'name': 'Comedy'}, {'name': 'Crime'}]"
68734,Argo,2012-10-11,"[{'name': 'Drama'}, {'name': 'Thriller'}]"
68737,Seventh Son,2014-12-12,"[{'name': 'Adventure'}, {'name': 'Fantasy'}]"
158852,Tomorrowland,2015-05-19,"[{'name': 'Adventure'}, {'name': 'Family'}, {'name': 'Mystery'}, {'name': 'Science Fiction'}]"
19576,One Piece: The Movie,2000-03-04,"[{'name': 'Action'}, {'name': 'Animation'}, {'name': 'Adventure'}, {'name': 'Comedy'}, {'name': 'Fantasy'}]"
396422,Annabelle: Creation,2017-08-03,[{'name': 'Horror'}]
715931,Emancipation,2022-12-02,"[{'name': 'Drama'}, {'name': 'War'}, {'name': 'History'}]"
11397,Not Another Teen Movie,2001-12-07,[{'name': 'Comedy'}]
363676,Sully,2016-09-07,"[{'name': 'Drama'}, {'name': 'History'}]"
11422,Midway,1976-06-18,"[{'name': 'Action'}, {'name': 'Drama'}, {'name': 'History'}, {'name': 'War'}]"
1084577,Balls Up,2026-04-15,"[{'name': 'Comedy'}, {'name': 'Action'}, {'name': 'Adventure'}]"
11412,The Long Kiss Goodnight,1996-10-11,"[{'name': 'Crime'}, {'name': 'Action'}, {'name': 'Mystery'}, {'name': 'Thriller'}]"
617653,The Last Duel,2021-10-13,"[{'name': 'History'}, {'name': 'Drama'}, {'name': 'Action'}, {'name': 'Thriller'}]"
429197,Vice,2018-12-25,"[{'name': 'Drama'}, {'name': 'Comedy'}]"
1076364,Carl's Date,2023-06-15,"[{'name': 'Animation'}, {'name': 'Family'}, {'name': 'Comedy'}, {'name': 'Romance'}]"
1363123,The Family Plan 2,2025-11-11,"[{'name': 'Action'}, {'name': 'Comedy'}]"
11400,The New World,2005-12-25,"[{'name': 'Drama'}, {'name': 'History'}, {'name': 'Romance'}]"
11423,Memories of Murder,2003-04-25,"[{'name': 'Crime'}, {'name': 'Drama'}, {'name': 'Thriller'}]"
11430,The Lion King 1½,2004-10-28,"[{'name': 'Adventure'}, {'name': 'Animation'}, {'name': 'Comedy'}, {'name': 'Family'}]"
11428,Sleepwalkers,1992-04-10,"[{'name': 'Horror'}, {'name': 'Fantasy'}, {'name': 'Thriller'}]"
150689,Cinderella,2015-03-06,"[{'name': 'Romance'}, {'name': 'Fantasy'}, {'name': 'Family'}, {'name': 'Drama'}]"
1125510,The Platform 2,2024-09-27,"[{'name': 'Science Fiction'}, {'name': 'Horror'}, {'name': 'Thriller'}]"
1305781,Blades of the Guardians,2026-02-17,"[{'name': 'Action'}, {'name': 'Drama'}, {'name': 'History'}]"
257211,The Intern,2015-09-23,[{'name': 'Comedy'}]
1100988,28 Years Later,2025-06-18,"[{'name': 'Horror'}, {'name': 'Thriller'}, {'name': 'Science Fiction'}]"
11452,National Lampoon's Van Wilder,2002-03-29,"[{'name': 'Comedy'}, {'name': 'Romance'}]"
647,Final Fantasy VII: Advent Children,2005-07-14,"[{'name': 'Animation'}, {'name': 'Action'}, {'name': 'Adventure'}, {'name': 'Fantasy'}, {'name': 'Science Fiction'}]"
44214,Black Swan,2010-12-03,"[{'name': 'Drama'}, {'name': 'Thriller'}, {'name': 'Horror'}]"
11453,Deuce Bigalow: European Gigolo,2005-08-12,[{'name': 'Comedy'}]
11451,Herbie Fully Loaded,2005-06-19,"[{'name': 'Comedy'}, {'name': 'Family'}, {'name': 'Adventure'}, {'name': 'Fantasy'}, {'name': 'Romance'}]"
486589,Red Shoes and the Seven Dwarfs,2019-07-25,"[{'name': 'Animation'}, {'name': 'Fantasy'}, {'name': 'Family'}, {'name': 'Comedy'}, {'name': 'Romance'}, {'name': 'Adventure'}]"
240832,Lucy,2014-07-25,"[{'name': 'Action'}, {'name': 'Science Fiction'}]"
1060046,HIT: The Third Case,2025-04-30,"[{'name': 'Crime'}, {'name': 'Thriller'}, {'name': 'Action'}]"
11469,Black Knight,2001-11-21,"[{'name': 'Comedy'}, {'name': 'Fantasy'}, {'name': 'Adventure'}]"
11460,Red Eye,2005-08-10,"[{'name': 'Thriller'}, {'name': 'Mystery'}]"
11459,Sky High,2005-07-29,"[{'name': 'Adventure'}, {'name': 'Comedy'}, {'name': 'Family'}]"
11471,A Better Tomorrow,1986-08-02,"[{'name': 'Action'}, {'name': 'Crime'}, {'name': 'Drama'}]"
653,Nosferatu,1922-02-16,"[{'name': 'Horror'}, {'name': 'Fantasy'}]"
77016,End of Watch,2012-09-20,"[{'name': 'Crime'}, {'name': 'Drama'}, {'name': 'Thriller'}]"
445651,The Darkest Minds,2018-07-25,"[{'name': 'Action'}, {'name': 'Adventure'}, {'name': 'Drama'}]"
19673,Sexmission,1984-05-13,"[{'name': 'Science Fiction'}, {'name': 'Adventure'}, {'name': 'Comedy'}]"
11474,The Warriors,1979-02-01,"[{'name': 'Action'}, {'name': 'Thriller'}]"
52449,Bad Teacher,2011-05-16,[{'name': 'Comedy'}]
347375,Mile 22,2018-08-16,"[{'name': 'Action'}, {'name': 'Thriller'}]"
8271,Disturbia,2007-03-27,"[{'name': 'Thriller'}, {'name': 'Drama'}, {'name': 'Mystery'}]"
134374,Pain & Gain,2013-04-18,"[{'name': 'Comedy'}, {'name': 'Crime'}, {'name': 'Action'}]"
11497,All Dogs Go to Heaven,1989-11-17,"[{'name': 'Drama'}, {'name': 'Animation'}, {'name': 'Family'}, {'name': 'Comedy'}, {'name': 'Fantasy'}]"
724209,Heart of Stone,2023-08-09,"[{'name': 'Action'}, {'name': 'Crime'}, {'name': 'Thriller'}]"
36073,Guinea Pig Part 2: Flower of Flesh and Blood,1985-10-07,[{'name': 'Horror'}]
355547,The Star,2017-11-15,"[{'name': 'Animation'}, {'name': 'Comedy'}, {'name': 'Adventure'}, {'name': 'Family'}, {'name': 'Fantasy'}]"
52451,The Three Musketeers,2011-08-31,"[{'name': 'Adventure'}, {'name': 'Action'}, {'name': 'Thriller'}]"
44264,True Grit,2010-12-22,"[{'name': 'Drama'}, {'name': 'Adventure'}, {'name': 'Western'}]"
748783,The Garfield Movie,2024-04-30,"[{'name': 'Adventure'}, {'name': 'Animation'}, {'name': 'Comedy'}, {'name': 'Family'}]"
396535,Train to Busan,2016-07-20,"[{'name': 'Horror'}, {'name': 'Thriller'}, {'name': 'Action'}, {'name': 'Adventure'}]"
249070,Hitman: Agent 47,2015-08-20,"[{'name': 'Action'}, {'name': 'Crime'}, {'name': 'Thriller'}]"
1330421,Bone Lake,2025-10-02,"[{'name': 'Horror'}, {'name': 'Mystery'}, {'name': 'Thriller'}]"
552178,Dark Waters,2019-11-22,"[{'name': 'Drama'}, {'name': 'Thriller'}]"
1051896,Arcadian,2024-04-12,"[{'name': 'Action'}, {'name': 'Horror'}, {'name': 'Thriller'}, {'name': 'Science Fiction'}]"
814338,Lady Chatterley's Lover,2022-11-22,"[{'name': 'Drama'}, {'name': 'Romance'}]"
232672,Blended,2014-05-21,"[{'name': 'Comedy'}, {'name': 'Romance'}]"
756999,The Black Phone,2022-06-16,"[{'name': 'Horror'}, {'name': 'Thriller'}]"
36075,Splatter: Naked Blood,1996-02-20,"[{'name': 'Horror'}, {'name': 'Science Fiction'}]"
11517,Money Train,1995-11-21,"[{'name': 'Action'}, {'name': 'Comedy'}, {'name': 'Crime'}]"
36095,Cure,1997-12-27,"[{'name': 'Crime'}, {'name': 'Thriller'}, {'name': 'Horror'}, {'name': 'Mystery'}]"
11518,Mohabbatein,2000-10-27,"[{'name': 'Drama'}, {'name': 'Romance'}]"
912649,Venom: The Last Dance,2024-10-22,"[{'name': 'Science Fiction'}, {'name': 'Action'}, {'name': 'Adventure'}]"
298250,Jigsaw,2017-10-25,"[{'name': 'Horror'}, {'name': 'Mystery'}]"
634120,777 Charlie,2022-06-10,"[{'name': 'Drama'}, {'name': 'Adventure'}, {'name': 'Comedy'}]"
11544,Lilo & Stitch,2002-06-21,"[{'name': 'Animation'}, {'name': 'Family'}, {'name': 'Comedy'}, {'name': 'Science Fiction'}]"
527641,Five Feet Apart,2019-03-14,"[{'name': 'Romance'}, {'name': 'Drama'}]"
93456,Despicable Me 2,2013-06-26,"[{'name': 'Animation'}, {'name': 'Comedy'}, {'name': 'Family'}, {'name': 'Science Fiction'}]"
11528,The Sandlot,1993-04-07,"[{'name': 'Family'}, {'name': 'Comedy'}, {'name': 'Drama'}]"
576784,Upon the Magic Roads,2021-02-18,"[{'name': 'Adventure'}, {'name': 'Fantasy'}]"
11551,Small Soldiers,1998-07-10,"[{'name': 'Comedy'}, {'name': 'Adventure'}, {'name': 'Fantasy'}, {'name': 'Science Fiction'}, {'name': 'Action'}]"
937249,57 Seconds,2023-09-29,"[{'name': 'Thriller'}, {'name': 'Science Fiction'}, {'name': 'Action'}]"
11529,Sweet Home Alabama,2002-09-26,"[{'name': 'Comedy'}, {'name': 'Romance'}]"
11549,Invasion of the Body Snatchers,1956-02-05,"[{'name': 'Science Fiction'}, {'name': 'Horror'}, {'name': 'Thriller'}]"
519465,Queen of Hearts,2019-03-27,[{'name': 'Drama'}]
52520,Underworld: Awakening,2012-01-19,"[{'name': 'Fantasy'}, {'name': 'Action'}, {'name': 'Horror'}]"
429351,12 Strong,2018-01-18,"[{'name': 'War'}, {'name': 'Drama'}, {'name': 'Action'}, {'name': 'History'}]"
1084736,The Count of Monte Cristo,2024-06-28,"[{'name': 'Adventure'}, {'name': 'Action'}, {'name': 'Drama'}]"
568620,Snake Eyes: G.I. Joe Origins,2021-07-22,"[{'name': 'Action'}, {'name': 'Adventure'}]"
60747,Red Dawn,2012-03-15,"[{'name': 'Action'}, {'name': 'Thriller'}]"
937278,A Man Called Otto,2022-12-28,"[{'name': 'Comedy'}, {'name': 'Drama'}]"
290098,The Handmaiden,2016-06-01,"[{'name': 'Thriller'}, {'name': 'Drama'}, {'name': 'Romance'}]"
937287,Challengers,2024-04-18,"[{'name': 'Drama'}, {'name': 'Romance'}]"
1297763,Batman Ninja vs. Yakuza League,2025-03-17,"[{'name': 'Animation'}, {'name': 'Action'}, {'name': 'Science Fiction'}]"
298312,The Visit,2015-09-10,"[{'name': 'Horror'}, {'name': 'Thriller'}]"
798021,Family Switch,2023-11-30,"[{'name': 'Comedy'}, {'name': 'Fantasy'}, {'name': 'Family'}]"
257344,Pixels,2015-07-16,"[{'name': 'Action'}, {'name': 'Comedy'}, {'name': 'Science Fiction'}]"
11596,Wes Craven's New Nightmare,1994-10-13,"[{'name': 'Horror'}, {'name': 'Mystery'}, {'name': 'Fantasy'}]"
1092936,The Holy Boy,2025-09-17,"[{'name': 'Horror'}, {'name': 'Thriller'}, {'name': 'Drama'}]"
1510745,Bodycam,2026-03-12,[{'name': 'Horror'}]
576845,Last Night in Soho,2021-10-21,"[{'name': 'Horror'}, {'name': 'Mystery'}]"
462181,Palm Swings,2017-10-03,"[{'name': 'Comedy'}, {'name': 'Drama'}, {'name': 'Romance'}]"
372058,Your Name.,2016-08-26,"[{'name': 'Animation'}, {'name': 'Romance'}, {'name': 'Drama'}]"
281957,The Revenant,2015-12-25,"[{'name': 'Western'}, {'name': 'Drama'}, {'name': 'Adventure'}]"
855400,Jai Bhim,2021-11-02,"[{'name': 'Crime'}, {'name': 'Drama'}, {'name': 'Mystery'}, {'name': 'History'}]"
19824,Van Wilder: Freshman Year,2009-06-02,"[{'name': 'Comedy'}, {'name': 'Romance'}]"
585083,Hotel Transylvania: Transformania,2022-01-31,"[{'name': 'Animation'}, {'name': 'Comedy'}, {'name': 'Family'}, {'name': 'Adventure'}, {'name': 'Fantasy'}]"
11622,Blast from the Past,1999-02-12,"[{'name': 'Drama'}, {'name': 'Romance'}, {'name': 'Comedy'}]"
11619,Flushed Away,2006-10-22,"[{'name': 'Adventure'}, {'name': 'Animation'}, {'name': 'Comedy'}, {'name': 'Family'}]"
1428862,Firebreak,2026-02-19,"[{'name': 'Thriller'}, {'name': 'Drama'}]"
11621,Porco Rosso,1992-07-18,"[{'name': 'Animation'}, {'name': 'Adventure'}, {'name': 'Fantasy'}]"
11649,Masters of the Universe,1987-08-07,"[{'name': 'Action'}, {'name': 'Fantasy'}, {'name': 'Science Fiction'}]"
11631,Mamma Mia!,2008-07-03,"[{'name': 'Comedy'}, {'name': 'Romance'}]"
77174,ParaNorman,2012-08-03,"[{'name': 'Family'}, {'name': 'Animation'}, {'name': 'Adventure'}, {'name': 'Comedy'}]"
11645,Ran,1985-06-01,"[{'name': 'Action'}, {'name': 'Drama'}, {'name': 'History'}]"
11636,New Police Story,2004-09-23,"[{'name': 'Action'}, {'name': 'Thriller'}, {'name': 'Crime'}, {'name': 'Drama'}]"
839033,The Lord of the Rings: The War of the Rohirrim,2024-12-05,"[{'name': 'Animation'}, {'name': 'Fantasy'}, {'name': 'Adventure'}, {'name': 'Action'}]"
11647,Infernal Affairs II,2003-10-01,"[{'name': 'Action'}, {'name': 'Thriller'}, {'name': 'Crime'}]"
36239,Slaughtered Vomit Dolls,2006-02-14,"[{'name': 'Horror'}, {'name': 'Documentary'}]"
609681,The Marvels,2023-11-08,"[{'name': 'Science Fiction'}, {'name': 'Adventure'}, {'name': 'Action'}]"
19840,"I Love You, Beth Cooper",2009-07-10,"[{'name': 'Comedy'}, {'name': 'Romance'}]"
11665,Get Smart,2008-06-19,"[{'name': 'Action'}, {'name': 'Comedy'}, {'name': 'Thriller'}]"
52629,El Infierno,2010-09-03,"[{'name': 'Action'}, {'name': 'Crime'}, {'name': 'Western'}, {'name': 'Comedy'}, {'name': 'Drama'}]"
855435,Faces of Death,2026-04-10,[{'name': 'Horror'}]
1273221,Scary Movie,2026-06-03,"[{'name': 'Comedy'}, {'name': 'Horror'}]"
781732,Animal,2023-12-01,"[{'name': 'Action'}, {'name': 'Crime'}, {'name': 'Drama'}]"
11667,Street Fighter,1994-12-23,"[{'name': 'Action'}, {'name': 'Comedy'}, {'name': 'Fantasy'}]"
11653,The Myth,2005-05-11,"[{'name': 'Action'}, {'name': 'Adventure'}, {'name': 'Comedy'}, {'name': 'Drama'}, {'name': 'Fantasy'}]"
11652,Invincible,2006-08-25,"[{'name': 'Drama'}, {'name': 'History'}]"
282035,The Mummy,2017-06-06,"[{'name': 'Fantasy'}, {'name': 'Thriller'}, {'name': 'Action'}, {'name': 'Adventure'}, {'name': 'Horror'}]"
11690,Bloodsport,1988-02-26,"[{'name': 'Action'}, {'name': 'Thriller'}, {'name': 'Drama'}]"
527774,Raya and the Last Dragon,2021-03-03,"[{'name': 'Animation'}, {'name': 'Action'}, {'name': 'Adventure'}, {'name': 'Fantasy'}, {'name': 'Family'}]"
1338799,JUJUTSU KAISEN: Hidden Inventory / Premature Death - The Movie,2025-05-30,"[{'name': 'Animation'}, {'name': 'Action'}, {'name': 'Fantasy'}]"
773543,Fib the Truth,2021-09-09,"[{'name': 'Drama'}, {'name': 'Thriller'}]"
11683,Land of the Dead,2005-06-18,"[{'name': 'Horror'}, {'name': 'Science Fiction'}, {'name': 'Thriller'}]"
19898,Pandorum,2009-09-08,"[{'name': 'Action'}, {'name': 'Horror'}, {'name': 'Mystery'}, {'name': 'Science Fiction'}, {'name': 'Thriller'}]"
11675,Halloween H20: 20 Years Later,1998-08-05,"[{'name': 'Horror'}, {'name': 'Thriller'}]"
11688,The Emperor's New Groove,2000-12-15,"[{'name': 'Adventure'}, {'name': 'Animation'}, {'name': 'Comedy'}, {'name': 'Family'}, {'name': 'Fantasy'}]"
11674,101 Dalmatians,1996-11-27,"[{'name': 'Family'}, {'name': 'Comedy'}]"
257445,Goosebumps,2015-08-05,"[{'name': 'Adventure'}, {'name': 'Horror'}, {'name': 'Comedy'}]"
11713,Fist of Fury,1972-03-22,"[{'name': 'Drama'}, {'name': 'Action'}, {'name': 'Thriller'}]"
8840,DragonHeart,1996-05-31,"[{'name': 'Fantasy'}, {'name': 'Action'}, {'name': 'Adventure'}, {'name': 'Drama'}]"
11679,xXx: State of the Union,2005-04-27,"[{'name': 'Action'}, {'name': 'Adventure'}, {'name': 'Crime'}, {'name': 'Thriller'}]"
19908,Zombieland,2009-10-02,"[{'name': 'Comedy'}, {'name': 'Horror'}]"
1068452,Hi Nanna,2023-12-07,"[{'name': 'Drama'}, {'name': 'Family'}, {'name': 'Romance'}]"
929204,Wallace & Gromit: Vengeance Most Fowl,2024-12-18,"[{'name': 'Animation'}, {'name': 'Adventure'}, {'name': 'Comedy'}, {'name': 'Science Fiction'}, {'name': 'Family'}]"
19912,The Final Destination,2009-08-26,"[{'name': 'Horror'}, {'name': 'Mystery'}]"
1297842,GOAT,2026-02-11,"[{'name': 'Animation'}, {'name': 'Comedy'}, {'name': 'Family'}]"
11704,The Secret of NIMH,1982-06-17,"[{'name': 'Adventure'}, {'name': 'Animation'}, {'name': 'Drama'}, {'name': 'Family'}, {'name': 'Fantasy'}, {'name': 'Mystery'}, {'name': 'Science Fiction'}]"
175574,Free Birds,2013-10-30,"[{'name': 'Animation'}, {'name': 'Comedy'}, {'name': 'Family'}]"
19913,(500) Days of Summer,2009-07-17,"[{'name': 'Comedy'}, {'name': 'Drama'}, {'name': 'Romance'}]"
1043905,Dirty Angels,2024-12-11,"[{'name': 'Drama'}, {'name': 'Thriller'}, {'name': 'War'}]"
290250,The Nice Guys,2016-05-15,"[{'name': 'Comedy'}, {'name': 'Crime'}, {'name': 'Action'}]"
1412598,Killer Whale,2026-01-16,"[{'name': 'Thriller'}, {'name': 'Horror'}, {'name': 'Action'}, {'name': 'Mystery'}, {'name': 'Science Fiction'}]"
339403,Baby Driver,2017-06-28,"[{'name': 'Action'}, {'name': 'Crime'}]"
8843,The Cell,2000-08-18,"[{'name': 'Horror'}, {'name': 'Science Fiction'}, {'name': 'Thriller'}]"
19959,Surrogates,2009-09-24,"[{'name': 'Science Fiction'}, {'name': 'Action'}, {'name': 'Thriller'}]"
1134055,Kill Shot,2023-08-15,[{'name': 'Action'}]
8848,The Bank Job,2008-02-28,"[{'name': 'Thriller'}, {'name': 'Crime'}, {'name': 'Drama'}]"
60898,Erotic Ghost Story,1990-05-19,"[{'name': 'Fantasy'}, {'name': 'Drama'}, {'name': 'Horror'}]"
1445363,EPiC: Elvis Presley in Concert,2026-02-18,"[{'name': 'Music'}, {'name': 'Documentary'}]"
585216,Escape Room: Tournament of Champions,2021-07-01,"[{'name': 'Horror'}, {'name': 'Thriller'}, {'name': 'Mystery'}]"
347626,He's All That,2021-08-27,"[{'name': 'Comedy'}, {'name': 'Romance'}]"
265712,Stand by Me Doraemon,2014-08-08,"[{'name': 'Animation'}, {'name': 'Adventure'}, {'name': 'Science Fiction'}, {'name': 'Drama'}, {'name': 'Family'}, {'name': 'Fantasy'}]"
3558,"Girl, Interrupted",1999-12-21,[{'name': 'Drama'}]
11770,Shaolin Soccer,2001-07-05,"[{'name': 'Action'}, {'name': 'Comedy'}]"
93685,Swingers,2002-10-01,"[{'name': 'Romance'}, {'name': 'Drama'}]"
3580,Changeling,2008-10-24,"[{'name': 'Crime'}, {'name': 'Drama'}, {'name': 'Mystery'}]"
617986,Three Days and a Life,2019-09-18,"[{'name': 'Thriller'}, {'name': 'Drama'}, {'name': 'Crime'}]"
11778,The Deer Hunter,1978-12-08,"[{'name': 'Drama'}, {'name': 'War'}]"
11774,Lemony Snicket's A Series of Unfortunate Events,2004-12-16,"[{'name': 'Adventure'}, {'name': 'Comedy'}, {'name': 'Family'}]"
151026,How to Seduce Your Teacher,1979-08-09,[{'name': 'Comedy'}]
60935,The Thing,2011-10-12,"[{'name': 'Horror'}, {'name': 'Science Fiction'}, {'name': 'Mystery'}]"
11782,Hard Boiled,1992-04-16,"[{'name': 'Action'}, {'name': 'Thriller'}, {'name': 'Crime'}]"
1125899,Cleaner,2025-02-19,"[{'name': 'Action'}, {'name': 'Thriller'}]"
19976,The Exterminating Angels,2006-09-13,"[{'name': 'Drama'}, {'name': 'Fantasy'}]"
11777,I.Q.,1994-12-24,"[{'name': 'Comedy'}, {'name': 'Drama'}, {'name': 'Romance'}]"
896536,The Legend of Ochi,2025-04-18,"[{'name': 'Family'}, {'name': 'Fantasy'}, {'name': 'Adventure'}]"
124459,The Incredible Burt Wonderstone,2013-03-14,[{'name': 'Comedy'}]
3595,Ransom,1996-11-08,"[{'name': 'Action'}, {'name': 'Thriller'}]"
585245,Clifford the Big Red Dog,2021-11-10,"[{'name': 'Family'}, {'name': 'Adventure'}, {'name': 'Comedy'}, {'name': 'Fantasy'}]"
77338,The Intouchables,2011-11-02,"[{'name': 'Drama'}, {'name': 'Comedy'}]"
585268,War,2019-10-02,"[{'name': 'Action'}, {'name': 'Thriller'}, {'name': 'Adventure'}]"
19995,Avatar,2009-12-16,"[{'name': 'Science Fiction'}, {'name': 'Action'}, {'name': 'Adventure'}]"
724495,The Woman King,2022-09-16,"[{'name': 'Action'}, {'name': 'Drama'}, {'name': 'History'}, {'name': 'War'}]"
19994,Jennifer's Body,2009-09-18,"[{'name': 'Horror'}, {'name': 'Comedy'}]"
28178,Hachi: A Dog's Tale,2009-06-08,"[{'name': 'Drama'}, {'name': 'Family'}]"
11806,Beethoven,1992-04-03,"[{'name': 'Family'}, {'name': 'Comedy'}]"
3597,I Know What You Did Last Summer,1997-10-17,"[{'name': 'Horror'}, {'name': 'Thriller'}, {'name': 'Mystery'}]"
1257009,Primitive War,2025-08-21,"[{'name': 'Action'}, {'name': 'Horror'}, {'name': 'War'}, {'name': 'Science Fiction'}]"
675353,Sonic the Hedgehog 2,2022-03-30,"[{'name': 'Action'}, {'name': 'Adventure'}, {'name': 'Family'}, {'name': 'Comedy'}]"
11836,The SpongeBob SquarePants Movie,2004-11-19,"[{'name': 'Adventure'}, {'name': 'Animation'}, {'name': 'Comedy'}, {'name': 'Family'}, {'name': 'Fantasy'}]"
11808,U.S. Marshals,1998-03-06,"[{'name': 'Thriller'}, {'name': 'Crime'}, {'name': 'Action'}]"
249397,Nymphomaniac: Vol. II,2013-12-25,"[{'name': 'Drama'}, {'name': 'Mystery'}]"
331313,Keeping Up with the Joneses,2016-10-20,"[{'name': 'Action'}, {'name': 'Comedy'}]"
52795,Doraemon: Nobita's New Great Adventure Into the Underworld - The Seven Magic Users,2007-03-10,"[{'name': 'Family'}, {'name': 'Adventure'}, {'name': 'Animation'}, {'name': 'Science Fiction'}, {'name': 'Fantasy'}]"
118340,Guardians of the Galaxy,2014-07-30,"[{'name': 'Action'}, {'name': 'Science Fiction'}, {'name': 'Adventure'}]"
945729,A Haunting in Venice,2023-09-13,"[{'name': 'Mystery'}, {'name': 'Thriller'}, {'name': 'Crime'}]"
36419,After.Life,2009-11-07,"[{'name': 'Drama'}, {'name': 'Horror'}, {'name': 'Mystery'}, {'name': 'Thriller'}]"
1232449,Young Hearts,2024-10-26,"[{'name': 'Drama'}, {'name': 'Romance'}]"
634429,Shin Ultraman,2022-05-13,"[{'name': 'Action'}, {'name': 'Science Fiction'}]"
429617,Spider-Man: Far From Home,2019-06-28,"[{'name': 'Action'}, {'name': 'Adventure'}, {'name': 'Science Fiction'}]"
552524,Lilo & Stitch,2025-05-17,"[{'name': 'Family'}, {'name': 'Science Fiction'}, {'name': 'Comedy'}]"
11838,Ju-on: The Grudge,2002-10-18,[{'name': 'Horror'}]
339527,Solace,2015-09-03,"[{'name': 'Thriller'}, {'name': 'Crime'}, {'name': 'Mystery'}]"
446021,Bad Times at the El Royale,2018-10-04,"[{'name': 'Thriller'}, {'name': 'Mystery'}, {'name': 'Crime'}]"
667216,Infinity Pool,2023-01-27,"[{'name': 'Horror'}, {'name': 'Science Fiction'}, {'name': 'Thriller'}]"
11845,Intimacy,2001-01-20,"[{'name': 'Romance'}, {'name': 'Drama'}, {'name': 'Fantasy'}]"
454227,Outlaw King,2018-09-06,"[{'name': 'Action'}, {'name': 'History'}, {'name': 'War'}]"
1371727,Sing: Thriller,2024-10-15,"[{'name': 'Animation'}, {'name': 'Family'}, {'name': 'Comedy'}, {'name': 'Music'}]"
11846,Father of the Bride,1991-12-20,"[{'name': 'Comedy'}, {'name': 'Drama'}, {'name': 'Romance'}]"
798286,Beau Is Afraid,2023-04-14,"[{'name': 'Comedy'}, {'name': 'Adventure'}, {'name': 'Fantasy'}]"
11852,The Hot Chick,2002-12-13,"[{'name': 'Comedy'}, {'name': 'Fantasy'}]"
241251,The Boy Next Door,2015-01-23,[{'name': 'Thriller'}]
134764,Due West: Our Sex Journey,2012-09-20,"[{'name': 'Comedy'}, {'name': 'Drama'}, {'name': 'Romance'}]"
20048,Confessions of a Shopaholic,2009-02-05,"[{'name': 'Comedy'}, {'name': 'Romance'}]"
11860,Sabrina,1995-12-15,"[{'name': 'Romance'}, {'name': 'Drama'}, {'name': 'Comedy'}]"
61012,Silent Hill: Revelation 3D,2012-10-10,"[{'name': 'Thriller'}, {'name': 'Horror'}, {'name': 'Mystery'}]"
241259,Alice Through the Looking Glass,2016-05-25,"[{'name': 'Adventure'}, {'name': 'Family'}, {'name': 'Fantasy'}]"
11879,Near Dark,1987-10-02,[{'name': 'Horror'}]
11891,Kung Pow: Enter the Fist,2002-01-25,"[{'name': 'Comedy'}, {'name': 'Action'}]"
1052280,It's What's Inside,2024-01-19,"[{'name': 'Comedy'}, {'name': 'Mystery'}, {'name': 'Science Fiction'}]"
970347,The Killer,2024-08-22,"[{'name': 'Action'}, {'name': 'Thriller'}, {'name': 'Crime'}]"
863873,Caddo Lake,2024-11-28,"[{'name': 'Mystery'}, {'name': 'Science Fiction'}, {'name': 'Thriller'}]"
11886,Robin Hood,1973-11-08,"[{'name': 'Animation'}, {'name': 'Family'}, {'name': 'Adventure'}]"
740985,Borat Subsequent Moviefilm: Delivery of Prodigious Bribe to American Regime for Make Benefit Once Glorious Nation of Kazakhstan,2020-10-23,[{'name': 'Comedy'}]
306819,The Danish Girl,2015-11-27,[{'name': 'Drama'}]
749170,Heads of State,2025-06-24,"[{'name': 'Action'}, {'name': 'Thriller'}, {'name': 'Comedy'}]"
11897,How the West Was Won,1962-11-02,"[{'name': 'Western'}, {'name': 'Action'}, {'name': 'War'}]"
667257,Impossible Things,2021-06-17,"[{'name': 'Family'}, {'name': 'Drama'}]"
192102,3 Days to Kill,2014-02-14,"[{'name': 'Action'}, {'name': 'Drama'}, {'name': 'Thriller'}]"
1379963,Tell Me Softly,2025-12-11,"[{'name': 'Romance'}, {'name': 'Drama'}]"
634492,Madame Web,2024-02-14,"[{'name': 'Action'}, {'name': 'Fantasy'}]"
675445,PAW Patrol: The Movie,2021-08-09,"[{'name': 'Action'}, {'name': 'Adventure'}, {'name': 'Animation'}, {'name': 'Comedy'}, {'name': 'Family'}]"
118406,Road to Ninja: Naruto the Movie,2012-07-28,"[{'name': 'Animation'}, {'name': 'Fantasy'}, {'name': 'Action'}]"
11906,Suspiria,1977-02-01,[{'name': 'Horror'}]
44683,Tinker Bell and the Great Fairy Rescue,2010-07-29,"[{'name': 'Animation'}, {'name': 'Adventure'}, {'name': 'Family'}, {'name': 'Fantasy'}]"
11905,The Company of Wolves,1984-09-21,"[{'name': 'Horror'}, {'name': 'Fantasy'}]"
298618,The Flash,2023-06-13,"[{'name': 'Action'}, {'name': 'Science Fiction'}, {'name': 'Adventure'}]"
11918,Superhero Movie,2008-03-28,"[{'name': 'Comedy'}, {'name': 'Action'}, {'name': 'Science Fiction'}]"
192141,No Escape,2015-08-26,"[{'name': 'Thriller'}, {'name': 'Action'}]"
11917,Saw V,2008-10-23,"[{'name': 'Horror'}, {'name': 'Thriller'}, {'name': 'Crime'}]"
1511057,Roommates,2026-04-13,[{'name': 'Comedy'}]
413337,Girl in the Box,2016-09-10,"[{'name': 'Drama'}, {'name': 'TV Movie'}]"
1175174,Fackham Hall,2025-12-05,[{'name': 'Comedy'}]
315011,Shin Godzilla,2016-07-29,"[{'name': 'Action'}, {'name': 'Science Fiction'}, {'name': 'Horror'}]"
798362,The Marsh King's Daughter,2023-09-28,"[{'name': 'Thriller'}, {'name': 'Crime'}, {'name': 'Mystery'}]"
11954,Lifeforce,1985-06-21,"[{'name': 'Horror'}, {'name': 'Science Fiction'}, {'name': 'Action'}, {'name': 'Mystery'}]"
1306293,It Takes Two To Tango,2025-04-16,"[{'name': 'Comedy'}, {'name': 'Romance'}]"
1117857,In Your Dreams,2025-11-07,"[{'name': 'Adventure'}, {'name': 'Animation'}, {'name': 'Comedy'}, {'name': 'Family'}, {'name': 'Fantasy'}]"
11932,Bride of Chucky,1998-10-15,"[{'name': 'Horror'}, {'name': 'Comedy'}]"
1232546,Until Dawn,2025-04-23,"[{'name': 'Horror'}, {'name': 'Mystery'}]"
1470130,The Mortuary Assistant,2026-02-13,"[{'name': 'Horror'}, {'name': 'Mystery'}]"
28340,The Invisible Maniac,1990-07-13,"[{'name': 'Science Fiction'}, {'name': 'Comedy'}, {'name': 'Horror'}]"
118451,Eungyo,2012-04-25,"[{'name': 'Drama'}, {'name': 'Romance'}]"
1314481,The Devil Wears Prada 2,2026-04-29,"[{'name': 'Comedy'}, {'name': 'Drama'}]"
1216191,Oddity,2024-07-19,"[{'name': 'Horror'}, {'name': 'Mystery'}]"
11968,Into the Blue,2005-09-30,"[{'name': 'Action'}, {'name': 'Thriller'}, {'name': 'Adventure'}, {'name': 'Crime'}]"
11969,Tombstone,1993-12-25,"[{'name': 'Western'}, {'name': 'Action'}]"
44730,One Piece: Giant Mecha Soldier of Karakuri Castle,2006-03-04,"[{'name': 'Animation'}, {'name': 'Adventure'}, {'name': 'Action'}, {'name': 'Comedy'}, {'name': 'Science Fiction'}, {'name': 'Fantasy'}]"
28339,Hard to Die,1990-10-09,"[{'name': 'Action'}, {'name': 'Comedy'}, {'name': 'Thriller'}]"
814776,Bottoms,2023-08-25,[{'name': 'Comedy'}]
11974,The 'Burbs,1989-02-17,"[{'name': 'Comedy'}, {'name': 'Horror'}, {'name': 'Thriller'}]"
11978,Men of Honor,2000-09-13,[{'name': 'Drama'}]
44741,Malicious,1973-03-29,[{'name': 'Comedy'}]
11970,Hercules,1997-06-13,"[{'name': 'Animation'}, {'name': 'Family'}, {'name': 'Fantasy'}, {'name': 'Adventure'}, {'name': 'Comedy'}, {'name': 'Romance'}]"
839369,May December,2023-11-16,[{'name': 'Drama'}]
601807,Mrs. Serial Killer,2020-05-01,[{'name': 'Thriller'}]
601796,Alienoid,2022-07-20,"[{'name': 'Science Fiction'}, {'name': 'Action'}, {'name': 'Fantasy'}, {'name': 'Adventure'}]"
11975,The Rainmaker,1997-11-18,"[{'name': 'Drama'}, {'name': 'Crime'}, {'name': 'Thriller'}]"
3782,Ikiru,1952-10-09,[{'name': 'Drama'}]
11976,Legend,1985-08-28,"[{'name': 'Adventure'}, {'name': 'Fantasy'}]"
323272,War Room,2015-08-28,[{'name': 'Drama'}]
970450,Werewolves,2024-12-04,"[{'name': 'Action'}, {'name': 'Horror'}, {'name': 'Thriller'}, {'name': 'Science Fiction'}]"
1289936,Downton Abbey: The Grand Finale,2025-09-10,"[{'name': 'Drama'}, {'name': 'Romance'}]"
11986,Betty Blue,1986-04-09,"[{'name': 'Drama'}, {'name': 'Romance'}]"
36586,Blade II,2002-03-22,"[{'name': 'Fantasy'}, {'name': 'Horror'}, {'name': 'Action'}, {'name': 'Thriller'}]"
1033051,Revenge Porn: PAIN OF LOVE,2019-02-02,"[{'name': 'Romance'}, {'name': 'Drama'}]"
36557,Casino Royale,2006-11-14,"[{'name': 'Adventure'}, {'name': 'Action'}, {'name': 'Thriller'}]"
331482,Little Women,2019-12-25,"[{'name': 'Drama'}, {'name': 'Romance'}]"
339692,Shot Caller,2017-07-07,"[{'name': 'Crime'}, {'name': 'Drama'}, {'name': 'Thriller'}]"
593643,The Menu,2022-11-17,"[{'name': 'Comedy'}, {'name': 'Horror'}]"
36593,Naked Gun 33⅓: The Final Insult,1994-03-18,"[{'name': 'Comedy'}, {'name': 'Crime'}]"
1322752,COLORFUL STAGE! The Movie: A Miku Who Can't Sing,2025-01-17,"[{'name': 'Animation'}, {'name': 'Music'}, {'name': 'Drama'}, {'name': 'Science Fiction'}]"
274167,Daddy's Home,2015-12-25,[{'name': 'Comedy'}]
945937,Fast Charlie,2023-12-08,"[{'name': 'Action'}, {'name': 'Crime'}, {'name': 'Drama'}]"
569094,Spider-Man: Across the Spider-Verse,2023-05-31,"[{'name': 'Animation'}, {'name': 'Action'}, {'name': 'Adventure'}, {'name': 'Science Fiction'}]"
1011477,Karate Kid: Legends,2025-05-08,"[{'name': 'Action'}, {'name': 'Adventure'}, {'name': 'Drama'}]"
20220,1001 Nights,1990-04-11,"[{'name': 'Fantasy'}, {'name': 'Comedy'}, {'name': 'Adventure'}]"
44833,Battleship,2012-04-11,"[{'name': 'Thriller'}, {'name': 'Action'}, {'name': 'Adventure'}, {'name': 'Science Fiction'}]"
1126166,Flight Risk,2025-01-22,"[{'name': 'Action'}, {'name': 'Thriller'}]"
315162,Puss in Boots: The Last Wish,2022-12-07,"[{'name': 'Animation'}, {'name': 'Adventure'}, {'name': 'Fantasy'}, {'name': 'Comedy'}, {'name': 'Family'}]"
44826,Hugo,2011-11-22,"[{'name': 'Adventure'}, {'name': 'Drama'}, {'name': 'Family'}]"
1306368,The Rip,2026-01-13,"[{'name': 'Action'}, {'name': 'Thriller'}, {'name': 'Crime'}]"
634649,Spider-Man: No Way Home,2021-12-15,"[{'name': 'Action'}, {'name': 'Adventure'}, {'name': 'Science Fiction'}]"
36643,The World Is Not Enough,1999-11-17,"[{'name': 'Adventure'}, {'name': 'Action'}, {'name': 'Thriller'}]"
77617,Detective Conan: Quarter of Silence,2011-04-16,"[{'name': 'Animation'}, {'name': 'Action'}, {'name': 'Crime'}, {'name': 'Mystery'}]"
585511,Luck,2022-08-05,"[{'name': 'Animation'}, {'name': 'Adventure'}, {'name': 'Comedy'}, {'name': 'Fantasy'}, {'name': 'Family'}]"
28468,The Key,1983-10-19,"[{'name': 'Drama'}, {'name': 'Romance'}]"
36648,Blade: Trinity,2004-12-08,"[{'name': 'Action'}, {'name': 'Horror'}, {'name': 'Science Fiction'}]"
36647,Blade,1998-08-21,"[{'name': 'Horror'}, {'name': 'Action'}]"
929590,Civil War,2024-04-10,"[{'name': 'War'}, {'name': 'Action'}, {'name': 'Drama'}]"
331576,SPL 2: A Time for Consequences,2015-06-18,"[{'name': 'Action'}, {'name': 'Crime'}, {'name': 'Thriller'}, {'name': 'Adventure'}, {'name': 'Drama'}]"
290595,The Huntsman: Winter's War,2016-04-06,"[{'name': 'Action'}, {'name': 'Adventure'}, {'name': 'Drama'}]"
945961,Alien: Romulus,2024-08-13,"[{'name': 'Horror'}, {'name': 'Science Fiction'}]"
577328,Kabir Singh,2019-06-20,"[{'name': 'Drama'}, {'name': 'Romance'}]"
12092,Alice in Wonderland,1951-08-09,"[{'name': 'Animation'}, {'name': 'Family'}, {'name': 'Fantasy'}, {'name': 'Adventure'}]"
36670,Never Say Never Again,1983-10-07,"[{'name': 'Adventure'}, {'name': 'Action'}, {'name': 'Thriller'}]"
36669,Die Another Day,2002-11-17,"[{'name': 'Adventure'}, {'name': 'Action'}, {'name': 'Thriller'}]"
53064,Midori,1992-05-02,"[{'name': 'Animation'}, {'name': 'Drama'}, {'name': 'Horror'}]"
995133,"The Boy, the Mole, the Fox and the Horse",2022-12-25,"[{'name': 'Animation'}, {'name': 'Family'}, {'name': 'Drama'}, {'name': 'Adventure'}]"
12104,Pink Floyd: The Wall,1982-07-14,"[{'name': 'Music'}, {'name': 'Drama'}]"
12100,Windtalkers,2002-06-07,"[{'name': 'War'}, {'name': 'Action'}]"
12106,The Quick and the Dead,1995-02-09,"[{'name': 'Western'}, {'name': 'Action'}, {'name': 'Drama'}, {'name': 'Romance'}, {'name': 'Thriller'}]"
36685,The Rocky Horror Picture Show,1975-08-14,"[{'name': 'Comedy'}, {'name': 'Science Fiction'}, {'name': 'Horror'}]"
44874,Barbie: A Fashion Fairytale,2010-09-14,"[{'name': 'Family'}, {'name': 'Animation'}]"
347969,The Ridiculous 6,2015-12-11,"[{'name': 'Western'}, {'name': 'Comedy'}, {'name': 'Action'}, {'name': 'Adventure'}]"
511809,West Side Story,2021-12-08,"[{'name': 'Drama'}, {'name': 'Romance'}, {'name': 'Crime'}]"
12096,The Pink Panther,2006-02-10,"[{'name': 'Comedy'}, {'name': 'Mystery'}, {'name': 'Crime'}, {'name': 'Adventure'}, {'name': 'Family'}]"
110415,Snowpiercer,2013-08-01,"[{'name': 'Action'}, {'name': 'Science Fiction'}, {'name': 'Drama'}]"
28512,The Poseidon Adventure,2005-11-20,"[{'name': 'Adventure'}, {'name': 'Thriller'}, {'name': 'Action'}, {'name': 'TV Movie'}]"
216919,Deseo,2013-09-13,[{'name': 'Drama'}]
3933,Corpse Bride,2005-09-12,"[{'name': 'Romance'}, {'name': 'Fantasy'}, {'name': 'Animation'}]"
94047,My Way,2011-12-21,"[{'name': 'Drama'}, {'name': 'Action'}, {'name': 'History'}, {'name': 'War'}]"
520023,Bodies Bodies Bodies,2022-08-05,"[{'name': 'Comedy'}, {'name': 'Mystery'}, {'name': 'Horror'}]"
1118031,Apocalypse Z: The Beginning of the End,2024-10-04,"[{'name': 'Drama'}, {'name': 'Action'}, {'name': 'Horror'}]"
610150,Dragon Ball Super: Super Hero,2022-06-11,"[{'name': 'Animation'}, {'name': 'Science Fiction'}, {'name': 'Action'}]"
12118,Police Academy 3: Back in Training,1986-03-20,"[{'name': 'Comedy'}, {'name': 'Crime'}]"
44912,Green Lantern,2011-06-14,"[{'name': 'Adventure'}, {'name': 'Action'}, {'name': 'Science Fiction'}]"
110420,Wolf Children,2012-07-21,"[{'name': 'Animation'}, {'name': 'Family'}, {'name': 'Drama'}, {'name': 'Fantasy'}]"
44896,Rango,2011-03-02,"[{'name': 'Animation'}, {'name': 'Comedy'}, {'name': 'Family'}, {'name': 'Western'}, {'name': 'Adventure'}]"
12139,Dennis the Menace,1993-06-09,"[{'name': 'Family'}, {'name': 'Comedy'}]"
12149,Frailty,2002-04-12,"[{'name': 'Drama'}, {'name': 'Thriller'}, {'name': 'Crime'}]"
12151,Ruthless People,1986-06-26,[{'name': 'Comedy'}]
20352,Despicable Me,2010-07-08,"[{'name': 'Animation'}, {'name': 'Comedy'}, {'name': 'Crime'}, {'name': 'Family'}, {'name': 'Science Fiction'}]"
12133,Step Brothers,2008-07-25,[{'name': 'Comedy'}]
12155,Alice in Wonderland,2010-03-03,"[{'name': 'Family'}, {'name': 'Fantasy'}, {'name': 'Adventure'}]"
1404791,Dollhouse,2025-06-13,"[{'name': 'Horror'}, {'name': 'Mystery'}]"
1134463,Dreams,2025-07-10,"[{'name': 'Romance'}, {'name': 'Thriller'}, {'name': 'Drama'}]"
618344,Justice League Dark: Apokolips War,2020-05-05,"[{'name': 'Animation'}, {'name': 'Action'}, {'name': 'Adventure'}, {'name': 'Fantasy'}]"
12153,White Chicks,2004-06-23,"[{'name': 'Comedy'}, {'name': 'Crime'}]"
36728,Naruto Shippuden the Movie: The Will of Fire,2009-08-01,"[{'name': 'Action'}, {'name': 'Adventure'}, {'name': 'Comedy'}, {'name': 'Drama'}, {'name': 'Fantasy'}, {'name': 'Animation'}]"
12162,The Hurt Locker,2008-10-10,"[{'name': 'Drama'}, {'name': 'Thriller'}, {'name': 'War'}]"
454527,Benedetta,2021-07-09,"[{'name': 'History'}, {'name': 'Drama'}, {'name': 'Romance'}]"
438148,Minions: The Rise of Gru,2022-06-29,"[{'name': 'Comedy'}, {'name': 'Crime'}, {'name': 'Science Fiction'}, {'name': 'Animation'}, {'name': 'Family'}]"
12163,The Wrestler,2008-09-07,"[{'name': 'Drama'}, {'name': 'Romance'}]"
307081,Southpaw,2015-07-22,"[{'name': 'Action'}, {'name': 'Drama'}]"
913290,Barbarian,2022-09-08,"[{'name': 'Horror'}, {'name': 'Mystery'}]"
339846,Baywatch,2017-05-25,"[{'name': 'Comedy'}, {'name': 'Action'}, {'name': 'Crime'}]"
12159,What Dreams May Come,1998-10-02,"[{'name': 'Drama'}, {'name': 'Fantasy'}, {'name': 'Romance'}]"
44943,Battle: Los Angeles,2011-03-08,"[{'name': 'Science Fiction'}, {'name': 'Action'}]"
790,The Fog,1980-02-01,[{'name': 'Horror'}]
44945,Trust,2010-09-10,"[{'name': 'Crime'}, {'name': 'Drama'}, {'name': 'Thriller'}]"
3981,What Women Want,2000-12-15,"[{'name': 'Comedy'}, {'name': 'Romance'}]"
44935,Art of the Devil 2,2005-12-01,"[{'name': 'Horror'}, {'name': 'Thriller'}]"
12180,Star Wars: The Clone Wars,2008-08-05,"[{'name': 'Animation'}, {'name': 'Action'}, {'name': 'Science Fiction'}, {'name': 'Adventure'}]"
446354,The Post,2017-12-22,"[{'name': 'Drama'}, {'name': 'History'}]"
1355666,Love Untangled,2025-08-28,"[{'name': 'Romance'}, {'name': 'Drama'}, {'name': 'Comedy'}]"
667538,Transformers: Rise of the Beasts,2023-06-06,"[{'name': 'Science Fiction'}, {'name': 'Adventure'}, {'name': 'Action'}]"
1167271,Weekend in Taipei,2024-09-19,"[{'name': 'Action'}, {'name': 'Adventure'}, {'name': 'Thriller'}]"
797,Persona,1966-10-18,[{'name': 'Drama'}]
53165,Fight Back to School 2,1992-04-09,"[{'name': 'Action'}, {'name': 'Comedy'}, {'name': 'Crime'}]"
3980,Critters,1986-04-11,"[{'name': 'Comedy'}, {'name': 'Horror'}, {'name': 'Science Fiction'}]"
12184,The Other Boleyn Girl,2008-02-28,"[{'name': 'Drama'}, {'name': 'Romance'}, {'name': 'History'}]"
4011,Beetlejuice,1988-03-30,"[{'name': 'Fantasy'}, {'name': 'Comedy'}]"
1306525,The Elixir,2025-10-22,"[{'name': 'Horror'}, {'name': 'Thriller'}]"
397243,The Autopsy of Jane Doe,2016-12-21,"[{'name': 'Horror'}, {'name': 'Mystery'}]"
53168,King of Comedy,1999-02-08,"[{'name': 'Comedy'}, {'name': 'Drama'}, {'name': 'Romance'}]"
12201,Edge of Darkness,2010-01-28,"[{'name': 'Crime'}, {'name': 'Drama'}, {'name': 'Mystery'}, {'name': 'Thriller'}]"
12207,The Legend of Drunken Master,1994-02-03,"[{'name': 'Action'}, {'name': 'Comedy'}]"
126889,Alien: Covenant,2017-05-09,"[{'name': 'Horror'}, {'name': 'Science Fiction'}]"
12219,12 Angry Men,1997-08-17,"[{'name': 'Drama'}, {'name': 'TV Movie'}]"
823219,Flow,2024-08-29,"[{'name': 'Adventure'}, {'name': 'Animation'}, {'name': 'Family'}, {'name': 'Fantasy'}]"
53182,300: Rise of an Empire,2014-03-05,"[{'name': 'Action'}, {'name': 'Drama'}, {'name': 'War'}]"
1290159,A House of Dynamite,2025-10-02,"[{'name': 'Thriller'}, {'name': 'Drama'}]"
1126336,Anniversary,2025-10-29,"[{'name': 'Thriller'}, {'name': 'Drama'}]"
503736,Army of the Dead,2021-05-14,"[{'name': 'Crime'}, {'name': 'Action'}, {'name': 'Horror'}]"
44977,Dhoom 3,2013-12-19,"[{'name': 'Action'}, {'name': 'Crime'}]"
1249213,Drop,2025-04-07,"[{'name': 'Mystery'}, {'name': 'Thriller'}]"
12222,Horton Hears a Who!,2008-03-03,"[{'name': 'Animation'}, {'name': 'Comedy'}, {'name': 'Family'}, {'name': 'Adventure'}, {'name': 'Fantasy'}]"
798645,The Running Man,2025-11-11,"[{'name': 'Action'}, {'name': 'Thriller'}, {'name': 'Science Fiction'}]"
44982,13,2010-03-12,"[{'name': 'Drama'}, {'name': 'Thriller'}]"
801,"Good Morning, Vietnam",1987-12-23,"[{'name': 'Comedy'}, {'name': 'Drama'}, {'name': 'War'}]"
12230,One Hundred and One Dalmatians,1961-01-25,"[{'name': 'Adventure'}, {'name': 'Animation'}, {'name': 'Comedy'}, {'name': 'Family'}]"
4031,Going Places,1974-03-20,"[{'name': 'Comedy'}, {'name': 'Drama'}]"
1380291,Tom Clancy's Jack Ryan: Ghost War,2026-05-20,"[{'name': 'Action'}, {'name': 'Thriller'}]"
1167307,David,2025-12-14,"[{'name': 'Animation'}, {'name': 'Drama'}, {'name': 'Family'}, {'name': 'History'}]"
12225,Cashback,2007-01-17,"[{'name': 'Drama'}, {'name': 'Comedy'}, {'name': 'Romance'}]"
803,Night and Fog,1956-05-22,"[{'name': 'Documentary'}, {'name': 'History'}]"
610253,Halloween Kills,2021-10-14,[{'name': 'Horror'}]
4032,My Girl,1991-11-27,"[{'name': 'Comedy'}, {'name': 'Drama'}]"
602063,Rurouni Kenshin: The Final,2021-04-23,"[{'name': 'Action'}, {'name': 'Adventure'}, {'name': 'History'}, {'name': 'Drama'}]"
1265609,War Machine,2026-02-12,"[{'name': 'Action'}, {'name': 'Science Fiction'}, {'name': 'Thriller'}]"
12233,Oliver & Company,1988-11-18,"[{'name': 'Animation'}, {'name': 'Comedy'}, {'name': 'Family'}]"
1290182,You Are the Apple of My Eye,2025-02-21,"[{'name': 'Romance'}, {'name': 'Drama'}, {'name': 'Comedy'}]"
12242,Mulan II,2004-11-03,"[{'name': 'Animation'}, {'name': 'Comedy'}, {'name': 'Family'}, {'name': 'Action'}]"
757725,Shadow Force,2025-05-01,"[{'name': 'Action'}, {'name': 'Thriller'}]"
806,The Omen,2006-06-06,"[{'name': 'Horror'}, {'name': 'Mystery'}, {'name': 'Thriller'}]"
356305,Why Him?,2016-12-22,[{'name': 'Comedy'}]
12244,9,2009-08-19,"[{'name': 'Action'}, {'name': 'Adventure'}, {'name': 'Animation'}, {'name': 'Science Fiction'}, {'name': 'Thriller'}]"
454626,Sonic the Hedgehog,2020-02-12,"[{'name': 'Action'}, {'name': 'Science Fiction'}, {'name': 'Comedy'}, {'name': 'Family'}]"
536554,M3GAN,2022-12-28,"[{'name': 'Science Fiction'}, {'name': 'Horror'}]"
454639,Masters of the Universe,2026-06-03,"[{'name': 'Action'}, {'name': 'Fantasy'}, {'name': 'Science Fiction'}]"
20453,3 Idiots,2009-12-23,"[{'name': 'Drama'}, {'name': 'Comedy'}]"
102382,The Amazing Spider-Man 2,2014-04-16,"[{'name': 'Action'}, {'name': 'Adventure'}, {'name': 'Science Fiction'}]"
1413097,Melania,2026-01-30,[{'name': 'Documentary'}]
1314786,Agent Zeta,2026-03-20,"[{'name': 'Drama'}, {'name': 'Thriller'}]"
700391,65,2023-03-02,"[{'name': 'Action'}, {'name': 'Adventure'}, {'name': 'Science Fiction'}]"
184314,Young & Beautiful,2013-08-21,[{'name': 'Drama'}]
454640,The Angry Birds Movie 2,2019-08-02,"[{'name': 'Animation'}, {'name': 'Adventure'}, {'name': 'Comedy'}, {'name': 'Family'}]"
339964,Valerian and the City of a Thousand Planets,2017-07-19,"[{'name': 'Adventure'}, {'name': 'Science Fiction'}, {'name': 'Action'}]"
25239,Day of the Woman,1978-11-02,[{'name': 'Horror'}]
12279,Spy Kids 3-D: Game Over,2003-07-25,"[{'name': 'Family'}, {'name': 'Action'}, {'name': 'Comedy'}, {'name': 'Adventure'}, {'name': 'Science Fiction'}]"
511987,Crawl,2019-07-10,"[{'name': 'Horror'}, {'name': 'Thriller'}]"
1249289,Alarum,2025-01-16,"[{'name': 'Action'}, {'name': 'Crime'}, {'name': 'Thriller'}]"
1118224,Maharaja,2024-06-14,"[{'name': 'Action'}, {'name': 'Thriller'}, {'name': 'Mystery'}]"
184315,Hercules,2014-07-23,"[{'name': 'Action'}, {'name': 'Adventure'}]"
126963,Dragon Ball Z: Battle of Gods,2013-03-30,"[{'name': 'Animation'}, {'name': 'Action'}, {'name': 'Science Fiction'}]"
20465,Stage Fright,1987-02-08,[{'name': 'Horror'}]
593910,Cinderella,2021-09-03,"[{'name': 'Fantasy'}, {'name': 'Romance'}, {'name': 'Comedy'}]"
200727,"Love, Rosie",2014-10-16,"[{'name': 'Romance'}, {'name': 'Drama'}, {'name': 'Comedy'}]"
372754,Dou kyu sei – Classmates,2016-02-20,"[{'name': 'Romance'}, {'name': 'Animation'}]"
1110034,Kraken,2026-02-06,"[{'name': 'Horror'}, {'name': 'Action'}, {'name': 'Thriller'}]"
4133,Blow,2001-04-04,"[{'name': 'Crime'}, {'name': 'Drama'}]"
20504,The Book of Eli,2010-01-14,"[{'name': 'Action'}, {'name': 'Thriller'}, {'name': 'Science Fiction'}]"
1208348,Rental Family,2025-11-20,"[{'name': 'Drama'}, {'name': 'Comedy'}]"
4108,The Transporter,2002-10-02,"[{'name': 'Action'}, {'name': 'Crime'}, {'name': 'Thriller'}]"
1429520,Sidelined 2: Intercepted,2025-11-27,"[{'name': 'Romance'}, {'name': 'Comedy'}]"
1159206,Father Mother Sister Brother,2025-12-01,"[{'name': 'Comedy'}, {'name': 'Drama'}]"
8960,Hancock,2008-07-01,"[{'name': 'Fantasy'}, {'name': 'Action'}]"
8963,Crimson Tide,1995-05-12,"[{'name': 'Thriller'}, {'name': 'Action'}, {'name': 'Drama'}, {'name': 'War'}]"
290859,Terminator: Dark Fate,2019-10-23,"[{'name': 'Science Fiction'}, {'name': 'Action'}, {'name': 'Adventure'}, {'name': 'Thriller'}]"
299054,Expend4bles,2023-09-15,"[{'name': 'Action'}, {'name': 'Adventure'}, {'name': 'Thriller'}]"
290865,Tazza: The Hidden Card,2014-09-03,"[{'name': 'Crime'}, {'name': 'Drama'}]"
4147,Road to Perdition,2002-07-12,"[{'name': 'Crime'}, {'name': 'Drama'}, {'name': 'Thriller'}]"
83201,Puss in Boots: The Three Diablos,2012-02-07,"[{'name': 'Adventure'}, {'name': 'Animation'}, {'name': 'Comedy'}, {'name': 'Family'}]"
184345,A Haunted House 2,2014-04-17,"[{'name': 'Comedy'}, {'name': 'Horror'}]"
4141,Shoot 'Em Up,2007-07-26,"[{'name': 'Action'}, {'name': 'Thriller'}, {'name': 'Comedy'}, {'name': 'Crime'}]"
4192,Death on the Nile,1978-09-29,[{'name': 'Mystery'}]
4148,Revolutionary Road,2008-12-19,"[{'name': 'Drama'}, {'name': 'Romance'}]"
1020006,Priscilla,2023-10-27,"[{'name': 'Drama'}, {'name': 'Romance'}]"
159824,Hotel Transylvania 2,2015-09-21,"[{'name': 'Animation'}, {'name': 'Comedy'}, {'name': 'Family'}, {'name': 'Fantasy'}]"
20526,TRON: Legacy,2010-12-14,"[{'name': 'Adventure'}, {'name': 'Action'}, {'name': 'Science Fiction'}]"
77931,The Smurfs 2,2013-07-30,"[{'name': 'Fantasy'}, {'name': 'Family'}, {'name': 'Comedy'}, {'name': 'Animation'}]"
897087,Freelance,2023-10-05,"[{'name': 'Action'}, {'name': 'Comedy'}]"
1151031,Bring Her Back,2025-05-19,[{'name': 'Horror'}]
1429605,F Valentine's Day,2026-02-12,"[{'name': 'Romance'}, {'name': 'Comedy'}]"
94329,The Raid,2012-03-22,"[{'name': 'Action'}, {'name': 'Thriller'}, {'name': 'Crime'}]"
36955,True Lies,1994-07-15,"[{'name': 'Action'}, {'name': 'Thriller'}]"
4176,Murder on the Orient Express,1974-11-22,"[{'name': 'Drama'}, {'name': 'Thriller'}, {'name': 'Mystery'}]"
602223,The Forever Purge,2021-06-30,"[{'name': 'Action'}, {'name': 'Horror'}, {'name': 'Thriller'}]"
503919,The Lighthouse,2019-10-18,"[{'name': 'Drama'}, {'name': 'Fantasy'}, {'name': 'Thriller'}]"
176241,Prison Break: The Final Break,2009-09-10,"[{'name': 'Action'}, {'name': 'Drama'}, {'name': 'Thriller'}]"
340102,The New Mutants,2020-04-02,"[{'name': 'Science Fiction'}, {'name': 'Horror'}]"
77950,Turbo,2013-07-11,"[{'name': 'Animation'}, {'name': 'Family'}]"
4232,Scream,1996-12-20,"[{'name': 'Crime'}, {'name': 'Horror'}, {'name': 'Mystery'}]"
12405,Slumdog Millionaire,2008-11-12,"[{'name': 'Drama'}, {'name': 'Romance'}]"
864370,Incantation,2022-03-18,[{'name': 'Horror'}]
872585,Oppenheimer,2023-07-19,"[{'name': 'Drama'}, {'name': 'History'}]"
4234,Scream 3,2000-02-04,"[{'name': 'Horror'}, {'name': 'Mystery'}]"
897160,Brave Citizen,2023-10-25,"[{'name': 'Action'}, {'name': 'Drama'}, {'name': 'Comedy'}]"
4233,Scream 2,1997-12-12,"[{'name': 'Horror'}, {'name': 'Mystery'}]"
8978,Assault on Precinct 13,2005-01-19,"[{'name': 'Thriller'}, {'name': 'Action'}, {'name': 'Adventure'}, {'name': 'Crime'}]"
1159311,My Hero Academia: You're Next,2024-08-02,"[{'name': 'Animation'}, {'name': 'Action'}, {'name': 'Adventure'}, {'name': 'Science Fiction'}]"
12429,Ponyo,2008-07-19,"[{'name': 'Animation'}, {'name': 'Fantasy'}, {'name': 'Family'}]"
385103,Scoob!,2020-07-08,"[{'name': 'Animation'}, {'name': 'Comedy'}, {'name': 'Family'}, {'name': 'Mystery'}]"
643215,Asterix & Obelix: The Middle Kingdom,2023-02-01,"[{'name': 'Family'}, {'name': 'Comedy'}, {'name': 'Adventure'}, {'name': 'Fantasy'}]"
28808,Detective Conan: The Last Wizard of the Century,1999-04-17,"[{'name': 'Adventure'}, {'name': 'Animation'}, {'name': 'Crime'}, {'name': 'Drama'}, {'name': 'Mystery'}]"
364689,Ferdinand,2017-12-09,"[{'name': 'Animation'}, {'name': 'Family'}, {'name': 'Adventure'}, {'name': 'Comedy'}]"
4248,Scary Movie 2,2001-07-04,[{'name': 'Comedy'}]
4244,The Kid,2000-07-07,"[{'name': 'Fantasy'}, {'name': 'Comedy'}, {'name': 'Family'}]"
94365,The Human Centipede 3 (Final Sequence),2015-05-22,[{'name': 'Horror'}]
495764,Birds of Prey (and the Fantabulous Emancipation of One Harley Quinn),2020-02-05,"[{'name': 'Action'}, {'name': 'Crime'}]"
12444,Harry Potter and the Deathly Hallows: Part 1,2010-11-17,"[{'name': 'Adventure'}, {'name': 'Fantasy'}]"
4247,Scary Movie,2000-07-07,[{'name': 'Comedy'}]
12445,Harry Potter and the Deathly Hallows: Part 2,2011-07-12,"[{'name': 'Adventure'}, {'name': 'Fantasy'}]"
12437,Underworld: Rise of the Lycans,2009-01-22,"[{'name': 'Fantasy'}, {'name': 'Action'}, {'name': 'Thriller'}]"
823464,Godzilla x Kong: The New Empire,2024-03-27,"[{'name': 'Action'}, {'name': 'Adventure'}, {'name': 'Science Fiction'}]"
602269,The Little Things,2021-01-28,"[{'name': 'Drama'}, {'name': 'Crime'}, {'name': 'Thriller'}]"
4251,Veer-Zaara,2004-11-12,"[{'name': 'Drama'}, {'name': 'Romance'}]"
823482,Dream Scenario,2023-11-10,"[{'name': 'Comedy'}, {'name': 'Fantasy'}]"
1290417,Thrash,2026-04-10,"[{'name': 'Horror'}, {'name': 'Thriller'}]"
4258,Scary Movie 5,2013-04-11,[{'name': 'Comedy'}]
643236,Meet the Malawas,2019-12-25,[{'name': 'Comedy'}]
258216,Nymphomaniac: Vol. I,2013-12-25,[{'name': 'Drama'}]
241848,The Guest,2014-09-05,"[{'name': 'Mystery'}, {'name': 'Thriller'}, {'name': 'Action'}]"
938150,Wardriver,2026-03-04,"[{'name': 'Thriller'}, {'name': 'Crime'}]"
4256,Scary Movie 3,2003-10-24,[{'name': 'Comedy'}]
4255,The Party at Kitty and Stud's,1970-02-10,"[{'name': 'Comedy'}, {'name': 'Drama'}]"
4257,Scary Movie 4,2006-04-12,[{'name': 'Comedy'}]
45243,The Hangover Part II,2011-05-25,[{'name': 'Comedy'}]
1233069,Exterritorial,2025-04-29,"[{'name': 'Thriller'}, {'name': 'Action'}]"
348350,Solo: A Star Wars Story,2018-05-15,"[{'name': 'Science Fiction'}, {'name': 'Adventure'}, {'name': 'Action'}]"
20662,Robin Hood,2010-05-12,"[{'name': 'Action'}, {'name': 'Adventure'}, {'name': 'History'}, {'name': 'Drama'}]"
1331375,Dominique,2024-10-11,"[{'name': 'Action'}, {'name': 'Thriller'}]"
258230,A Monster Calls,2016-10-07,"[{'name': 'Fantasy'}, {'name': 'Adventure'}, {'name': 'Family'}]"
413882,Ok Jaanu,2017-01-12,"[{'name': 'Drama'}, {'name': 'Romance'}]"
20677,Detective Conan: Captured in Her Eyes,2000-04-22,"[{'name': 'Animation'}, {'name': 'Crime'}, {'name': 'Drama'}, {'name': 'Mystery'}, {'name': 'Adventure'}]"
487616,Curiosa,2019-04-03,"[{'name': 'Drama'}, {'name': 'History'}]"
12481,The Big Boss,1971-10-23,[{'name': 'Action'}]
37056,Letters to Juliet,2010-05-13,"[{'name': 'Comedy'}, {'name': 'Drama'}, {'name': 'Romance'}]"
512200,Jumanji: The Next Level,2019-12-04,"[{'name': 'Adventure'}, {'name': 'Comedy'}, {'name': 'Fantasy'}]"
1659087,180,2026-04-16,"[{'name': 'Thriller'}, {'name': 'Crime'}, {'name': 'Drama'}, {'name': 'TV Movie'}]"
512195,Red Notice,2021-11-04,"[{'name': 'Action'}, {'name': 'Comedy'}, {'name': 'Crime'}]"
858,Sleepless in Seattle,1993-06-24,"[{'name': 'Comedy'}, {'name': 'Drama'}, {'name': 'Romance'}]"
1249508,Grizzly Night,2026-01-30,"[{'name': 'Horror'}, {'name': 'Thriller'}, {'name': 'Drama'}]"
856289,Creation of the Gods I: Kingdom of Storms,2023-07-15,"[{'name': 'Action'}, {'name': 'Fantasy'}, {'name': 'War'}]"
135397,Jurassic World,2015-06-06,"[{'name': 'Adventure'}, {'name': 'Science Fiction'}, {'name': 'Thriller'}]"
45269,The King's Speech,2010-11-26,"[{'name': 'Drama'}, {'name': 'History'}]"
479455,Men in Black: International,2019-06-12,"[{'name': 'Comedy'}, {'name': 'Science Fiction'}, {'name': 'Action'}, {'name': 'Adventure'}]"
774370,Dog Man,2025-01-24,"[{'name': 'Family'}, {'name': 'Comedy'}, {'name': 'Adventure'}, {'name': 'Animation'}, {'name': 'Action'}]"
1290432,A Private Life,2025-09-27,"[{'name': 'Drama'}, {'name': 'Mystery'}, {'name': 'Crime'}]"
725201,The Gray Man,2022-07-13,"[{'name': 'Action'}, {'name': 'Thriller'}]"
1429744,Ziam,2025-07-08,"[{'name': 'Horror'}, {'name': 'Thriller'}, {'name': 'Action'}]"
315635,Spider-Man: Homecoming,2017-07-05,"[{'name': 'Action'}, {'name': 'Adventure'}, {'name': 'Science Fiction'}]"
102651,Maleficent,2014-05-28,"[{'name': 'Fantasy'}, {'name': 'Adventure'}, {'name': 'Action'}, {'name': 'Family'}, {'name': 'Romance'}]"
848116,Rocky Aur Rani Kii Prem Kahaani,2023-07-28,"[{'name': 'Comedy'}, {'name': 'Drama'}, {'name': 'Family'}, {'name': 'Romance'}]"
1396965,Detective Conan: One-Eyed Flashback,2025-04-18,"[{'name': 'Animation'}, {'name': 'Action'}, {'name': 'Mystery'}, {'name': 'Crime'}]"
12536,Home Alone 4,2002-11-03,"[{'name': 'Comedy'}, {'name': 'Family'}, {'name': 'TV Movie'}]"
504056,Big Brother,2018-08-16,"[{'name': 'Action'}, {'name': 'Drama'}, {'name': 'Comedy'}]"
37094,Falling Down,1993-02-26,"[{'name': 'Crime'}, {'name': 'Drama'}, {'name': 'Thriller'}]"
4327,Charlie's Angels,2000-11-02,"[{'name': 'Action'}, {'name': 'Comedy'}, {'name': 'Adventure'}]"
12493,High and Low,1963-03-01,"[{'name': 'Drama'}, {'name': 'Crime'}, {'name': 'Thriller'}]"
45317,The Fighter,2010-12-10,[{'name': 'Drama'}]
4348,Pride & Prejudice,2005-09-16,"[{'name': 'Drama'}, {'name': 'Romance'}]"
864,Cool Runnings,1993-10-01,"[{'name': 'Comedy'}, {'name': 'Adventure'}, {'name': 'Drama'}]"
397567,Along with the Gods: The Two Worlds,2017-12-20,"[{'name': 'Action'}, {'name': 'Adventure'}, {'name': 'Drama'}, {'name': 'Fantasy'}, {'name': 'Thriller'}]"
987400,Aztec Batman: Clash of Empires,2025-09-18,"[{'name': 'Animation'}, {'name': 'Action'}, {'name': 'Fantasy'}]"
20766,The Road,2009-11-25,"[{'name': 'Adventure'}, {'name': 'Drama'}]"
1601797,¿Quieres ser mi novia?,2026-02-12,"[{'name': 'Comedy'}, {'name': 'Romance'}]"
4347,Atonement,2007-02-27,"[{'name': 'Drama'}, {'name': 'Romance'}]"
37137,The Naked Gun 2½: The Smell of Fear,1991-06-28,"[{'name': 'Comedy'}, {'name': 'Crime'}]"
405774,Bird Box,2018-12-13,"[{'name': 'Horror'}, {'name': 'Thriller'}, {'name': 'Drama'}]"
1356039,Counterattack,2025-02-27,"[{'name': 'Action'}, {'name': 'Adventure'}, {'name': 'Thriller'}]"
1224993,Dark Nuns,2025-01-24,"[{'name': 'Horror'}, {'name': 'Mystery'}, {'name': 'Thriller'}, {'name': 'Drama'}]"
37135,Tarzan,1999-06-17,"[{'name': 'Animation'}, {'name': 'Family'}, {'name': 'Adventure'}]"
1339713,Obsession,2026-05-13,"[{'name': 'Horror'}, {'name': 'Thriller'}]"
37136,The Naked Gun: From the Files of Police Squad!,1988-12-02,"[{'name': 'Comedy'}, {'name': 'Crime'}]"
1011985,Kung Fu Panda 4,2024-03-02,"[{'name': 'Action'}, {'name': 'Adventure'}, {'name': 'Animation'}, {'name': 'Comedy'}, {'name': 'Family'}, {'name': 'Fantasy'}]"
12572,"New York, I Love You",2008-09-06,"[{'name': 'Comedy'}, {'name': 'Drama'}, {'name': 'Romance'}]"
930094,"Red, White & Royal Blue",2023-07-27,"[{'name': 'Comedy'}, {'name': 'Romance'}]"
61717,Wendy Wu: Homecoming Warrior,2006-06-16,"[{'name': 'Family'}, {'name': 'Action'}, {'name': 'Adventure'}, {'name': 'TV Movie'}, {'name': 'Comedy'}]"
4379,Monster-in-Law,2005-05-13,"[{'name': 'Romance'}, {'name': 'Comedy'}]"
37169,The Human Centipede (First Sequence),2009-10-31,[{'name': 'Horror'}]
536869,Cats,2019-12-19,"[{'name': 'Fantasy'}, {'name': 'Comedy'}, {'name': 'Drama'}]"
1151272,Sirāt,2025-06-06,"[{'name': 'Drama'}, {'name': 'Thriller'}]"
37165,The Truman Show,1998-06-04,"[{'name': 'Comedy'}, {'name': 'Drama'}]"
4421,G.I. Jane,1997-08-19,"[{'name': 'Action'}, {'name': 'Drama'}, {'name': 'War'}]"
86331,Desire,2011-10-06,"[{'name': 'Drama'}, {'name': 'Romance'}]"
454983,The Kissing Booth,2018-05-11,"[{'name': 'Romance'}, {'name': 'Comedy'}]"
4437,2010,1984-12-06,"[{'name': 'Thriller'}, {'name': 'Science Fiction'}]"
37185,"Comrades, Almost a Love Story",1996-11-02,"[{'name': 'Drama'}, {'name': 'Romance'}]"
168259,Furious 7,2015-04-01,"[{'name': 'Action'}, {'name': 'Crime'}, {'name': 'Thriller'}]"
831815,Saving Bikini Bottom: The Sandy Cheeks Movie,2024-10-01,"[{'name': 'Family'}, {'name': 'Comedy'}, {'name': 'Adventure'}, {'name': 'Animation'}]"
45380,Crazy Stone,2006-06-30,"[{'name': 'Action'}, {'name': 'Comedy'}]"
1241436,Warfare,2025-04-09,"[{'name': 'War'}, {'name': 'Action'}]"
4442,The Brothers Grimm,2005-08-26,"[{'name': 'Adventure'}, {'name': 'Fantasy'}, {'name': 'Action'}, {'name': 'Comedy'}, {'name': 'Thriller'}]"
12627,La Belle Noiseuse,1991-09-04,[{'name': 'Drama'}]
381283,mother!,2017-09-13,"[{'name': 'Horror'}, {'name': 'Drama'}]"
381284,Hidden Figures,2016-12-10,"[{'name': 'Drama'}, {'name': 'History'}]"
1511789,Captain Hook: The Cursed Tides,2025-07-11,"[{'name': 'Adventure'}, {'name': 'Action'}, {'name': 'Horror'}]"
438631,Dune,2021-09-15,"[{'name': 'Science Fiction'}, {'name': 'Adventure'}]"
12620,The House Bunny,2008-08-22,"[{'name': 'Romance'}, {'name': 'Comedy'}]"
1151334,Eenie Meanie,2025-08-21,"[{'name': 'Action'}, {'name': 'Comedy'}, {'name': 'Crime'}]"
381288,Split,2017-01-19,"[{'name': 'Horror'}, {'name': 'Thriller'}]"
381289,A Dog's Purpose,2017-01-19,"[{'name': 'Adventure'}, {'name': 'Fantasy'}, {'name': 'Family'}, {'name': 'Drama'}]"
61791,Rise of the Planet of the Apes,2011-08-03,"[{'name': 'Thriller'}, {'name': 'Action'}, {'name': 'Drama'}, {'name': 'Science Fiction'}]"
70006,Never Back Down 2: The Beatdown,2011-09-13,"[{'name': 'Drama'}, {'name': 'Action'}]"
78192,Michael Jackson: The Life of an Icon,2011-11-02,"[{'name': 'Documentary'}, {'name': 'Music'}]"
209262,Parkland,2013-10-02,"[{'name': 'History'}, {'name': 'Drama'}]"
12657,Soul Plane,2004-05-28,[{'name': 'Comedy'}]
766319,Mariah Carey's Magical Christmas Special,2020-12-03,"[{'name': 'Family'}, {'name': 'Music'}]"
504172,The Mule,2018-12-14,"[{'name': 'Crime'}, {'name': 'Drama'}]"
438650,Cold Pursuit,2019-02-07,"[{'name': 'Crime'}, {'name': 'Action'}, {'name': 'Drama'}]"
37233,The Firm,1993-06-30,"[{'name': 'Drama'}, {'name': 'Mystery'}, {'name': 'Thriller'}]"
577922,Tenet,2020-08-22,"[{'name': 'Action'}, {'name': 'Thriller'}, {'name': 'Science Fiction'}]"
4476,Legends of the Fall,1994-12-23,"[{'name': 'Drama'}, {'name': 'Western'}, {'name': 'Romance'}, {'name': 'War'}]"
201085,Crimson Peak,2015-10-13,"[{'name': 'Horror'}, {'name': 'Mystery'}, {'name': 'Romance'}, {'name': 'Drama'}]"
37247,The Graduate,1967-12-21,"[{'name': 'Drama'}, {'name': 'Romance'}, {'name': 'Comedy'}]"
1405338,Demon City,2025-02-26,"[{'name': 'Action'}, {'name': 'Crime'}, {'name': 'Fantasy'}, {'name': 'Thriller'}]"
1175942,The Bad Guys 2,2025-07-24,"[{'name': 'Family'}, {'name': 'Comedy'}, {'name': 'Crime'}, {'name': 'Adventure'}, {'name': 'Animation'}]"
61823,The Ape Woman,1964-01-31,"[{'name': 'Drama'}, {'name': 'Comedy'}]"
4478,Indecent Proposal,1993-04-07,"[{'name': 'Romance'}, {'name': 'Drama'}]"
37257,Witness for the Prosecution,1957-12-17,"[{'name': 'Drama'}, {'name': 'Mystery'}, {'name': 'Crime'}]"
151960,Planes,2013-08-09,"[{'name': 'Animation'}, {'name': 'Family'}, {'name': 'Adventure'}, {'name': 'Comedy'}]"
201088,Blackhat,2015-01-13,"[{'name': 'Crime'}, {'name': 'Thriller'}, {'name': 'Action'}]"
53658,God of Gamblers III: Back to Shanghai,1991-08-21,"[{'name': 'Action'}, {'name': 'Comedy'}, {'name': 'Fantasy'}]"
127380,Finding Dory,2016-06-16,"[{'name': 'Adventure'}, {'name': 'Animation'}, {'name': 'Family'}]"
266647,Pan,2015-09-24,"[{'name': 'Fantasy'}, {'name': 'Adventure'}, {'name': 'Family'}, {'name': 'Action'}]"
1241470,Osiris,2025-07-25,"[{'name': 'Science Fiction'}, {'name': 'Action'}, {'name': 'Horror'}]"
4488,Friday the 13th,1980-05-09,[{'name': 'Horror'}]
4517,Elizabeth: The Golden Age,2007-09-09,"[{'name': 'Drama'}, {'name': 'History'}, {'name': 'Romance'}]"
274855,Geostorm,2017-10-12,"[{'name': 'Action'}, {'name': 'Science Fiction'}, {'name': 'Thriller'}]"
340382,Attack on Titan II: End of the World,2015-09-01,"[{'name': 'Horror'}, {'name': 'Science Fiction'}, {'name': 'Action'}]"
274857,King Arthur: Legend of the Sword,2017-05-10,"[{'name': 'Action'}, {'name': 'Drama'}, {'name': 'Fantasy'}]"
635302,Demon Slayer -Kimetsu no Yaiba- The Movie: Mugen Train,2020-10-16,"[{'name': 'Animation'}, {'name': 'Action'}, {'name': 'Fantasy'}]"
258480,Carol,2015-11-20,"[{'name': 'Romance'}, {'name': 'Drama'}]"
1159559,Scream 7,2026-02-25,"[{'name': 'Horror'}, {'name': 'Mystery'}, {'name': 'Crime'}]"
274862,The Lego Ninjago Movie,2017-09-21,"[{'name': 'Action'}, {'name': 'Adventure'}, {'name': 'Animation'}, {'name': 'Comedy'}, {'name': 'Family'}]"
864692,Pathaan,2023-01-25,"[{'name': 'Action'}, {'name': 'Adventure'}, {'name': 'Thriller'}]"
504253,I Want to Eat Your Pancreas,2018-09-01,"[{'name': 'Animation'}, {'name': 'Drama'}, {'name': 'Romance'}]"
258489,The Legend of Tarzan,2016-06-29,"[{'name': 'Fantasy'}, {'name': 'Action'}, {'name': 'Adventure'}]"
4547,Panic Room,2002-03-29,"[{'name': 'Crime'}, {'name': 'Drama'}, {'name': 'Thriller'}]"
4523,Enchanted,2007-11-20,"[{'name': 'Comedy'}, {'name': 'Family'}, {'name': 'Fantasy'}, {'name': 'Romance'}]"
315837,Ghost in the Shell,2017-03-29,"[{'name': 'Science Fiction'}, {'name': 'Drama'}, {'name': 'Action'}]"
1307078,My Oxford Year,2025-07-31,"[{'name': 'Romance'}, {'name': 'Comedy'}, {'name': 'Drama'}]"
438695,Sing 2,2021-12-01,"[{'name': 'Animation'}, {'name': 'Comedy'}, {'name': 'Family'}, {'name': 'Music'}]"
274854,The Last Witch Hunter,2015-10-21,"[{'name': 'Action'}, {'name': 'Adventure'}, {'name': 'Fantasy'}]"
4552,A Tale of Two Sisters,2003-06-13,"[{'name': 'Drama'}, {'name': 'Horror'}, {'name': 'Mystery'}]"
446893,Trolls World Tour,2020-03-11,"[{'name': 'Family'}, {'name': 'Animation'}, {'name': 'Comedy'}, {'name': 'Fantasy'}, {'name': 'Adventure'}, {'name': 'Music'}]"
848326,Rebel Moon - Part One: A Child of Fire,2023-12-15,"[{'name': 'Science Fiction'}, {'name': 'Action'}, {'name': 'Adventure'}]"
4550,Lady Vengeance,2005-07-29,"[{'name': 'Drama'}, {'name': 'Thriller'}]"
463272,Johnny English Strikes Again,2018-09-13,"[{'name': 'Action'}, {'name': 'Adventure'}, {'name': 'Comedy'}]"
274870,Passengers,2016-12-21,"[{'name': 'Drama'}, {'name': 'Romance'}, {'name': 'Science Fiction'}]"
1266127,Ready or Not: Here I Come,2026-03-19,"[{'name': 'Thriller'}, {'name': 'Horror'}, {'name': 'Comedy'}]"
872906,Jawan,2023-09-07,"[{'name': 'Action'}, {'name': 'Thriller'}]"
4561,The Story of O,1975-08-27,[{'name': 'Drama'}]
258509,Alvin and the Chipmunks: The Road Chip,2015-12-17,"[{'name': 'Family'}, {'name': 'Comedy'}, {'name': 'Music'}, {'name': 'Adventure'}, {'name': 'Animation'}]"
4553,The Machinist,2004-09-24,"[{'name': 'Thriller'}, {'name': 'Drama'}]"
20941,Innocent Voices,2005-01-28,"[{'name': 'Drama'}, {'name': 'War'}]"
332210,Storks,2016-09-22,"[{'name': 'Adventure'}, {'name': 'Animation'}, {'name': 'Comedy'}, {'name': 'Family'}]"
479718,The Outlaws,2017-10-03,"[{'name': 'Action'}, {'name': 'Crime'}, {'name': 'Thriller'}]"
4564,Sex and the City,2008-05-12,"[{'name': 'Comedy'}, {'name': 'Drama'}, {'name': 'Romance'}]"
1257960,Sikandar,2025-03-29,"[{'name': 'Action'}, {'name': 'Drama'}]"
1315303,Primate,2026-01-01,"[{'name': 'Horror'}, {'name': 'Thriller'}]"
12779,Swept Away,2002-10-11,"[{'name': 'Comedy'}, {'name': 'Romance'}]"
9053,DOA: Dead or Alive,2006-09-07,"[{'name': 'Adventure'}, {'name': 'Action'}, {'name': 'Thriller'}]"
61930,Bagnomaria,1999-02-12,[{'name': 'Comedy'}]
4584,Sense and Sensibility,1995-12-13,"[{'name': 'Drama'}, {'name': 'Romance'}]"
4588,"Lust, Caution",2007-09-24,"[{'name': 'Action'}, {'name': 'Drama'}, {'name': 'Romance'}, {'name': 'Thriller'}]"
119283,Parker,2013-01-23,"[{'name': 'Action'}, {'name': 'Crime'}]"
102899,Ant-Man,2015-07-14,"[{'name': 'Science Fiction'}, {'name': 'Adventure'}, {'name': 'Action'}]"
20975,The Girls,1962-03-07,"[{'name': 'Comedy'}, {'name': 'Romance'}]"
365045,Heidi,2015-12-10,"[{'name': 'Adventure'}, {'name': 'Family'}, {'name': 'Drama'}]"
20982,Naruto Shippuden the Movie,2007-08-04,"[{'name': 'Animation'}, {'name': 'Action'}, {'name': 'Fantasy'}]"
12819,Alpha and Omega,2010-07-05,"[{'name': 'Animation'}, {'name': 'Family'}, {'name': 'Comedy'}, {'name': 'Adventure'}, {'name': 'Romance'}]"
872954,The Old Way,2023-01-06,"[{'name': 'Action'}, {'name': 'Drama'}, {'name': 'Western'}]"
299534,Avengers: Endgame,2019-04-24,"[{'name': 'Adventure'}, {'name': 'Science Fiction'}, {'name': 'Action'}]"
1208808,Night Shift,2024-12-05,[{'name': 'Horror'}]
1012201,HAIKYU!! The Dumpster Battle,2024-02-16,"[{'name': 'Animation'}, {'name': 'Comedy'}]"
1094138,Jackpot!,2024-08-13,"[{'name': 'Comedy'}, {'name': 'Action'}]"
299537,Captain Marvel,2019-03-06,"[{'name': 'Action'}, {'name': 'Adventure'}, {'name': 'Science Fiction'}]"
438799,Overlord,2018-11-01,"[{'name': 'Horror'}, {'name': 'War'}, {'name': 'Science Fiction'}]"
12797,Ghost Town,2008-09-19,"[{'name': 'Comedy'}, {'name': 'Romance'}, {'name': 'Drama'}, {'name': 'Fantasy'}]"
1241624,Ghost Train,2025-07-09,"[{'name': 'Horror'}, {'name': 'Mystery'}]"
61979,Three Steps Above Heaven,2010-12-03,"[{'name': 'Romance'}, {'name': 'Drama'}]"
299536,Avengers: Infinity War,2018-04-25,"[{'name': 'Adventure'}, {'name': 'Action'}, {'name': 'Science Fiction'}]"
643586,Willy's Wonderland,2021-02-12,"[{'name': 'Horror'}, {'name': 'Thriller'}, {'name': 'Action'}]"
1233413,Sinners,2025-04-16,"[{'name': 'Horror'}, {'name': 'Action'}, {'name': 'Thriller'}]"
1241634,Saiyaara,2025-07-18,"[{'name': 'Romance'}, {'name': 'Drama'}, {'name': 'Music'}]"
4614,The Sum of All Fears,2002-05-31,"[{'name': 'Thriller'}, {'name': 'Action'}, {'name': 'Drama'}]"
553512,Burn the Stage: The Movie,2018-11-15,"[{'name': 'Music'}, {'name': 'Documentary'}]"
987686,A Family Affair,2024-06-27,"[{'name': 'Romance'}, {'name': 'Comedy'}]"
70160,The Hunger Games,2012-03-12,"[{'name': 'Science Fiction'}, {'name': 'Adventure'}, {'name': 'Action'}, {'name': 'Thriller'}]"
4643,The Guardian,2006-09-28,"[{'name': 'Action'}, {'name': 'Adventure'}, {'name': 'Drama'}]"
455207,Crazy Rich Asians,2018-08-15,"[{'name': 'Comedy'}, {'name': 'Romance'}]"
766507,Prey,2022-08-02,"[{'name': 'Thriller'}, {'name': 'Action'}, {'name': 'Science Fiction'}]"
4638,Hot Fuzz,2007-02-14,"[{'name': 'Crime'}, {'name': 'Action'}, {'name': 'Comedy'}]"
758323,The Pope's Exorcist,2023-04-05,"[{'name': 'Horror'}, {'name': 'Thriller'}]"
1290821,Shelter,2026-01-28,"[{'name': 'Action'}, {'name': 'Crime'}, {'name': 'Thriller'}]"
45612,Source Code,2011-03-30,"[{'name': 'Thriller'}, {'name': 'Science Fiction'}, {'name': 'Mystery'}]"
520758,Chicken Run: Dawn of the Nugget,2023-12-08,"[{'name': 'Family'}, {'name': 'Animation'}, {'name': 'Adventure'}, {'name': 'Comedy'}]"
21032,Balto,1995-12-22,"[{'name': 'Adventure'}, {'name': 'Animation'}, {'name': 'Drama'}, {'name': 'Family'}]"
1389149,Accused,2026-02-27,"[{'name': 'Thriller'}, {'name': 'Mystery'}, {'name': 'Drama'}]"
758330,"Good Luck to You, Leo Grande",2022-06-16,"[{'name': 'Romance'}, {'name': 'Drama'}]"
111190,Adoration,2013-04-03,[{'name': 'Drama'}]
1430077,Hokum,2026-04-29,[{'name': 'Horror'}]
242224,The Babadook,2014-05-22,"[{'name': 'Drama'}, {'name': 'Horror'}]"
1151534,Nowhere,2023-09-29,"[{'name': 'Thriller'}, {'name': 'Drama'}]"
127585,X-Men: Days of Future Past,2014-05-15,"[{'name': 'Action'}, {'name': 'Adventure'}, {'name': 'Science Fiction'}]"
1061474,Superman,2025-07-09,"[{'name': 'Science Fiction'}, {'name': 'Adventure'}, {'name': 'Action'}]"
37430,Conan the Barbarian,2011-08-17,"[{'name': 'Adventure'}, {'name': 'Fantasy'}, {'name': 'Action'}]"
29259,Le Trou,1960-03-18,"[{'name': 'Drama'}, {'name': 'Thriller'}, {'name': 'Crime'}]"
225886,Sex Tape,2014-07-17,[{'name': 'Comedy'}]
774752,The Guardians of the Galaxy Holiday Special,2022-11-24,"[{'name': 'Comedy'}, {'name': 'Science Fiction'}, {'name': 'Adventure'}]"
1233506,The Shrinking Man,2025-10-22,"[{'name': 'Adventure'}, {'name': 'Science Fiction'}]"
62029,Bingo Bongo,1982-12-23,[{'name': 'Comedy'}]
520763,A Quiet Place Part II,2021-05-21,"[{'name': 'Science Fiction'}, {'name': 'Thriller'}, {'name': 'Horror'}]"
4689,Sympathy for Mr. Vengeance,2002-03-29,"[{'name': 'Action'}, {'name': 'Drama'}, {'name': 'Thriller'}]"
602734,Spiral: From the Book of Saw,2021-05-12,"[{'name': 'Horror'}, {'name': 'Mystery'}]"
266856,The Theory of Everything,2014-11-07,"[{'name': 'Drama'}, {'name': 'Romance'}]"
635503,Lootcase,2020-07-31,[{'name': 'Comedy'}]
496243,Parasite,2019-05-30,"[{'name': 'Comedy'}, {'name': 'Thriller'}, {'name': 'Drama'}]"
791177,Bones and All,2022-11-18,"[{'name': 'Horror'}, {'name': 'Romance'}, {'name': 'Drama'}]"
250480,The Many Adventures of Winnie the Pooh,1977-03-11,"[{'name': 'Animation'}, {'name': 'Family'}, {'name': 'Adventure'}]"
799379,Project Wolf Hunting,2022-09-21,"[{'name': 'Action'}, {'name': 'Thriller'}, {'name': 'Horror'}, {'name': 'Crime'}]"
938614,Late Night with the Devil,2024-03-19,[{'name': 'Horror'}]
1397364,La Grazia,2025-12-05,[{'name': 'Drama'}]
365177,Borderlands,2024-08-07,"[{'name': 'Action'}, {'name': 'Science Fiction'}, {'name': 'Comedy'}]"
316029,The Greatest Showman,2017-12-20,[{'name': 'Drama'}]
1290879,The Woman in Cabin 10,2025-10-09,"[{'name': 'Mystery'}, {'name': 'Thriller'}, {'name': 'Crime'}]"
791155,Secret Headquarters,2022-08-12,"[{'name': 'Action'}, {'name': 'Adventure'}, {'name': 'Comedy'}, {'name': 'Science Fiction'}, {'name': 'Family'}]"
37526,The Dentist 2,1998-12-11,"[{'name': 'Thriller'}, {'name': 'Horror'}]"
840326,Sisu,2022-09-09,"[{'name': 'Action'}, {'name': 'War'}, {'name': 'Thriller'}]"
848538,Argylle,2024-01-31,"[{'name': 'Action'}, {'name': 'Adventure'}, {'name': 'Comedy'}]"
660120,The Worst Person in the World,2021-10-13,"[{'name': 'Drama'}, {'name': 'Romance'}, {'name': 'Comedy'}]"
299687,The 5th Wave,2016-01-14,"[{'name': 'Science Fiction'}, {'name': 'Adventure'}, {'name': 'Action'}]"
1381027,Good Boy,2026-03-06,"[{'name': 'Thriller'}, {'name': 'Drama'}, {'name': 'Mystery'}]"
1159831,The Bride!,2026-03-04,"[{'name': 'Science Fiction'}, {'name': 'Horror'}, {'name': 'Fantasy'}]"
1233575,Black Bag,2025-03-12,"[{'name': 'Drama'}, {'name': 'Mystery'}, {'name': 'Thriller'}]"
119450,Dawn of the Planet of the Apes,2014-07-08,"[{'name': 'Science Fiction'}, {'name': 'Action'}, {'name': 'Drama'}, {'name': 'Thriller'}]"
250546,Annabelle,2014-10-01,[{'name': 'Horror'}]
774825,The Ice Age Adventures of Buck Wild,2022-01-28,"[{'name': 'Animation'}, {'name': 'Comedy'}, {'name': 'Family'}, {'name': 'Adventure'}]"
53932,The Ages of Lulu,1990-12-03,[{'name': 'Drama'}]
299710,Being 14,2015-02-25,[{'name': 'Drama'}]
1258151,Kraken,2025-04-17,"[{'name': 'Science Fiction'}, {'name': 'Adventure'}, {'name': 'Drama'}]"
13002,Barbie in the 12 Dancing Princesses,2006-09-19,"[{'name': 'Animation'}, {'name': 'Family'}]"
1127110,Diablo,2025-06-13,"[{'name': 'Action'}, {'name': 'Thriller'}, {'name': 'Crime'}]"
21191,Sin Nombre,2009-03-20,"[{'name': 'Drama'}, {'name': 'Action'}, {'name': 'Thriller'}, {'name': 'Crime'}]"
676547,Prey for the Devil,2022-10-23,"[{'name': 'Horror'}, {'name': 'Thriller'}]"
479957,Desire,2017-10-05,"[{'name': 'Romance'}, {'name': 'Drama'}]"
574089,Loop,2020-01-10,"[{'name': 'Animation'}, {'name': 'Family'}, {'name': 'Drama'}]"
13009,Zombie Strippers!,2008-04-18,"[{'name': 'Comedy'}, {'name': 'Horror'}, {'name': 'Science Fiction'}]"
70345,Sssssss,1973-07-06,"[{'name': 'Horror'}, {'name': 'Science Fiction'}]"
340666,Nocturnal Animals,2016-11-04,"[{'name': 'Drama'}, {'name': 'Thriller'}]"
45772,Gnomeo & Juliet,2011-01-13,"[{'name': 'Animation'}, {'name': 'Family'}]"
168672,American Hustle,2013-12-03,"[{'name': 'Drama'}, {'name': 'Crime'}]"
21208,Orphan,2009-07-24,"[{'name': 'Horror'}, {'name': 'Thriller'}]"
4806,Runaway Bride,1999-07-30,"[{'name': 'Comedy'}, {'name': 'Romance'}]"
1340110,Redux Redux,2025-12-28,"[{'name': 'Science Fiction'}, {'name': 'Thriller'}, {'name': 'Horror'}, {'name': 'Crime'}]"
62177,Brave,2012-06-21,"[{'name': 'Adventure'}, {'name': 'Animation'}, {'name': 'Family'}, {'name': 'Fantasy'}]"
4824,The Jackal,1997-11-14,"[{'name': 'Action'}, {'name': 'Crime'}, {'name': 'Thriller'}]"
13019,Young People Fucking,2007-09-05,"[{'name': 'Comedy'}, {'name': 'Drama'}, {'name': 'Romance'}]"
357096,I Spit on Your Grave III: Vengeance Is Mine,2015-10-01,[{'name': 'Horror'}]
414419,Kill Bill: The Whole Bloody Affair,2011-03-27,"[{'name': 'Action'}, {'name': 'Crime'}]"
348892,Bajrangi Bhaijaan,2015-07-17,"[{'name': 'Comedy'}, {'name': 'Drama'}, {'name': 'Adventure'}]"
439015,Slender Man,2018-05-17,"[{'name': 'Horror'}, {'name': 'Mystery'}, {'name': 'Thriller'}]"
37606,Valmont,1989-11-17,"[{'name': 'Drama'}, {'name': 'Romance'}]"
348893,Boyka: Undisputed IV,2016-08-01,"[{'name': 'Action'}, {'name': 'Drama'}, {'name': 'Thriller'}, {'name': 'Crime'}]"
283366,Miss Peregrine's Home for Peculiar Children,2016-09-28,"[{'name': 'Adventure'}, {'name': 'Fantasy'}]"
840430,The Holdovers,2023-10-27,"[{'name': 'Drama'}, {'name': 'Comedy'}]"
13027,Eagle Eye,2008-09-25,"[{'name': 'Mystery'}, {'name': 'Thriller'}, {'name': 'Action'}]"
1307373,Wasteman,2026-02-20,"[{'name': 'Crime'}, {'name': 'Drama'}, {'name': 'Thriller'}]"
594669,Baaghi 3,2020-03-06,"[{'name': 'Action'}, {'name': 'Adventure'}, {'name': 'Thriller'}]"
13053,Bolt,2008-11-21,"[{'name': 'Animation'}, {'name': 'Family'}, {'name': 'Adventure'}, {'name': 'Comedy'}]"
930564,Saltburn,2023-11-16,"[{'name': 'Drama'}, {'name': 'Comedy'}, {'name': 'Thriller'}]"
13056,Punisher: War Zone,2008-12-05,"[{'name': 'Action'}, {'name': 'Crime'}]"
619264,The Platform,2019-11-08,"[{'name': 'Drama'}, {'name': 'Science Fiction'}, {'name': 'Thriller'}]"
62213,Dark Shadows,2012-05-09,"[{'name': 'Comedy'}, {'name': 'Fantasy'}]"
62211,Monsters University,2013-06-19,"[{'name': 'Animation'}, {'name': 'Family'}]"
840464,Greenland 2: Migration,2026-01-07,"[{'name': 'Adventure'}, {'name': 'Thriller'}, {'name': 'Science Fiction'}]"
1422096,Good Boy,2025-10-01,[{'name': 'Horror'}]
13078,The Babysitters,2008-05-09,[{'name': 'Drama'}]
4858,The Invasion,2007-08-17,"[{'name': 'Horror'}, {'name': 'Mystery'}, {'name': 'Science Fiction'}, {'name': 'Thriller'}]"
1127166,The Tearsmith,2024-04-03,"[{'name': 'Romance'}, {'name': 'Drama'}]"
332567,The Shallows,2016-06-24,"[{'name': 'Horror'}, {'name': 'Drama'}, {'name': 'Thriller'}]"
332562,A Star Is Born,2018-10-03,"[{'name': 'Music'}, {'name': 'Drama'}, {'name': 'Romance'}]"
62214,Frankenweenie,2012-10-04,"[{'name': 'Animation'}, {'name': 'Comedy'}, {'name': 'Family'}]"
447277,The Little Mermaid,2023-05-18,"[{'name': 'Adventure'}, {'name': 'Family'}, {'name': 'Fantasy'}, {'name': 'Romance'}]"
381719,Peter Rabbit,2018-02-07,"[{'name': 'Animation'}, {'name': 'Adventure'}, {'name': 'Family'}]"
504608,Rocketman,2019-05-17,"[{'name': 'Music'}, {'name': 'Drama'}]"
447273,Snow White,2025-03-19,"[{'name': 'Family'}, {'name': 'Fantasy'}]"
1241894,Woodwalkers,2024-10-17,"[{'name': 'Fantasy'}, {'name': 'Family'}]"
4909,The Day of the Jackal,1973-05-16,"[{'name': 'Action'}, {'name': 'Thriller'}]"
1086260,The Astronaut,2025-09-26,"[{'name': 'Horror'}, {'name': 'Science Fiction'}, {'name': 'Thriller'}]"
54065,Bambola,1996-09-01,"[{'name': 'Comedy'}, {'name': 'Drama'}]"
37686,Super 8,2011-06-09,"[{'name': 'Thriller'}, {'name': 'Science Fiction'}, {'name': 'Mystery'}]"
439079,The Nun,2018-09-05,[{'name': 'Horror'}]
45871,The Mission,1999-11-19,"[{'name': 'Action'}, {'name': 'Crime'}, {'name': 'Drama'}]"
529216,Mirage,2018-11-30,"[{'name': 'Thriller'}, {'name': 'Drama'}, {'name': 'Mystery'}, {'name': 'Fantasy'}]"
1037113,Snack Shack,2024-03-15,[{'name': 'Comedy'}]
86828,Absolutely Anything,2015-02-13,"[{'name': 'Comedy'}, {'name': 'Science Fiction'}]"
455476,Knights of the Zodiac,2023-04-27,"[{'name': 'Fantasy'}, {'name': 'Action'}, {'name': 'Science Fiction'}]"
86834,Noah,2014-03-07,"[{'name': 'Drama'}, {'name': 'Adventure'}]"
4929,Hang 'em High,1968-04-12,"[{'name': 'Western'}, {'name': 'Drama'}]"
529203,The Croods: A New Age,2020-11-25,"[{'name': 'Animation'}, {'name': 'Family'}, {'name': 'Adventure'}, {'name': 'Fantasy'}, {'name': 'Comedy'}]"
496450,"Miraculous: Ladybug & Cat Noir, The Movie",2023-07-05,"[{'name': 'Animation'}, {'name': 'Fantasy'}, {'name': 'Action'}, {'name': 'Romance'}, {'name': 'Family'}]"
37702,Forbidden City Cop,1996-02-16,"[{'name': 'Action'}, {'name': 'Adventure'}, {'name': 'Comedy'}]"
545609,Extraction,2020-04-23,"[{'name': 'Action'}, {'name': 'Thriller'}]"
4935,Howl's Moving Castle,2004-09-09,"[{'name': 'Fantasy'}, {'name': 'Animation'}, {'name': 'Adventure'}]"
1168190,The Wrecking Crew,2026-01-28,"[{'name': 'Action'}, {'name': 'Comedy'}, {'name': 'Crime'}, {'name': 'Mystery'}]"
4922,The Curious Case of Benjamin Button,2008-12-25,"[{'name': 'Drama'}, {'name': 'Fantasy'}, {'name': 'Romance'}]"
521029,Annabelle Comes Home,2019-06-26,[{'name': 'Horror'}]
1061699,The Six Triple Eight,2024-12-06,"[{'name': 'Drama'}, {'name': 'War'}, {'name': 'History'}]"
791373,Zack Snyder's Justice League,2021-03-18,"[{'name': 'Action'}, {'name': 'Adventure'}, {'name': 'Fantasy'}]"
37703,Flirting Scholar,1993-07-01,"[{'name': 'Drama'}, {'name': 'Comedy'}, {'name': 'Romance'}]"
373571,Godzilla: King of the Monsters,2019-05-29,"[{'name': 'Science Fiction'}, {'name': 'Action'}]"
668489,Havoc,2025-04-25,"[{'name': 'Action'}, {'name': 'Crime'}, {'name': 'Thriller'}, {'name': 'Drama'}]"
13127,SPL: Kill Zone,2005-11-18,"[{'name': 'Action'}, {'name': 'Crime'}, {'name': 'Drama'}, {'name': 'Thriller'}]"
1422166,The Age of Disclosure,2025-11-21,[{'name': 'Documentary'}]
594767,Shazam! Fury of the Gods,2023-03-15,"[{'name': 'Comedy'}, {'name': 'Action'}, {'name': 'Fantasy'}]"
37707,Splice,2010-06-03,"[{'name': 'Horror'}, {'name': 'Science Fiction'}]"
37724,Skyfall,2012-10-24,"[{'name': 'Action'}, {'name': 'Adventure'}, {'name': 'Thriller'}]"
4951,10 Things I Hate About You,1999-03-30,"[{'name': 'Comedy'}, {'name': 'Romance'}, {'name': 'Drama'}]"
545611,Everything Everywhere All at Once,2022-03-24,"[{'name': 'Action'}, {'name': 'Adventure'}, {'name': 'Science Fiction'}]"
1160018,Kill,2024-07-03,"[{'name': 'Action'}, {'name': 'Crime'}, {'name': 'Thriller'}, {'name': 'Drama'}]"
4944,Burn After Reading,2008-09-05,"[{'name': 'Comedy'}, {'name': 'Drama'}]"
1274706,The Marked Woman,2026-06-05,"[{'name': 'Thriller'}, {'name': 'Crime'}]"
340837,A Cure for Wellness,2017-02-15,"[{'name': 'Horror'}, {'name': 'Mystery'}, {'name': 'Science Fiction'}]"
590403,Love Aaj Kal,2020-02-14,"[{'name': 'Romance'}, {'name': 'Drama'}]"
37710,The Tourist,2010-12-08,"[{'name': 'Action'}, {'name': 'Thriller'}, {'name': 'Romance'}]"
799583,The Ministry of Ungentlemanly Warfare,2024-04-18,"[{'name': 'Action'}, {'name': 'Comedy'}, {'name': 'War'}]"
1381216,Gator Lake,2024-05-01,"[{'name': 'Horror'}, {'name': 'Comedy'}, {'name': 'Adventure'}]"
447332,A Quiet Place,2018-04-03,"[{'name': 'Horror'}, {'name': 'Drama'}, {'name': 'Science Fiction'}]"
37735,Easy A,2010-09-16,[{'name': 'Comedy'}]
4964,Knocked Up,2007-06-01,"[{'name': 'Comedy'}, {'name': 'Romance'}, {'name': 'Drama'}]"
13161,Big Stan,2007-11-03,"[{'name': 'Comedy'}, {'name': 'Crime'}]"
13183,Watchmen,2009-03-04,"[{'name': 'Mystery'}, {'name': 'Action'}, {'name': 'Science Fiction'}]"
1241982,Moana 2,2024-11-21,"[{'name': 'Adventure'}, {'name': 'Animation'}, {'name': 'Comedy'}, {'name': 'Family'}, {'name': 'Fantasy'}]"
1241983,Train Dreams,2025-11-05,[{'name': 'Drama'}]
4977,Paprika,2006-10-01,"[{'name': 'Animation'}, {'name': 'Science Fiction'}, {'name': 'Thriller'}]"
54138,Star Trek Into Darkness,2013-05-05,"[{'name': 'Action'}, {'name': 'Adventure'}, {'name': 'Science Fiction'}]"
13179,Tinker Bell,2008-09-11,"[{'name': 'Animation'}, {'name': 'Family'}, {'name': 'Adventure'}, {'name': 'Fantasy'}]"
1119090,I Am Frankelda,2025-10-23,"[{'name': 'Animation'}, {'name': 'Family'}, {'name': 'Fantasy'}, {'name': 'Horror'}, {'name': 'Adventure'}]"
4978,An American Tail,1986-11-21,"[{'name': 'Adventure'}, {'name': 'Animation'}, {'name': 'Comedy'}, {'name': 'Drama'}, {'name': 'Family'}]"
13186,Wrong Turn 2: Dead End,2007-08-25,"[{'name': 'Horror'}, {'name': 'Thriller'}]"
447365,Guardians of the Galaxy Vol. 3,2023-05-03,"[{'name': 'Science Fiction'}, {'name': 'Adventure'}, {'name': 'Action'}]"
4970,Gothika,2003-11-21,"[{'name': 'Horror'}, {'name': 'Mystery'}, {'name': 'Thriller'}]"
4982,American Gangster,2007-11-02,"[{'name': 'Drama'}, {'name': 'Crime'}]"
447362,Life in a Year,2020-11-27,"[{'name': 'Drama'}, {'name': 'Romance'}]"
611213,The Prom,2020-12-02,"[{'name': 'Romance'}, {'name': 'Comedy'}]"
332672,Obsession,2015-06-04,"[{'name': 'Romance'}, {'name': 'Thriller'}]"
889737,Joker: Folie à Deux,2024-10-01,"[{'name': 'Drama'}, {'name': 'Crime'}, {'name': 'Thriller'}]"
4995,Boogie Nights,1997-10-07,"[{'name': 'Drama'}, {'name': 'Comedy'}]"
13192,Moonwalker,1988-10-29,"[{'name': 'Fantasy'}, {'name': 'Music'}]"
21385,"Mickey, Donald, Goofy: The Three Musketeers",2004-08-04,"[{'name': 'Adventure'}, {'name': 'Animation'}, {'name': 'Comedy'}, {'name': 'Family'}]"
693134,Dune: Part Two,2024-02-27,"[{'name': 'Science Fiction'}, {'name': 'Adventure'}]"
906126,Society of the Snow,2023-12-15,"[{'name': 'Drama'}, {'name': 'History'}]"
242582,Nightcrawler,2014-10-23,"[{'name': 'Crime'}, {'name': 'Drama'}, {'name': 'Thriller'}]"
37797,Whisper of the Heart,1995-07-15,"[{'name': 'Animation'}, {'name': 'Drama'}, {'name': 'Family'}]"
37786,Sex and the City 2,2010-05-26,"[{'name': 'Comedy'}, {'name': 'Drama'}, {'name': 'Romance'}]"
693158,Proximity,2020-05-15,"[{'name': 'Science Fiction'}, {'name': 'Drama'}]"
13207,Friday the 13th,2009-02-11,"[{'name': 'Horror'}, {'name': 'Thriller'}]"
37799,The Social Network,2010-10-01,[{'name': 'Drama'}]
218043,Left Behind,2014-10-03,"[{'name': 'Thriller'}, {'name': 'Action'}, {'name': 'Science Fiction'}]"
13223,Gran Torino,2008-12-12,[{'name': 'Drama'}]
1242011,Together,2025-07-14,"[{'name': 'Horror'}, {'name': 'Romance'}]"
324544,In the Lost Lands,2025-02-27,"[{'name': 'Action'}, {'name': 'Fantasy'}, {'name': 'Western'}]"
21422,Detective Conan: The Time Bombed Skyscraper,1997-04-19,"[{'name': 'Animation'}, {'name': 'Crime'}, {'name': 'Mystery'}, {'name': 'Adventure'}]"
988078,Through My Window: Across the Sea,2023-06-23,"[{'name': 'Romance'}, {'name': 'Drama'}, {'name': 'Comedy'}]"
283566,Evangelion: 3.0+1.0 Thrice Upon a Time,2021-03-08,"[{'name': 'Animation'}, {'name': 'Action'}, {'name': 'Science Fiction'}, {'name': 'Drama'}]"
447404,Pokémon Detective Pikachu,2019-05-03,"[{'name': 'Action'}, {'name': 'Adventure'}, {'name': 'Fantasy'}]"
381890,The Mermaid,2016-02-08,"[{'name': 'Comedy'}, {'name': 'Fantasy'}, {'name': 'Romance'}]"
324552,John Wick: Chapter 2,2017-02-08,"[{'name': 'Action'}, {'name': 'Thriller'}, {'name': 'Crime'}]"
267193,Grimsby,2016-02-24,"[{'name': 'Action'}, {'name': 'Comedy'}]"
390043,The Hitman's Bodyguard,2017-08-16,"[{'name': 'Action'}, {'name': 'Comedy'}, {'name': 'Crime'}, {'name': 'Thriller'}]"
152532,Dallas Buyers Club,2013-11-01,"[{'name': 'Drama'}, {'name': 'History'}]"
13252,Cleaner,2007-09-11,"[{'name': 'Crime'}, {'name': 'Thriller'}, {'name': 'Mystery'}]"
1455079,"You, Me & Tuscany",2026-04-09,"[{'name': 'Romance'}, {'name': 'Comedy'}]"
37834,Knight and Day,2010-06-15,"[{'name': 'Action'}, {'name': 'Comedy'}]"
5070,How Much Do You Love Me?,2005-10-26,"[{'name': 'Comedy'}, {'name': 'Drama'}]"
611291,Bring the Soul: The Movie,2019-08-07,"[{'name': 'Music'}, {'name': 'Documentary'}]"
1151949,The Shadow Strays,2024-09-10,"[{'name': 'Action'}, {'name': 'Crime'}, {'name': 'Thriller'}]"
701387,Bugonia,2025-10-23,"[{'name': 'Science Fiction'}, {'name': 'Thriller'}, {'name': 'Comedy'}]"
635910,The Last Voyage of the Demeter,2023-08-09,"[{'name': 'Horror'}, {'name': 'Fantasy'}]"
291805,Now You See Me 2,2016-06-02,"[{'name': 'Crime'}, {'name': 'Thriller'}]"
709631,Cobweb,2023-07-19,[{'name': 'Horror'}]
21484,Possession,1981-05-27,[{'name': 'Horror'}]
259072,Wrong Turn 6: Last Resort,2014-08-22,[{'name': 'Horror'}]
324558,X-Rated: The Greatest Adult Movies of All Time,2015-02-06,[{'name': 'Documentary'}]
13333,Game of Death,1978-03-23,"[{'name': 'Drama'}, {'name': 'Action'}, {'name': 'Thriller'}]"
840705,Blink Twice,2024-08-21,"[{'name': 'Mystery'}, {'name': 'Thriller'}]"
13313,Beauty and the Beast: The Enchanted Christmas,1997-11-11,"[{'name': 'Animation'}, {'name': 'Fantasy'}, {'name': 'Family'}, {'name': 'Romance'}]"
5123,August Rush,2007-11-21,"[{'name': 'Family'}, {'name': 'Drama'}, {'name': 'Music'}]"
152584,Blue Is the Warmest Color,2013-10-09,"[{'name': 'Romance'}, {'name': 'Drama'}]"
799766,Better Man,2024-12-06,"[{'name': 'Music'}, {'name': 'Drama'}]"
406563,Insidious: The Last Key,2018-01-03,"[{'name': 'Horror'}, {'name': 'Thriller'}]"
13342,Fast Times at Ridgemont High,1982-08-13,"[{'name': 'Comedy'}, {'name': 'Romance'}, {'name': 'Drama'}]"
152601,Her,2013-12-18,"[{'name': 'Romance'}, {'name': 'Science Fiction'}, {'name': 'Drama'}]"
21542,Love Don't Co$t a Thing,2003-12-12,"[{'name': 'Comedy'}, {'name': 'Drama'}, {'name': 'Family'}, {'name': 'Romance'}]"
341013,Atomic Blonde,2017-07-26,"[{'name': 'Action'}, {'name': 'Thriller'}]"
1102883,Mother Mary,2026-04-16,"[{'name': 'Music'}, {'name': 'Drama'}, {'name': 'Thriller'}]"
308266,War Dogs,2016-08-18,"[{'name': 'Comedy'}, {'name': 'Crime'}, {'name': 'Drama'}]"
324668,Jason Bourne,2016-07-27,"[{'name': 'Action'}, {'name': 'Adventure'}, {'name': 'Thriller'}]"
13335,Harold & Kumar Escape from Guantanamo Bay,2008-04-25,"[{'name': 'Comedy'}, {'name': 'Adventure'}]"
5174,Rush Hour 3,2007-08-08,"[{'name': 'Action'}, {'name': 'Comedy'}, {'name': 'Crime'}]"
365620,Ferrari,2023-12-14,"[{'name': 'History'}, {'name': 'Drama'}]"
37958,Immortals,2011-11-10,"[{'name': 'Fantasy'}, {'name': 'Action'}, {'name': 'Drama'}]"
291870,Dirty Grandpa,2016-01-20,[{'name': 'Comedy'}]
1012837,Born to Fly,2023-04-28,"[{'name': 'Action'}, {'name': 'Drama'}]"
13345,A Chinese Odyssey Part One: Pandora's Box,1995-01-21,"[{'name': 'Action'}, {'name': 'Adventure'}, {'name': 'Fantasy'}, {'name': 'Comedy'}, {'name': 'Romance'}, {'name': 'Drama'}]"
5175,Rush Hour 2,2001-08-03,"[{'name': 'Action'}, {'name': 'Comedy'}, {'name': 'Crime'}]"
5176,3:10 to Yuma,2007-09-06,[{'name': 'Western'}]
1291335,Solo Mio,2026-02-05,"[{'name': 'Romance'}, {'name': 'Comedy'}]"
119892,The Monkey King,2014-01-09,"[{'name': 'Action'}, {'name': 'Adventure'}, {'name': 'Family'}, {'name': 'Fantasy'}]"
193610,The Other Woman,2014-04-16,"[{'name': 'Comedy'}, {'name': 'Romance'}]"
87101,Terminator Genisys,2015-06-23,"[{'name': 'Science Fiction'}, {'name': 'Action'}, {'name': 'Thriller'}]"
13387,Transporter 3,2008-11-26,"[{'name': 'Action'}, {'name': 'Thriller'}, {'name': 'Crime'}]"
324670,Spectral,2016-12-09,"[{'name': 'Science Fiction'}, {'name': 'Thriller'}, {'name': 'Action'}]"
13375,The Tit and the Moon,1994-03-29,"[{'name': 'Drama'}, {'name': 'Comedy'}]"
1061990,City Hunter,2024-04-24,"[{'name': 'Action'}, {'name': 'Comedy'}]"
13398,Tokyo Godfathers,2003-12-05,"[{'name': 'Animation'}, {'name': 'Drama'}, {'name': 'Comedy'}]"
74308,Detachment,2011-04-24,[{'name': 'Drama'}]
1266798,Dog 51,2025-10-15,"[{'name': 'Thriller'}, {'name': 'Science Fiction'}, {'name': 'Crime'}, {'name': 'Action'}]"
46195,Rio,2011-04-03,"[{'name': 'Animation'}, {'name': 'Adventure'}, {'name': 'Comedy'}, {'name': 'Family'}]"
799876,The Outfit,2022-02-25,"[{'name': 'Crime'}, {'name': 'Drama'}, {'name': 'Thriller'}, {'name': 'Mystery'}]"
13417,Kronk's New Groove,2005-12-05,"[{'name': 'Animation'}, {'name': 'Comedy'}, {'name': 'Family'}]"
504949,The King,2019-10-11,"[{'name': 'Drama'}, {'name': 'History'}, {'name': 'War'}]"
38018,Strayed,2003-08-20,"[{'name': 'Drama'}, {'name': 'Romance'}, {'name': 'War'}]"
717930,Kandahar,2023-05-25,"[{'name': 'Action'}, {'name': 'Thriller'}, {'name': 'War'}]"
5255,The Polar Express,2004-11-10,"[{'name': 'Adventure'}, {'name': 'Animation'}, {'name': 'Family'}, {'name': 'Fantasy'}]"
13455,Push,2009-02-04,"[{'name': 'Science Fiction'}, {'name': 'Action'}, {'name': 'Adventure'}, {'name': 'Thriller'}]"
1184918,The Wild Robot,2024-09-12,"[{'name': 'Family'}, {'name': 'Animation'}, {'name': 'Science Fiction'}, {'name': 'Adventure'}]"
480414,The Curse of La Llorona,2019-04-17,[{'name': 'Horror'}]
21647,Sex Is Zero 2,2007-12-12,"[{'name': 'Romance'}, {'name': 'Comedy'}]"
578701,Those Who Wish Me Dead,2021-05-05,"[{'name': 'Thriller'}, {'name': 'Action'}]"
799882,The Bluff,2026-02-17,"[{'name': 'Drama'}, {'name': 'Action'}, {'name': 'Thriller'}]"
13448,Angels & Demons,2009-04-20,"[{'name': 'Thriller'}, {'name': 'Mystery'}]"
13461,Melissa P.,2005-11-18,[{'name': 'Drama'}]
1029281,Strange Darling,2024-08-14,"[{'name': 'Horror'}, {'name': 'Thriller'}]"
488623,Forgotten,2017-11-29,"[{'name': 'Thriller'}, {'name': 'Mystery'}, {'name': 'Crime'}]"
38027,Mandingo,1975-06-06,"[{'name': 'Romance'}, {'name': 'Drama'}, {'name': 'History'}]"
38055,Megamind,2010-10-28,"[{'name': 'Animation'}, {'name': 'Action'}, {'name': 'Comedy'}, {'name': 'Family'}, {'name': 'Science Fiction'}]"
464052,Wonder Woman 1984,2020-12-16,"[{'name': 'Action'}, {'name': 'Adventure'}, {'name': 'Fantasy'}]"
13490,Welcome Home Roscoe Jenkins,2008-02-08,"[{'name': 'Comedy'}, {'name': 'Drama'}, {'name': 'Family'}]"
38050,The Adjustment Bureau,2011-03-03,"[{'name': 'Science Fiction'}, {'name': 'Thriller'}, {'name': 'Romance'}]"
13494,Red Sonja,2025-07-31,"[{'name': 'Adventure'}, {'name': 'Action'}, {'name': 'Fantasy'}, {'name': 'Drama'}]"
726209,Leave the World Behind,2023-11-22,"[{'name': 'Drama'}, {'name': 'Mystery'}, {'name': 'Thriller'}]"
70841,Doraemon: Nobita's Dinosaur,2006-03-04,"[{'name': 'Animation'}, {'name': 'Adventure'}, {'name': 'Family'}, {'name': 'Fantasy'}, {'name': 'Science Fiction'}]"
341174,Fifty Shades Darker,2017-02-08,"[{'name': 'Drama'}, {'name': 'Romance'}]"
1242265,Fuze,2026-03-23,"[{'name': 'Action'}, {'name': 'Crime'}, {'name': 'Drama'}, {'name': 'Thriller'}]"
324786,Hacksaw Ridge,2016-10-07,"[{'name': 'Drama'}, {'name': 'History'}, {'name': 'War'}]"
13475,Star Trek,2009-05-06,"[{'name': 'Science Fiction'}, {'name': 'Action'}, {'name': 'Adventure'}]"
414906,The Batman,2022-03-01,"[{'name': 'Crime'}, {'name': 'Mystery'}, {'name': 'Thriller'}]"
955555,The Roundup: No Way Out,2023-05-31,"[{'name': 'Action'}, {'name': 'Crime'}, {'name': 'Comedy'}, {'name': 'Thriller'}]"
1160360,If I Had Legs I'd Kick You,2025-10-10,[{'name': 'Drama'}]
13509,The Monster Squad,1987-08-14,"[{'name': 'Comedy'}, {'name': 'Action'}, {'name': 'Fantasy'}]"
423108,The Conjuring: The Devil Made Me Do It,2021-05-25,"[{'name': 'Horror'}, {'name': 'Mystery'}, {'name': 'Thriller'}]"
13510,Eden Lake,2008-09-12,"[{'name': 'Horror'}, {'name': 'Thriller'}]"
505026,Death on the Nile,2022-02-09,"[{'name': 'Mystery'}, {'name': 'Crime'}, {'name': 'Thriller'}]"
13515,Mirrors,2008-08-14,"[{'name': 'Horror'}, {'name': 'Mystery'}]"
13497,Drumline,2002-12-13,"[{'name': 'Drama'}, {'name': 'Romance'}, {'name': 'Comedy'}, {'name': 'Music'}]"
619730,Don't Worry Darling,2022-09-21,"[{'name': 'Mystery'}, {'name': 'Thriller'}, {'name': 'Horror'}, {'name': 'Science Fiction'}]"
472269,Possum,2018-10-26,"[{'name': 'Drama'}, {'name': 'Horror'}, {'name': 'Thriller'}]"
1299655,Blue Moon,2025-10-17,"[{'name': 'Music'}, {'name': 'History'}, {'name': 'Drama'}, {'name': 'Comedy'}]"
718032,Licorice Pizza,2021-11-26,"[{'name': 'Drama'}, {'name': 'Comedy'}, {'name': 'Romance'}]"
136400,2 Guns,2013-08-02,"[{'name': 'Action'}, {'name': 'Comedy'}, {'name': 'Crime'}]"
685274,Mobile Suit Gundam Hathaway,2021-06-11,"[{'name': 'Animation'}, {'name': 'Action'}, {'name': 'Drama'}, {'name': 'Science Fiction'}]"
193756,Lone Survivor,2013-12-24,"[{'name': 'War'}, {'name': 'Action'}, {'name': 'Drama'}]"
13523,Sex Drive,2008-10-16,"[{'name': 'Comedy'}, {'name': 'Adventure'}, {'name': 'Romance'}]"
324849,The Lego Batman Movie,2017-02-08,"[{'name': 'Animation'}, {'name': 'Action'}, {'name': 'Comedy'}, {'name': 'Family'}]"
103663,The Hunt,2012-10-25,[{'name': 'Drama'}]
259316,Fantastic Beasts and Where to Find Them,2016-11-16,"[{'name': 'Fantasy'}, {'name': 'Adventure'}]"
1119449,"Good Luck, Have Fun, Don't Die",2026-02-13,"[{'name': 'Science Fiction'}, {'name': 'Action'}, {'name': 'Comedy'}]"
406759,Moonfall,2022-02-02,"[{'name': 'Science Fiction'}, {'name': 'Adventure'}, {'name': 'Action'}]"
1242332,Normal,2026-04-16,"[{'name': 'Action'}, {'name': 'Crime'}, {'name': 'Thriller'}]"
1422562,The Moment,2026-01-30,"[{'name': 'Music'}, {'name': 'Comedy'}, {'name': 'Thriller'}]"
5336,"Salò, or the 120 Days of Sodom",1976-01-10,"[{'name': 'Drama'}, {'name': 'Horror'}]"
1316092,"""Wuthering Heights""",2026-02-11,"[{'name': 'Romance'}, {'name': 'Drama'}]"
939243,Sonic the Hedgehog 3,2024-12-19,"[{'name': 'Action'}, {'name': 'Science Fiction'}, {'name': 'Comedy'}, {'name': 'Family'}]"
38167,Eat Pray Love,2010-08-12,"[{'name': 'Drama'}, {'name': 'Romance'}]"
480530,Creed II,2018-11-21,"[{'name': 'Drama'}, {'name': 'Action'}]"
13576,This Is It,2009-10-28,"[{'name': 'Music'}, {'name': 'Documentary'}]"
38142,5 Centimeters per Second,2007-03-03,"[{'name': 'Animation'}, {'name': 'Romance'}, {'name': 'Drama'}]"
324852,Despicable Me 3,2017-06-15,"[{'name': 'Action'}, {'name': 'Animation'}, {'name': 'Comedy'}, {'name': 'Family'}, {'name': 'Adventure'}]"
21778,RRRrrrr!!!,2004-01-28,[{'name': 'Comedy'}]
324857,Spider-Man: Into the Spider-Verse,2018-12-06,"[{'name': 'Animation'}, {'name': 'Action'}, {'name': 'Adventure'}, {'name': 'Science Fiction'}]"
619778,Malignant,2021-09-01,"[{'name': 'Horror'}, {'name': 'Mystery'}]"
13597,Labyrinth,1986-06-27,"[{'name': 'Adventure'}, {'name': 'Family'}, {'name': 'Fantasy'}]"
1291559,Drawing Closer,2024-06-26,"[{'name': 'Romance'}, {'name': 'Drama'}]"
619803,The Roundup,2022-05-18,"[{'name': 'Action'}, {'name': 'Crime'}, {'name': 'Thriller'}, {'name': 'Adventure'}]"
513310,Boss Level,2021-02-19,"[{'name': 'Action'}, {'name': 'Science Fiction'}, {'name': 'Thriller'}]"
455980,Tag,2018-05-30,"[{'name': 'Comedy'}, {'name': 'Action'}]"
423204,Angel Has Fallen,2019-08-21,"[{'name': 'Action'}, {'name': 'Thriller'}]"
1144107,The Legend of Hei 2,2025-07-18,"[{'name': 'Animation'}, {'name': 'Fantasy'}, {'name': 'Action'}, {'name': 'Adventure'}]"
316727,The Purge: Election Year,2016-06-29,"[{'name': 'Action'}, {'name': 'Horror'}, {'name': 'Thriller'}]"
308531,Teenage Mutant Ninja Turtles: Out of the Shadows,2016-05-30,"[{'name': 'Action'}, {'name': 'Adventure'}, {'name': 'Comedy'}, {'name': 'Family'}, {'name': 'Science Fiction'}]"
1086747,The Watchers,2024-06-06,"[{'name': 'Fantasy'}, {'name': 'Horror'}, {'name': 'Mystery'}]"
103731,Mud,2013-04-26,[{'name': 'Drama'}]
1242419,Roofman,2025-10-06,"[{'name': 'Crime'}, {'name': 'Comedy'}, {'name': 'Drama'}]"
570670,The Invisible Man,2020-02-26,"[{'name': 'Thriller'}, {'name': 'Science Fiction'}, {'name': 'Horror'}]"
677179,Creed III,2023-03-01,"[{'name': 'Drama'}, {'name': 'Action'}]"
13633,Bad Boys,1983-03-25,"[{'name': 'Crime'}, {'name': 'Drama'}, {'name': 'Thriller'}]"
1078600,Marked Men: Rule + Shaw,2025-01-22,"[{'name': 'Romance'}, {'name': 'Drama'}]"
537915,After,2019-04-11,"[{'name': 'Drama'}, {'name': 'Romance'}]"
546121,Run,2020-11-20,"[{'name': 'Thriller'}, {'name': 'Horror'}, {'name': 'Drama'}]"
38199,Unthinkable,2010-05-26,"[{'name': 'Drama'}, {'name': 'Thriller'}]"
70981,Prometheus,2012-05-30,"[{'name': 'Science Fiction'}, {'name': 'Mystery'}, {'name': 'Horror'}]"
783675,The First Slam Dunk,2022-12-03,"[{'name': 'Animation'}, {'name': 'Comedy'}, {'name': 'Drama'}]"
1062215,Afraid,2024-08-28,"[{'name': 'Horror'}, {'name': 'Science Fiction'}, {'name': 'Thriller'}]"
1242434,Highest 2 Lowest,2025-08-14,"[{'name': 'Thriller'}, {'name': 'Crime'}, {'name': 'Drama'}]"
21835,A Chinese Odyssey Part Two: Cinderella,1995-02-04,"[{'name': 'Action'}, {'name': 'Adventure'}, {'name': 'Fantasy'}, {'name': 'Comedy'}, {'name': 'Romance'}, {'name': 'Drama'}]"
1078605,Weapons,2025-08-04,"[{'name': 'Horror'}, {'name': 'Mystery'}]"
193893,Let's Be Cops,2014-08-13,[{'name': 'Comedy'}]
38234,Undisputed III: Redemption,2010-04-17,"[{'name': 'Action'}, {'name': 'Thriller'}, {'name': 'Crime'}, {'name': 'Drama'}]"
611698,A Writer's Odyssey,2021-02-12,"[{'name': 'Fantasy'}, {'name': 'Action'}, {'name': 'Adventure'}, {'name': 'Drama'}]"
1291608,Dhurandhar,2025-12-05,"[{'name': 'Action'}, {'name': 'Crime'}, {'name': 'Thriller'}]"
13648,Resident Evil: Degeneration,2008-02-13,"[{'name': 'Animation'}, {'name': 'Horror'}, {'name': 'Action'}, {'name': 'Science Fiction'}]"
283995,Guardians of the Galaxy Vol. 2,2017-04-25,"[{'name': 'Science Fiction'}, {'name': 'Adventure'}, {'name': 'Action'}]"
505192,Shoplifters,2018-06-02,"[{'name': 'Drama'}, {'name': 'Crime'}, {'name': 'Thriller'}]"
62835,Colombiana,2011-07-27,"[{'name': 'Action'}, {'name': 'Thriller'}, {'name': 'Crime'}, {'name': 'Drama'}]"
644479,Dedicated to my ex,2019-11-01,"[{'name': 'Drama'}, {'name': 'Comedy'}]"
13680,The Game Plan,2007-09-28,"[{'name': 'Comedy'}, {'name': 'Family'}]"
614933,Atlas,2024-05-23,"[{'name': 'Science Fiction'}, {'name': 'Action'}]"
1439112,Muzzle: City of Wolves,2025-11-13,"[{'name': 'Action'}, {'name': 'Thriller'}, {'name': 'Mystery'}]"
1242501,Icefall,2025-10-16,"[{'name': 'Action'}, {'name': 'Crime'}, {'name': 'Thriller'}]"
87428,That's My Boy,2012-06-14,[{'name': 'Comedy'}]
13700,Home on the Range,2004-04-02,"[{'name': 'Animation'}, {'name': 'Family'}]"
5503,The Fugitive,1993-08-06,"[{'name': 'Action'}, {'name': 'Thriller'}, {'name': 'Drama'}]"
87421,Riddick,2013-09-02,"[{'name': 'Science Fiction'}, {'name': 'Action'}, {'name': 'Thriller'}]"
13690,Open Season 2,2008-09-24,"[{'name': 'Adventure'}, {'name': 'Animation'}, {'name': 'Comedy'}, {'name': 'Family'}]"
644495,House of Gucci,2021-11-24,"[{'name': 'Drama'}, {'name': 'Crime'}, {'name': 'History'}]"
13688,CJ7,2008-01-30,"[{'name': 'Comedy'}, {'name': 'Drama'}, {'name': 'Family'}, {'name': 'Fantasy'}, {'name': 'Science Fiction'}]"
284053,Thor: Ragnarok,2017-10-02,"[{'name': 'Action'}, {'name': 'Science Fiction'}, {'name': 'Comedy'}]"
284052,Doctor Strange,2016-10-25,"[{'name': 'Fantasy'}, {'name': 'Adventure'}, {'name': 'Action'}]"
284054,Black Panther,2018-02-13,"[{'name': 'Action'}, {'name': 'Adventure'}, {'name': 'Science Fiction'}]"
5528,The Chorus,2004-03-17,"[{'name': 'Drama'}, {'name': 'Comedy'}, {'name': 'Music'}]"
30112,Lost in Beijing,2007-09-26,"[{'name': 'Romance'}, {'name': 'Drama'}]"
800158,The Killer,2023-10-25,"[{'name': 'Crime'}, {'name': 'Thriller'}]"
46498,Candy,1968-12-17,"[{'name': 'Adventure'}, {'name': 'Comedy'}, {'name': 'Fantasy'}]"
480681,An Affair,2018-10-05,[{'name': 'Drama'}]
177572,Big Hero 6,2014-10-24,"[{'name': 'Adventure'}, {'name': 'Family'}, {'name': 'Animation'}, {'name': 'Action'}, {'name': 'Comedy'}]"
537996,The Ballad of Buster Scruggs,2018-11-09,"[{'name': 'Western'}, {'name': 'Comedy'}, {'name': 'Drama'}]"
62883,Hum Saath Saath Hain,1999-11-05,"[{'name': 'Romance'}, {'name': 'Family'}, {'name': 'Drama'}]"
1291659,The Wizard of the Kremlin,2026-01-21,[{'name': 'Drama'}]
38321,Priest,2011-05-05,"[{'name': 'Action'}, {'name': 'Fantasy'}, {'name': 'Horror'}]"
505262,My Hero Academia: Two Heroes,2018-08-03,"[{'name': 'Animation'}, {'name': 'Action'}, {'name': 'Adventure'}, {'name': 'Fantasy'}]"
5548,RoboCop,1987-07-17,"[{'name': 'Action'}, {'name': 'Thriller'}, {'name': 'Science Fiction'}]"
1045938,G20,2025-04-10,"[{'name': 'Action'}, {'name': 'Mystery'}, {'name': 'Drama'}]"
46529,I Am Number Four,2011-02-18,"[{'name': 'Action'}, {'name': 'Thriller'}, {'name': 'Science Fiction'}, {'name': 'Adventure'}]"
5559,Bee Movie,2007-10-28,"[{'name': 'Family'}, {'name': 'Animation'}, {'name': 'Adventure'}, {'name': 'Comedy'}]"
5549,RoboCop 2,1990-06-22,"[{'name': 'Action'}, {'name': 'Science Fiction'}, {'name': 'Thriller'}]"
398818,Call Me by Your Name,2017-10-01,"[{'name': 'Romance'}, {'name': 'Drama'}]"
1029575,The Family Plan,2023-12-14,"[{'name': 'Action'}, {'name': 'Comedy'}, {'name': 'Adventure'}]"
87502,Flight,2012-02-22,[{'name': 'Drama'}]
406990,What Happened to Monday,2017-08-18,"[{'name': 'Science Fiction'}, {'name': 'Thriller'}, {'name': 'Mystery'}, {'name': 'Action'}]"
38365,Grown Ups,2010-06-24,[{'name': 'Comedy'}]
431580,Abominable,2019-09-19,"[{'name': 'Family'}, {'name': 'Animation'}, {'name': 'Adventure'}, {'name': 'Comedy'}, {'name': 'Fantasy'}]"
87516,Oldboy,2013-11-14,"[{'name': 'Drama'}, {'name': 'Thriller'}, {'name': 'Mystery'}, {'name': 'Action'}]"
619979,Deep Water,2022-03-17,"[{'name': 'Drama'}, {'name': 'Mystery'}, {'name': 'Thriller'}]"
931285,Mortal Kombat II,2026-05-06,"[{'name': 'Action'}, {'name': 'Fantasy'}, {'name': 'Adventure'}]"
13811,Knowing,2009-03-19,"[{'name': 'Action'}, {'name': 'Mystery'}, {'name': 'Science Fiction'}, {'name': 'Thriller'}]"
660982,American Pie Presents: Girls' Rules,2020-10-06,[{'name': 'Comedy'}]
579051,Silk Road,2021-02-19,"[{'name': 'Crime'}, {'name': 'Thriller'}]"
980477,Ne Zha 2,2025-01-29,"[{'name': 'Animation'}, {'name': 'Action'}, {'name': 'Fantasy'}, {'name': 'Adventure'}]"
857598,Pushpa 2 - The Rule,2024-12-04,"[{'name': 'Action'}, {'name': 'Drama'}, {'name': 'Thriller'}, {'name': 'Crime'}]"
13820,Repo Man,1984-03-02,"[{'name': 'Comedy'}, {'name': 'Science Fiction'}]"
374205,One Piece Film: GOLD,2016-07-23,"[{'name': 'Action'}, {'name': 'Animation'}, {'name': 'Adventure'}, {'name': 'Comedy'}]"
759297,The Housemaid,2021-09-10,[{'name': 'Thriller'}]
390635,Fate/stay night: Heaven's Feel III. Spring Song,2020-08-15,"[{'name': 'Animation'}, {'name': 'Romance'}, {'name': 'Fantasy'}, {'name': 'Action'}, {'name': 'Drama'}]"
955916,Lift,2024-01-10,"[{'name': 'Action'}, {'name': 'Comedy'}, {'name': 'Crime'}]"
406997,Wonder,2017-11-13,"[{'name': 'Family'}, {'name': 'Drama'}]"
153104,Wicked Minds,2003-03-01,"[{'name': 'Mystery'}, {'name': 'Drama'}, {'name': 'Romance'}, {'name': 'Thriller'}, {'name': 'TV Movie'}]"
46581,Immoral Tales,1974-08-28,"[{'name': 'Drama'}, {'name': 'Romance'}]"
54801,Night of the Big Heat,1967-05-01,"[{'name': 'Science Fiction'}, {'name': 'Horror'}, {'name': 'Thriller'}]"
177677,Mission: Impossible - Rogue Nation,2015-07-28,"[{'name': 'Action'}, {'name': 'Adventure'}]"
1193501,Whistle,2026-01-20,"[{'name': 'Horror'}, {'name': 'Mystery'}]"
980489,Gran Turismo,2023-08-09,"[{'name': 'Adventure'}, {'name': 'Drama'}, {'name': 'Action'}]"
652837,"Josee, the Tiger and the Fish",2020-12-25,"[{'name': 'Animation'}, {'name': 'Drama'}, {'name': 'Romance'}]"
1087040,Money Shot: The Pornhub Story,2023-03-15,[{'name': 'Documentary'}]
603673,Laxmii,2020-11-09,"[{'name': 'Horror'}, {'name': 'Comedy'}]"
333339,Ready Player One,2018-03-28,"[{'name': 'Adventure'}, {'name': 'Action'}, {'name': 'Science Fiction'}]"
333381,Return to Sender,2015-05-31,"[{'name': 'Drama'}, {'name': 'Thriller'}]"
603692,John Wick: Chapter 4,2023-03-21,"[{'name': 'Action'}, {'name': 'Thriller'}, {'name': 'Crime'}]"
292431,Love,2015-07-15,"[{'name': 'Drama'}, {'name': 'Romance'}]"
1267217,Sugar Baby,2024-04-25,"[{'name': 'Romance'}, {'name': 'Drama'}]"
267860,London Has Fallen,2016-03-02,"[{'name': 'Action'}, {'name': 'Thriller'}]"
13885,Sweeney Todd: The Demon Barber of Fleet Street,2007-12-21,"[{'name': 'Drama'}, {'name': 'Horror'}]"
13855,The Chaser,2008-02-14,"[{'name': 'Crime'}, {'name': 'Thriller'}, {'name': 'Action'}]"
333371,10 Cloverfield Lane,2016-03-10,"[{'name': 'Thriller'}, {'name': 'Science Fiction'}, {'name': 'Drama'}, {'name': 'Horror'}]"
112160,Sexual Chronicles of a French Family,2012-05-09,"[{'name': 'Comedy'}, {'name': 'Drama'}, {'name': 'Romance'}]"
5689,The Blue Lagoon,1980-07-05,"[{'name': 'Adventure'}, {'name': 'Drama'}, {'name': 'Romance'}]"
13888,Return to the Blue Lagoon,1991-08-02,"[{'name': 'Adventure'}, {'name': 'Drama'}]"
431693,Spies in Disguise,2019-12-04,"[{'name': 'Animation'}, {'name': 'Action'}, {'name': 'Adventure'}, {'name': 'Comedy'}, {'name': 'Family'}]"
13920,Radio,2003-10-24,[{'name': 'Drama'}]
1259102,Eternity,2025-11-10,"[{'name': 'Romance'}, {'name': 'Comedy'}, {'name': 'Drama'}]"
5721,Vixen!,1968-10-15,[{'name': 'Drama'}]
136797,Need for Speed,2014-03-12,"[{'name': 'Action'}, {'name': 'Crime'}, {'name': 'Drama'}, {'name': 'Thriller'}]"
136795,The Heat,2013-06-27,"[{'name': 'Action'}, {'name': 'Comedy'}, {'name': 'Crime'}]"
259693,The Conjuring 2,2016-06-08,[{'name': 'Horror'}]
554596,"No manches, Frida 2: paraíso destruido",2019-03-15,[{'name': 'Comedy'}]
448119,Dolittle,2020-01-02,"[{'name': 'Family'}, {'name': 'Comedy'}, {'name': 'Fantasy'}, {'name': 'Adventure'}]"
30301,Black Angel,2002-04-12,"[{'name': 'Drama'}, {'name': 'Romance'}, {'name': 'Thriller'}, {'name': 'War'}, {'name': 'History'}]"
300669,Don't Breathe,2016-06-08,"[{'name': 'Horror'}, {'name': 'Thriller'}, {'name': 'Crime'}]"
300671,13 Hours: The Secret Soldiers of Benghazi,2016-01-14,"[{'name': 'War'}, {'name': 'Action'}, {'name': 'History'}, {'name': 'Drama'}, {'name': 'Thriller'}]"
136799,Trolls,2016-10-13,"[{'name': 'Adventure'}, {'name': 'Animation'}, {'name': 'Comedy'}, {'name': 'Family'}, {'name': 'Fantasy'}, {'name': 'Music'}]"
300668,Annihilation,2018-02-22,"[{'name': 'Science Fiction'}, {'name': 'Horror'}]"
259694,How to Be Single,2016-02-08,"[{'name': 'Comedy'}, {'name': 'Romance'}]"
284293,Still Alice,2014-12-05,[{'name': 'Drama'}]
46705,Blue Valentine,2010-12-26,"[{'name': 'Drama'}, {'name': 'Romance'}]"
46738,Incendies,2010-09-17,"[{'name': 'Drama'}, {'name': 'War'}, {'name': 'Mystery'}]"
120467,The Grand Budapest Hotel,2014-02-26,"[{'name': 'Comedy'}, {'name': 'Drama'}]"
1119878,Ice Road: Vengeance,2025-06-27,"[{'name': 'Action'}, {'name': 'Thriller'}, {'name': 'Drama'}]"
587412,K.G.F: Chapter 2,2022-04-14,"[{'name': 'Action'}, {'name': 'Thriller'}, {'name': 'Adventure'}, {'name': 'Crime'}]"
1267319,Mantis,2025-09-25,"[{'name': 'Action'}, {'name': 'Crime'}, {'name': 'Thriller'}]"
136835,No Good Deed,2014-09-10,"[{'name': 'Crime'}, {'name': 'Thriller'}]"
710295,Wolf Man,2025-01-15,"[{'name': 'Horror'}, {'name': 'Thriller'}]"
13971,Wild Child,2008-08-15,"[{'name': 'Comedy'}, {'name': 'Drama'}, {'name': 'Romance'}]"
243352,Where Hope Grows,2014-04-06,[{'name': 'Drama'}]
267935,The BFG,2016-06-01,"[{'name': 'Adventure'}, {'name': 'Family'}, {'name': 'Fantasy'}]"
210577,Gone Girl,2014-10-01,"[{'name': 'Mystery'}, {'name': 'Thriller'}, {'name': 'Drama'}]"
1300116,Fall for Me,2025-08-20,"[{'name': 'Romance'}, {'name': 'Thriller'}]"
505513,Detective Chinatown 2,2018-02-16,"[{'name': 'Comedy'}, {'name': 'Mystery'}]"
571055,Down,2019-02-01,"[{'name': 'Horror'}, {'name': 'Thriller'}, {'name': 'TV Movie'}]"
22164,Blood and Bone,2009-02-07,"[{'name': 'Action'}, {'name': 'Crime'}, {'name': 'Thriller'}, {'name': 'Drama'}]"
38575,The Karate Kid,2010-06-10,"[{'name': 'Action'}, {'name': 'Adventure'}, {'name': 'Drama'}, {'name': 'Family'}]"
14003,Fullmetal Alchemist the Movie: Conqueror of Shamballa,2005-07-21,"[{'name': 'Action'}, {'name': 'Adventure'}, {'name': 'Animation'}, {'name': 'Drama'}]"
792237,Cam Girls,2021-11-25,[{'name': 'Romance'}]
398978,The Irishman,2019-11-01,"[{'name': 'Crime'}, {'name': 'Drama'}, {'name': 'History'}]"
333484,The Magnificent Seven,2016-09-14,"[{'name': 'Adventure'}, {'name': 'Action'}, {'name': 'Western'}]"
1480382,The Voice of Hind Rajab,2025-09-10,"[{'name': 'Drama'}, {'name': 'History'}]"
390845,A Delicious Flight,2015-11-01,[{'name': 'Romance'}]
1406657,Scarlet,2025-11-21,"[{'name': 'Animation'}, {'name': 'Action'}, {'name': 'Drama'}, {'name': 'Science Fiction'}]"
14001,Dead Silence,2007-03-16,[{'name': 'Horror'}]
947891,My Old Ass,2024-09-13,"[{'name': 'Comedy'}, {'name': 'Drama'}]"
399057,The Killing of a Sacred Deer,2017-10-20,"[{'name': 'Drama'}, {'name': 'Thriller'}, {'name': 'Mystery'}]"
218836,Planes: Fire & Rescue,2014-07-17,"[{'name': 'Animation'}, {'name': 'Comedy'}, {'name': 'Adventure'}, {'name': 'Family'}]"
399055,The Shape of Water,2017-12-01,"[{'name': 'Drama'}, {'name': 'Fantasy'}, {'name': 'Romance'}]"
1480387,undertone,2026-03-12,"[{'name': 'Horror'}, {'name': 'Mystery'}]"
1029827,Drishyam 2,2022-11-18,"[{'name': 'Thriller'}, {'name': 'Drama'}, {'name': 'Mystery'}]"
5825,National Lampoon's Christmas Vacation,1989-11-30,[{'name': 'Comedy'}]
14035,Meatballs,1979-06-28,[{'name': 'Comedy'}]
54989,Love Strange Love,1982-01-11,"[{'name': 'Drama'}, {'name': 'History'}]"
1390300,Over Your Dead Body,2026-03-14,"[{'name': 'Action'}, {'name': 'Comedy'}, {'name': 'Thriller'}]"
112355,What the Peeper Saw,1972-10-14,"[{'name': 'Horror'}, {'name': 'Drama'}, {'name': 'Thriller'}]"
620249,The Legend of Hei,2019-08-27,"[{'name': 'Animation'}, {'name': 'Fantasy'}, {'name': 'Action'}]"
5852,Angel Eyes,2001-05-18,"[{'name': 'Drama'}, {'name': 'Romance'}, {'name': 'Thriller'}]"
30421,A Chinese Ghost Story,1987-07-18,"[{'name': 'Fantasy'}, {'name': 'Action'}]"
1087192,How to Train Your Dragon,2025-06-06,"[{'name': 'Fantasy'}, {'name': 'Family'}, {'name': 'Action'}, {'name': 'Adventure'}]"
145135,Dark Skies,2013-02-21,"[{'name': 'Science Fiction'}, {'name': 'Thriller'}, {'name': 'Horror'}]"
726759,Tetris,2023-03-15,"[{'name': 'Thriller'}, {'name': 'History'}, {'name': 'Drama'}]"
5876,The Mist,2007-11-21,"[{'name': 'Horror'}, {'name': 'Science Fiction'}, {'name': 'Thriller'}]"
46838,Tucker and Dale vs. Evil,2010-01-22,"[{'name': 'Comedy'}, {'name': 'Horror'}]"
1185528,Legends of the Condor Heroes: The Gallants,2025-01-29,"[{'name': 'Action'}, {'name': 'Drama'}, {'name': 'History'}]"
546554,Knives Out,2019-11-27,"[{'name': 'Comedy'}, {'name': 'Crime'}, {'name': 'Mystery'}]"
325358,Superfast!,2015-03-05,"[{'name': 'Comedy'}, {'name': 'Action'}]"
14069,The Girl Who Leapt Through Time,2006-07-15,"[{'name': 'Fantasy'}, {'name': 'Animation'}, {'name': 'Drama'}, {'name': 'Science Fiction'}]"
1033462,Bureau 749,2024-10-01,"[{'name': 'Action'}, {'name': 'Adventure'}, {'name': 'Science Fiction'}]"
1160956,Panda Plan,2024-10-01,"[{'name': 'Action'}, {'name': 'Comedy'}]"
792307,Poor Things,2023-12-07,"[{'name': 'Science Fiction'}, {'name': 'Romance'}, {'name': 'Comedy'}]"
5879,In the Realm of the Senses,1976-09-15,"[{'name': 'Drama'}, {'name': 'Romance'}]"
1103621,How to Make Millions Before Grandma Dies,2024-04-04,[{'name': 'Drama'}]
87818,Movie 43,2013-01-24,[{'name': 'Comedy'}]
284427,Who Am I,2014-09-25,[{'name': 'Thriller'}]
1242898,Predator: Badlands,2025-11-05,"[{'name': 'Action'}, {'name': 'Science Fiction'}, {'name': 'Adventure'}]"
677638,We Bare Bears: The Movie,2020-06-30,"[{'name': 'Animation'}, {'name': 'Adventure'}, {'name': 'Family'}, {'name': 'Comedy'}, {'name': 'TV Movie'}]"
87827,Life of Pi,2012-11-20,"[{'name': 'Adventure'}, {'name': 'Drama'}]"
5924,Papillon,1973-12-16,"[{'name': 'Crime'}, {'name': 'Drama'}]"
1005331,Carry-On,2024-12-05,"[{'name': 'Thriller'}, {'name': 'Action'}]"
46853,Playing with Love,1977-05-06,[{'name': 'Drama'}]
5915,Into the Wild,2007-09-21,"[{'name': 'Adventure'}, {'name': 'Drama'}]"
259872,Skin. Like. Sun.,2009-10-10,"[{'name': 'Romance'}, {'name': 'Documentary'}]"
1079091,It Ends with Us,2024-08-07,"[{'name': 'Drama'}, {'name': 'Romance'}]"
612152,Secret Obsession,2019-07-18,"[{'name': 'Drama'}, {'name': 'Thriller'}, {'name': 'Horror'}]"
235271,Addicted,2014-10-10,"[{'name': 'Drama'}, {'name': 'Thriller'}]"
38700,Bad Boys for Life,2020-01-15,"[{'name': 'Thriller'}, {'name': 'Action'}, {'name': 'Crime'}]"
30497,The Texas Chain Saw Massacre,1974-10-11,[{'name': 'Horror'}]
5902,A Bridge Too Far,1977-06-15,"[{'name': 'Drama'}, {'name': 'History'}, {'name': 'War'}]"
1234731,Anaconda,2025-12-24,"[{'name': 'Adventure'}, {'name': 'Comedy'}, {'name': 'Horror'}]"
14128,Cinderella II: Dreams Come True,2002-02-23,"[{'name': 'Family'}, {'name': 'Animation'}, {'name': 'Romance'}, {'name': 'Fantasy'}]"
5925,The Great Escape,1963-07-03,"[{'name': 'Adventure'}, {'name': 'Drama'}, {'name': 'War'}]"
505642,Black Panther: Wakanda Forever,2022-11-09,"[{'name': 'Action'}, {'name': 'Adventure'}, {'name': 'Science Fiction'}]"
1242937,The Dreadful,2026-02-20,[{'name': 'Horror'}]
481084,The Addams Family,2019-10-10,"[{'name': 'Family'}, {'name': 'Animation'}, {'name': 'Comedy'}, {'name': 'Fantasy'}]"
1357633,Solo Leveling -ReAwakening-,2024-11-26,"[{'name': 'Action'}, {'name': 'Adventure'}, {'name': 'Fantasy'}, {'name': 'Animation'}]"
399174,Isle of Dogs,2018-03-23,"[{'name': 'Adventure'}, {'name': 'Comedy'}, {'name': 'Animation'}]"
1062722,Frankenstein,2025-10-17,"[{'name': 'Drama'}, {'name': 'Fantasy'}, {'name': 'Horror'}]"
399170,Logan Lucky,2017-08-17,"[{'name': 'Comedy'}, {'name': 'Crime'}, {'name': 'Action'}, {'name': 'Drama'}]"
1111873,Abigail,2024-04-16,"[{'name': 'Horror'}, {'name': 'Thriller'}]"
1029955,Kinds of Kindness,2024-05-30,"[{'name': 'Comedy'}, {'name': 'Drama'}]"
63311,The Skin I Live In,2011-08-17,"[{'name': 'Drama'}, {'name': 'Horror'}, {'name': 'Mystery'}, {'name': 'Thriller'}]"
530254,The Witch: Part 1. The Subversion,2018-06-27,"[{'name': 'Action'}, {'name': 'Science Fiction'}]"
1226578,Longlegs,2024-07-10,"[{'name': 'Crime'}, {'name': 'Horror'}, {'name': 'Mystery'}]"
333669,Bastille Day,2016-04-22,[{'name': 'Action'}]
227156,The Giver,2014-08-13,"[{'name': 'Drama'}, {'name': 'Science Fiction'}]"
14160,Up,2009-05-28,"[{'name': 'Animation'}, {'name': 'Comedy'}, {'name': 'Family'}, {'name': 'Adventure'}]"
227159,Horrible Bosses 2,2014-11-12,[{'name': 'Comedy'}]
1013601,The Alto Knights,2025-03-19,"[{'name': 'Crime'}, {'name': 'Drama'}, {'name': 'History'}]"
14161,2012,2009-10-10,"[{'name': 'Action'}, {'name': 'Adventure'}, {'name': 'Science Fiction'}]"
14164,Dragonball Evolution,2009-03-12,"[{'name': 'Action'}, {'name': 'Adventure'}, {'name': 'Fantasy'}, {'name': 'Science Fiction'}, {'name': 'Thriller'}]"
63319,Belle épine,2010-11-10,[{'name': 'Drama'}]
5994,The Family Man,2000-12-12,"[{'name': 'Comedy'}, {'name': 'Drama'}, {'name': 'Romance'}, {'name': 'Fantasy'}]"
14174,Lie with Me,2005-11-11,[{'name': 'Drama'}]
38757,Tangled,2010-11-24,"[{'name': 'Animation'}, {'name': 'Family'}, {'name': 'Adventure'}]"
6003,Romeo and Juliet,1968-04-02,"[{'name': 'Drama'}, {'name': 'Romance'}]"
661374,Glass Onion: A Knives Out Mystery,2022-11-23,"[{'name': 'Comedy'}, {'name': 'Crime'}, {'name': 'Mystery'}]"
1333100,Attack on Titan: THE LAST ATTACK,2024-03-20,"[{'name': 'Animation'}, {'name': 'Action'}, {'name': 'Adventure'}, {'name': 'Drama'}]"
464733,Trafficked,2017-10-06,[{'name': 'Drama'}]
22377,The Green Berets,1968-07-04,"[{'name': 'War'}, {'name': 'Drama'}]"
14175,Valiant,2005-03-25,"[{'name': 'Family'}, {'name': 'Animation'}, {'name': 'Adventure'}, {'name': 'Comedy'}, {'name': 'War'}]"
1275779,Disclosure Day,2026-06-10,"[{'name': 'Action'}, {'name': 'Science Fiction'}, {'name': 'Thriller'}]"
137094,Jack Ryan: Shadow Recruit,2014-01-15,"[{'name': 'Action'}, {'name': 'Drama'}, {'name': 'Thriller'}]"
55157,The Eagle Shooting Heroes,1993-02-05,"[{'name': 'Action'}, {'name': 'Comedy'}]"
251783,Pleasure or Pain,2013-09-05,"[{'name': 'Drama'}, {'name': 'Thriller'}]"
391039,Life and a Day,2016-03-16,[{'name': 'Drama'}]
71552,American Reunion,2012-04-04,[{'name': 'Comedy'}]
6023,P.S. I Love You,2007-11-15,"[{'name': 'Drama'}, {'name': 'Romance'}]"
14199,The Adventures of Sharkboy and Lavagirl,2005-06-10,"[{'name': 'Adventure'}, {'name': 'Family'}, {'name': 'Science Fiction'}]"
407436,Mowgli: Legend of the Jungle,2018-11-25,"[{'name': 'Adventure'}, {'name': 'Drama'}]"
882569,Guy Ritchie's The Covenant,2023-04-19,"[{'name': 'War'}, {'name': 'Action'}, {'name': 'Thriller'}]"
137116,Smurfs: The Lost Village,2017-03-23,"[{'name': 'Family'}, {'name': 'Comedy'}, {'name': 'Adventure'}, {'name': 'Animation'}]"
1234821,Jurassic World Rebirth,2025-06-23,"[{'name': 'Science Fiction'}, {'name': 'Adventure'}, {'name': 'Action'}]"
38810,Dogtooth,2009-10-22,[{'name': 'Drama'}]
858024,Hamnet,2025-11-26,"[{'name': 'Drama'}, {'name': 'Romance'}, {'name': 'History'}]"
137106,The Lego Movie,2014-02-06,"[{'name': 'Animation'}, {'name': 'Family'}, {'name': 'Adventure'}, {'name': 'Comedy'}, {'name': 'Fantasy'}]"
858017,I Saw the TV Glow,2024-05-03,"[{'name': 'Horror'}, {'name': 'Drama'}]"
833425,No Exit,2022-02-24,"[{'name': 'Thriller'}, {'name': 'Mystery'}]"
47002,Love Letter,1995-03-25,"[{'name': 'Drama'}, {'name': 'Romance'}]"
137113,Edge of Tomorrow,2014-05-27,"[{'name': 'Action'}, {'name': 'Science Fiction'}]"
604079,The Long Walk,2025-09-10,"[{'name': 'Science Fiction'}, {'name': 'Thriller'}, {'name': 'Horror'}]"
210860,Mortdecai,2015-01-21,"[{'name': 'Comedy'}, {'name': 'Adventure'}]"
14249,Revenge,1990-02-16,"[{'name': 'Thriller'}, {'name': 'Romance'}, {'name': 'Drama'}]"
6068,Six Days Seven Nights,1998-06-12,"[{'name': 'Comedy'}, {'name': 'Action'}, {'name': 'Adventure'}, {'name': 'Romance'}]"
1062807,SPY x FAMILY CODE: White,2023-12-22,"[{'name': 'Animation'}, {'name': 'Comedy'}, {'name': 'Adventure'}, {'name': 'Action'}]"
882598,Smile,2022-09-23,"[{'name': 'Horror'}, {'name': 'Mystery'}]"
653221,Hridayam,2022-01-21,"[{'name': 'Romance'}, {'name': 'Drama'}]"
497582,Enola Holmes,2020-09-23,"[{'name': 'Adventure'}, {'name': 'Mystery'}, {'name': 'Crime'}]"
14262,Desperate Living,1977-05-27,"[{'name': 'Comedy'}, {'name': 'Crime'}]"
6075,Carlito's Way,1993-11-10,"[{'name': 'Crime'}, {'name': 'Drama'}, {'name': 'Thriller'}]"
153518,The Angry Birds Movie,2016-05-11,"[{'name': 'Animation'}, {'name': 'Adventure'}, {'name': 'Comedy'}, {'name': 'Family'}]"
473033,Uncut Gems,2019-08-30,"[{'name': 'Drama'}, {'name': 'Thriller'}, {'name': 'Crime'}]"
522162,Midway,2019-11-06,"[{'name': 'Action'}, {'name': 'War'}, {'name': 'History'}]"
374720,Dunkirk,2017-07-19,"[{'name': 'War'}, {'name': 'Action'}, {'name': 'Drama'}]"
1241921,A Big Bold Beautiful Journey,2025-09-17,"[{'name': 'Romance'}, {'name': 'Fantasy'}, {'name': 'Drama'}]"
718789,Lightyear,2022-06-15,"[{'name': 'Animation'}, {'name': 'Science Fiction'}, {'name': 'Family'}, {'name': 'Adventure'}]"
628704,Midnight,2021-06-30,"[{'name': 'Thriller'}, {'name': 'Crime'}]"
6114,Bram Stoker's Dracula,1992-11-13,"[{'name': 'Romance'}, {'name': 'Horror'}]"
14282,Ninja Scroll,1993-06-05,"[{'name': 'Fantasy'}, {'name': 'Animation'}, {'name': 'Action'}]"
243688,Poltergeist,2015-05-20,[{'name': 'Horror'}]
530385,Midsommar,2019-07-03,"[{'name': 'Horror'}, {'name': 'Drama'}, {'name': 'Mystery'}]"
718821,Twisters,2024-07-10,"[{'name': 'Action'}, {'name': 'Thriller'}]"
14306,Marley & Me,2008-12-25,"[{'name': 'Comedy'}, {'name': 'Family'}]"
227306,Unbroken,2014-12-25,"[{'name': 'Drama'}, {'name': 'War'}]"
30709,...All the Marbles,1981-03-01,"[{'name': 'Comedy'}, {'name': 'Drama'}]"
22512,"Sex, Shame & Tears",1999-06-18,"[{'name': 'Comedy'}, {'name': 'Drama'}, {'name': 'Romance'}]"
317442,The Last: Naruto the Movie,2014-12-06,"[{'name': 'Action'}, {'name': 'Romance'}, {'name': 'Animation'}]"
14324,Virgin Territory,2007-12-17,"[{'name': 'Adventure'}, {'name': 'Action'}, {'name': 'Comedy'}, {'name': 'Romance'}]"
6145,Fracture,2007-04-19,[{'name': 'Thriller'}]
464889,Sniper: Ultimate Kill,2017-10-03,[{'name': 'Action'}]
71672,Wrong Turn 4: Bloody Beginnings,2011-10-17,"[{'name': 'Horror'}, {'name': 'Thriller'}]"
71676,Ghost Rider: Spirit of Vengeance,2011-12-10,"[{'name': 'Action'}, {'name': 'Fantasy'}, {'name': 'Thriller'}]"
55301,Alvin and the Chipmunks: Chipwrecked,2011-12-14,"[{'name': 'Comedy'}, {'name': 'Fantasy'}, {'name': 'Family'}, {'name': 'Music'}, {'name': 'Animation'}]"
530442,"My Teacher, My Obsession",2018-06-12,"[{'name': 'Drama'}, {'name': 'Thriller'}, {'name': 'TV Movie'}]"
22538,Scott Pilgrim vs. the World,2010-08-12,"[{'name': 'Action'}, {'name': 'Comedy'}, {'name': 'Romance'}]"
137227,Doraemon: Nobita and the New Steel Troops: Winged Angels,2011-03-05,"[{'name': 'Animation'}, {'name': 'Adventure'}, {'name': 'Family'}, {'name': 'Science Fiction'}, {'name': 'Fantasy'}, {'name': 'Comedy'}]"
399361,Triple Frontier,2019-03-06,"[{'name': 'Action'}, {'name': 'Thriller'}, {'name': 'Crime'}, {'name': 'Adventure'}]"
1284120,The Ugly Stepsister,2025-03-07,"[{'name': 'Horror'}, {'name': 'Comedy'}, {'name': 'Drama'}]"
587792,Palm Springs,2020-07-10,"[{'name': 'Comedy'}, {'name': 'Romance'}, {'name': 'Science Fiction'}]"
997391,RDX: Robert Dony Xavier,2023-08-25,"[{'name': 'Action'}, {'name': 'Drama'}]"
1382406,Striking Rescue,2024-12-05,"[{'name': 'Action'}, {'name': 'Crime'}, {'name': 'Thriller'}]"
587807,Tom & Jerry,2021-02-10,"[{'name': 'Comedy'}, {'name': 'Family'}, {'name': 'Animation'}]"
841755,Mortal Kombat Legends: Battle of the Realms,2021-08-30,"[{'name': 'Animation'}, {'name': 'Action'}, {'name': 'Fantasy'}]"
899082,Harry Potter 20th Anniversary: Return to Hogwarts,2022-01-01,[{'name': 'Documentary'}]
497698,Black Widow,2021-07-07,"[{'name': 'Action'}, {'name': 'Adventure'}, {'name': 'Science Fiction'}]"
399366,Marrowbone,2017-10-27,"[{'name': 'Thriller'}, {'name': 'Horror'}, {'name': 'Mystery'}]"
923667,Twilight of the Warriors: Walled In,2024-05-01,"[{'name': 'Action'}, {'name': 'Crime'}, {'name': 'Thriller'}]"
653346,Kingdom of the Planet of the Apes,2024-05-08,"[{'name': 'Science Fiction'}, {'name': 'Adventure'}, {'name': 'Action'}]"
55341,Jeepers Creepers 3,2017-09-26,[{'name': 'Horror'}]
661539,A Complete Unknown,2024-12-25,"[{'name': 'Drama'}, {'name': 'Music'}]"
309302,Wolf Totem,2015-02-19,"[{'name': 'Adventure'}, {'name': 'Drama'}]"
6171,Dreamcatcher,2003-03-21,"[{'name': 'Drama'}, {'name': 'Horror'}, {'name': 'Science Fiction'}, {'name': 'Thriller'}]"
22582,Tom and Jerry: The Movie,1993-02-05,"[{'name': 'Animation'}, {'name': 'Comedy'}, {'name': 'Family'}]"
1038392,The Conjuring: Last Rites,2025-09-03,[{'name': 'Horror'}]
399404,Darkest Hour,2017-11-22,"[{'name': 'Drama'}, {'name': 'History'}]"
866398,The Beekeeper,2024-01-08,"[{'name': 'Action'}, {'name': 'Crime'}, {'name': 'Thriller'}]"
399402,Hunter Killer,2018-10-19,"[{'name': 'Action'}, {'name': 'Thriller'}]"
456740,Hellboy,2019-04-10,"[{'name': 'Fantasy'}, {'name': 'Horror'}, {'name': 'Action'}, {'name': 'Adventure'}]"
718930,Bullet Train,2022-08-03,"[{'name': 'Action'}, {'name': 'Comedy'}, {'name': 'Thriller'}]"
1071215,Thanksgiving,2023-11-16,"[{'name': 'Horror'}, {'name': 'Mystery'}]"
1226863,The Super Mario Galaxy Movie,2026-04-01,"[{'name': 'Family'}, {'name': 'Comedy'}, {'name': 'Adventure'}, {'name': 'Fantasy'}, {'name': 'Animation'}]"
14438,Fireproof,2008-09-26,"[{'name': 'Drama'}, {'name': 'Romance'}]"
1013850,A Real Pain,2024-11-01,"[{'name': 'Comedy'}, {'name': 'Drama'}]"
350312,Bāhubali 2: The Conclusion,2017-04-27,"[{'name': 'Action'}, {'name': 'Adventure'}, {'name': 'Fantasy'}]"
1472638,Buen Camino,2025-12-25,"[{'name': 'Comedy'}, {'name': 'Family'}, {'name': 'Adventure'}]"
104524,Helter Skelter,2012-07-14,"[{'name': 'Drama'}, {'name': 'Horror'}]"
14392,The Warlords,2007-12-12,"[{'name': 'Action'}, {'name': 'Drama'}, {'name': 'History'}]"
194662,Birdman or (The Unexpected Virtue of Ignorance),2014-10-17,"[{'name': 'Drama'}, {'name': 'Comedy'}]"
14411,Sinbad: Legend of the Seven Seas,2003-07-02,"[{'name': 'Action'}, {'name': 'Adventure'}, {'name': 'Animation'}, {'name': 'Family'}, {'name': 'Fantasy'}]"
628847,Trap House,2025-11-14,"[{'name': 'Action'}, {'name': 'Crime'}, {'name': 'Thriller'}]"
415842,American Assassin,2017-07-14,"[{'name': 'Action'}, {'name': 'Adventure'}, {'name': 'Thriller'}]"
6278,Reign of Fire,2002-07-09,"[{'name': 'Adventure'}, {'name': 'Action'}, {'name': 'Fantasy'}]"
6282,Coyote Ugly,2000-07-30,"[{'name': 'Comedy'}, {'name': 'Drama'}, {'name': 'Music'}, {'name': 'Romance'}]"
14412,Body Heat,1981-08-28,"[{'name': 'Thriller'}, {'name': 'Crime'}]"
129139,The To Do List,2013-07-24,"[{'name': 'Comedy'}, {'name': 'Romance'}]"
1292415,Beast,2026-04-10,"[{'name': 'Action'}, {'name': 'Drama'}]"
14469,Bullet,1996-03-01,"[{'name': 'Action'}, {'name': 'Drama'}, {'name': 'Thriller'}, {'name': 'Crime'}]"
440471,Escape Plan 2: Hades,2018-06-05,"[{'name': 'Action'}, {'name': 'Thriller'}, {'name': 'Crime'}, {'name': 'Mystery'}, {'name': 'Science Fiction'}]"
514207,Invasion,2020-02-27,"[{'name': 'Science Fiction'}, {'name': 'Drama'}, {'name': 'Action'}]"
6279,Sister Act 2: Back in the Habit,1993-12-09,"[{'name': 'Music'}, {'name': 'Comedy'}]"
22683,Gifted Hands: The Ben Carson Story,2009-02-07,[{'name': 'Drama'}]
522402,Finch,2021-11-04,"[{'name': 'Science Fiction'}, {'name': 'Drama'}, {'name': 'Adventure'}]"
440472,The Upside,2019-01-10,"[{'name': 'Comedy'}, {'name': 'Drama'}]"
1439930,The Punisher: One Last Kill,2026-05-12,"[{'name': 'Action'}, {'name': 'Drama'}, {'name': 'Crime'}]"
809140,Father Stu,2022-04-13,[{'name': 'Drama'}]
1079485,Winnie-the-Pooh: Blood and Honey 2,2024-03-26,"[{'name': 'Horror'}, {'name': 'Thriller'}]"
1267905,The Roses,2025-08-27,"[{'name': 'Comedy'}, {'name': 'Drama'}, {'name': 'Romance'}]"
6283,MouseHunt,1997-12-19,"[{'name': 'Comedy'}, {'name': 'Family'}]"
547016,The Old Guard,2020-07-09,"[{'name': 'Action'}, {'name': 'Fantasy'}]"
800939,Ticket to Paradise,2022-09-08,"[{'name': 'Drama'}, {'name': 'Comedy'}, {'name': 'Romance'}]"
71859,We Need to Talk About Kevin,2011-09-28,"[{'name': 'Drama'}, {'name': 'Thriller'}]"
974931,Totally Killer,2023-09-28,"[{'name': 'Horror'}, {'name': 'Comedy'}, {'name': 'Science Fiction'}]"
39108,Dragon Ball Z: Wrath of the Dragon,1995-07-15,"[{'name': 'Animation'}, {'name': 'Action'}, {'name': 'Science Fiction'}]"
866463,Reptile,2023-09-29,"[{'name': 'Crime'}, {'name': 'Mystery'}, {'name': 'Thriller'}, {'name': 'Drama'}]"
628900,The Contractor,2022-03-10,"[{'name': 'Action'}, {'name': 'Thriller'}]"
1358005,Office Romance,2026-06-04,"[{'name': 'Romance'}, {'name': 'Comedy'}]"
1054867,One Battle After Another,2025-09-23,"[{'name': 'Thriller'}, {'name': 'Crime'}, {'name': 'Comedy'}]"
6312,Brotherhood of the Wolf,2001-01-31,"[{'name': 'Adventure'}, {'name': 'Horror'}, {'name': 'Action'}, {'name': 'History'}]"
14537,Harakiri,1962-09-15,"[{'name': 'Action'}, {'name': 'Drama'}, {'name': 'History'}]"
424139,Halloween,2018-10-18,"[{'name': 'Horror'}, {'name': 'Thriller'}]"
47327,Drive Angry,2011-02-24,"[{'name': 'Fantasy'}, {'name': 'Thriller'}, {'name': 'Action'}, {'name': 'Crime'}]"
39107,Dragon Ball Z: Fusion Reborn,1995-03-04,"[{'name': 'Animation'}, {'name': 'Action'}, {'name': 'Science Fiction'}]"
1266,Street Kings,2008-04-10,"[{'name': 'Action'}, {'name': 'Crime'}, {'name': 'Drama'}, {'name': 'Thriller'}]"
899294,Frank and Penelope,2022-06-03,"[{'name': 'Thriller'}, {'name': 'Horror'}, {'name': 'Crime'}]"
1456349,It Was Just an Accident,2025-10-01,"[{'name': 'Drama'}, {'name': 'Thriller'}, {'name': 'Crime'}, {'name': 'Mystery'}]"
1128650,The Prosecutor,2024-12-08,"[{'name': 'Action'}, {'name': 'Drama'}, {'name': 'Crime'}, {'name': 'Thriller'}]"
1136867,Materialists,2025-06-12,"[{'name': 'Romance'}, {'name': 'Drama'}]"
399566,Godzilla vs. Kong,2021-03-24,"[{'name': 'Action'}, {'name': 'Science Fiction'}, {'name': 'Adventure'}]"
1268,Mr. Bean's Holiday,2007-03-22,"[{'name': 'Family'}, {'name': 'Comedy'}]"
538858,Tumbbad,2018-10-12,"[{'name': 'Fantasy'}, {'name': 'Horror'}]"
14564,Rings,2017-02-01,[{'name': 'Horror'}]
1243341,Z-O-M-B-I-E-S 4: Dawn of the Vampires,2025-07-10,"[{'name': 'Fantasy'}, {'name': 'Music'}, {'name': 'Romance'}, {'name': 'Adventure'}, {'name': 'Family'}, {'name': 'Comedy'}, {'name': 'TV Movie'}]"
14574,The Boy in the Striped Pyjamas,2008-05-07,"[{'name': 'Drama'}, {'name': 'War'}, {'name': 'History'}]"
522478,Peter Rabbit 2: The Runaway,2021-03-25,"[{'name': 'Comedy'}, {'name': 'Family'}, {'name': 'Adventure'}]"
399579,Alita: Battle Angel,2019-01-31,"[{'name': 'Action'}, {'name': 'Science Fiction'}, {'name': 'Adventure'}]"
932086,Horizon: An American Saga - Chapter 1,2024-06-26,"[{'name': 'Western'}, {'name': 'Drama'}]"
1273,TMNT,2007-03-23,"[{'name': 'Adventure'}, {'name': 'Animation'}, {'name': 'Comedy'}, {'name': 'Family'}]"
260346,Taken 3,2014-12-16,"[{'name': 'Thriller'}, {'name': 'Action'}]"
268531,Captain Underpants: The First Epic Movie,2017-06-01,"[{'name': 'Family'}, {'name': 'Comedy'}, {'name': 'Animation'}, {'name': 'Science Fiction'}, {'name': 'Action'}]"
22804,Saw VI,2009-10-22,"[{'name': 'Horror'}, {'name': 'Thriller'}]"
850165,The Iron Claw,2023-12-21,"[{'name': 'History'}, {'name': 'Drama'}]"
334074,Survivor,2015-05-21,"[{'name': 'Action'}, {'name': 'Crime'}, {'name': 'Mystery'}, {'name': 'Thriller'}]"
784651,Fighter,2024-01-24,"[{'name': 'Action'}, {'name': 'Drama'}]"
1317149,I Swear,2025-09-22,"[{'name': 'Drama'}, {'name': 'History'}]"
14624,The Ultimate Gift,2007-03-09,"[{'name': 'Romance'}, {'name': 'Drama'}, {'name': 'Family'}]"
6415,Three Kings,1999-09-27,"[{'name': 'Action'}, {'name': 'Comedy'}, {'name': 'War'}]"
22794,Cloudy with a Chance of Meatballs,2009-09-17,"[{'name': 'Animation'}, {'name': 'Comedy'}, {'name': 'Family'}]"
760104,X,2022-03-17,[{'name': 'Horror'}]
653610,Disclosure,2020-06-19,[{'name': 'Documentary'}]
22824,The Fourth Kind,2009-11-05,"[{'name': 'Mystery'}, {'name': 'Science Fiction'}, {'name': 'Thriller'}]"
1281,Bean,1997-07-03,"[{'name': 'Family'}, {'name': 'Adventure'}, {'name': 'Comedy'}]"
522518,A Dog's Journey,2019-05-03,"[{'name': 'Family'}, {'name': 'Adventure'}, {'name': 'Drama'}]"
39207,Detective Conan: Full Score of Fear,2008-04-19,"[{'name': 'Animation'}, {'name': 'Action'}, {'name': 'Crime'}, {'name': 'Mystery'}]"
39202,Detective Conan: Crossroad in the Ancient Capital,2003-04-19,"[{'name': 'Animation'}, {'name': 'Mystery'}, {'name': 'Adventure'}]"
22803,Law Abiding Citizen,2009-10-15,"[{'name': 'Drama'}, {'name': 'Crime'}, {'name': 'Thriller'}]"
31011,Mr. Nobody,2009-11-06,"[{'name': 'Science Fiction'}, {'name': 'Drama'}, {'name': 'Romance'}]"
293167,Kong: Skull Island,2017-03-08,"[{'name': 'Action'}, {'name': 'Adventure'}, {'name': 'Fantasy'}]"
22832,Ninja Assassin,2009-09-29,"[{'name': 'Action'}, {'name': 'Adventure'}, {'name': 'Thriller'}]"
776503,CODA,2021-08-13,"[{'name': 'Drama'}, {'name': 'Music'}, {'name': 'Romance'}]"
6435,Practical Magic,1998-10-16,"[{'name': 'Romance'}, {'name': 'Comedy'}, {'name': 'Fantasy'}]"
1022256,Selena Gomez: My Mind & Me,2022-11-04,"[{'name': 'Documentary'}, {'name': 'Music'}]"
948549,Love Lies Bleeding,2024-03-07,"[{'name': 'Crime'}, {'name': 'Romance'}, {'name': 'Thriller'}]"
6466,Freddy vs. Jason,2003-08-15,[{'name': 'Horror'}]
1243460,Joe's College Road Trip,2026-02-12,[{'name': 'Comedy'}]
6479,I Am Legend,2007-12-12,"[{'name': 'Drama'}, {'name': 'Science Fiction'}, {'name': 'Thriller'}]"
47407,Milf,2010-10-17,[{'name': 'Comedy'}]
1309012,Altered,2025-09-18,"[{'name': 'Science Fiction'}, {'name': 'Action'}]"
301365,The Neon Demon,2016-06-08,[{'name': 'Horror'}]
39254,Real Steel,2011-09-28,"[{'name': 'Action'}, {'name': 'Science Fiction'}, {'name': 'Drama'}]"
1087822,Hellboy: The Crooked Man,2024-08-29,"[{'name': 'Fantasy'}, {'name': 'Horror'}, {'name': 'Action'}]"
14684,School Ties,1992-09-18,[{'name': 'Drama'}]
82700,After Earth,2013-05-30,"[{'name': 'Science Fiction'}, {'name': 'Action'}, {'name': 'Adventure'}]"
22881,The Blind Side,2009-11-20,[{'name': 'Drama'}]
6477,Alvin and the Chipmunks,2007-12-13,"[{'name': 'Comedy'}, {'name': 'Family'}, {'name': 'Fantasy'}, {'name': 'Animation'}]"
22897,It's Complicated,2009-12-23,"[{'name': 'Comedy'}, {'name': 'Romance'}]"
768362,Missing,2023-01-19,"[{'name': 'Drama'}, {'name': 'Mystery'}, {'name': 'Thriller'}]"
1284460,Alpha,2025-08-20,"[{'name': 'Horror'}, {'name': 'Drama'}, {'name': 'Science Fiction'}]"
1112426,Stree 2,2024-08-15,"[{'name': 'Horror'}, {'name': 'Comedy'}]"
6519,The Dukes of Hazzard,2005-08-05,"[{'name': 'Comedy'}, {'name': 'Adventure'}, {'name': 'Action'}]"
80243,Unknown Pleasures,2002-06-06,"[{'name': 'Comedy'}, {'name': 'Drama'}]"
1218925,Chainsaw Man - The Movie: Reze Arc,2025-09-19,"[{'name': 'Animation'}, {'name': 'Action'}, {'name': 'Romance'}, {'name': 'Fantasy'}]"
514439,Breakthrough,2019-04-10,[{'name': 'Drama'}]
1227128,Raid 2,2025-05-01,"[{'name': 'Crime'}, {'name': 'Drama'}, {'name': 'Thriller'}]"
964980,Air,2023-04-05,"[{'name': 'Drama'}, {'name': 'History'}]"
22894,Legion,2010-01-21,"[{'name': 'Action'}, {'name': 'Fantasy'}, {'name': 'Horror'}]"
719221,Tarot,2024-05-01,[{'name': 'Horror'}]
432527,Padmaavat,2018-01-25,"[{'name': 'Drama'}, {'name': 'History'}, {'name': 'Romance'}]"
55685,To Be Twenty,1978-07-14,[{'name': 'Comedy'}]
579974,RRR,2022-03-24,"[{'name': 'Action'}, {'name': 'History'}, {'name': 'Drama'}]"
1087891,The Amateur,2025-04-09,"[{'name': 'Thriller'}, {'name': 'Action'}]"
858485,Kantara,2022-09-30,"[{'name': 'Action'}, {'name': 'Drama'}, {'name': 'Thriller'}]"
522627,The Gentlemen,2020-01-01,"[{'name': 'Action'}, {'name': 'Comedy'}, {'name': 'Crime'}]"
743814,Serve the People,2022-02-23,[{'name': 'Drama'}]
80278,The Impossible,2012-09-09,"[{'name': 'Drama'}, {'name': 'Thriller'}, {'name': 'History'}]"
14741,The Goodbye Girl,1977-11-27,"[{'name': 'Comedy'}, {'name': 'Drama'}, {'name': 'Romance'}]"
1292695,They Will Kill You,2026-03-25,"[{'name': 'Horror'}, {'name': 'Comedy'}, {'name': 'Action'}]"
1251717,Vicious,2025-08-06,"[{'name': 'Horror'}, {'name': 'Thriller'}]"
416148,Rocco,2016-11-30,[{'name': 'Documentary'}]
1161617,Code 3,2025-09-12,"[{'name': 'Comedy'}, {'name': 'Action'}, {'name': 'Drama'}]"
1309083,Dolly,2026-03-06,[{'name': 'Horror'}]
883083,You Won't Be Alone,2022-04-01,"[{'name': 'Horror'}, {'name': 'Drama'}]"
80274,Ender's Game,2013-10-24,"[{'name': 'Science Fiction'}, {'name': 'Action'}, {'name': 'Adventure'}]"
1268127,Humint,2026-02-11,"[{'name': 'Thriller'}, {'name': 'Action'}, {'name': 'Drama'}]"
39323,Dragon Ball Z: Bardock - The Father of Goku,1990-10-17,"[{'name': 'Animation'}, {'name': 'Action'}, {'name': 'Science Fiction'}, {'name': 'Drama'}, {'name': 'Fantasy'}]"
14756,Ip Man,2008-12-12,"[{'name': 'Drama'}, {'name': 'Action'}, {'name': 'History'}]"
1317288,Marty Supreme,2025-12-19,"[{'name': 'Drama'}, {'name': 'Thriller'}]"
260513,Incredibles 2,2018-06-14,"[{'name': 'Action'}, {'name': 'Adventure'}, {'name': 'Animation'}, {'name': 'Family'}]"
276907,Legend,2015-09-09,"[{'name': 'Crime'}, {'name': 'Thriller'}]"
6557,27 Dresses,2008-01-10,"[{'name': 'Comedy'}, {'name': 'Romance'}]"
260514,Cars 3,2017-06-15,"[{'name': 'Animation'}, {'name': 'Drama'}, {'name': 'Family'}]"
301528,Toy Story 4,2019-06-19,"[{'name': 'Family'}, {'name': 'Comedy'}, {'name': 'Animation'}, {'name': 'Adventure'}]"
55721,Bridesmaids,2011-05-13,"[{'name': 'Comedy'}, {'name': 'Romance'}]"
342473,Ballerina,2016-12-14,"[{'name': 'Animation'}, {'name': 'Adventure'}, {'name': 'Comedy'}, {'name': 'Family'}]"
588228,The Tomorrow War,2021-09-03,"[{'name': 'Action'}, {'name': 'Science Fiction'}, {'name': 'Adventure'}]"
80321,Madagascar 3: Europe's Most Wanted,2012-06-06,"[{'name': 'Animation'}, {'name': 'Family'}, {'name': 'Comedy'}, {'name': 'Adventure'}]"
72105,Ted,2012-06-29,"[{'name': 'Comedy'}, {'name': 'Fantasy'}]"
14784,The Fall,2006-09-09,"[{'name': 'Adventure'}, {'name': 'Fantasy'}, {'name': 'Drama'}]"
301502,Blonde,2022-09-16,[{'name': 'Drama'}]
22970,The Cabin in the Woods,2012-04-12,"[{'name': 'Horror'}, {'name': 'Mystery'}, {'name': 'Comedy'}]"
1259983,Guru,2026-01-28,"[{'name': 'Drama'}, {'name': 'Thriller'}]"
530915,1917,2019-12-25,"[{'name': 'War'}, {'name': 'History'}, {'name': 'Drama'}]"
629176,Samaritan,2022-08-25,"[{'name': 'Science Fiction'}, {'name': 'Crime'}, {'name': 'Action'}]"
96724,Anna Karenina,2012-09-06,"[{'name': 'Drama'}, {'name': 'Romance'}, {'name': 'History'}]"
702936,Sniper: Assassin's End,2020-06-15,[{'name': 'Action'}]
522681,Escape Room,2019-01-03,"[{'name': 'Horror'}, {'name': 'Thriller'}, {'name': 'Mystery'}]"
989662,A Different Man,2024-08-24,"[{'name': 'Comedy'}, {'name': 'Drama'}]"
96721,Rush,2013-09-02,"[{'name': 'Drama'}, {'name': 'Action'}]"
1071585,M3GAN 2.0,2025-06-25,"[{'name': 'Action'}, {'name': 'Science Fiction'}, {'name': 'Thriller'}]"
72190,World War Z,2013-06-19,"[{'name': 'Action'}, {'name': 'Horror'}, {'name': 'Science Fiction'}]"
6637,National Treasure: Book of Secrets,2007-12-19,"[{'name': 'Action'}, {'name': 'Adventure'}, {'name': 'Mystery'}]"
915935,Anatomy of a Fall,2023-08-23,"[{'name': 'Thriller'}, {'name': 'Mystery'}, {'name': 'Crime'}]"
55779,Final Destination 5,2011-08-12,"[{'name': 'Horror'}, {'name': 'Mystery'}]"
383498,Deadpool 2,2018-05-15,"[{'name': 'Action'}, {'name': 'Comedy'}, {'name': 'Adventure'}]"
940551,Migration,2023-12-06,"[{'name': 'Family'}, {'name': 'Comedy'}, {'name': 'Adventure'}, {'name': 'Animation'}]"
1096197,No Way Up,2024-01-18,"[{'name': 'Thriller'}, {'name': 'Horror'}, {'name': 'Action'}]"
14836,Coraline,2009-02-05,"[{'name': 'Animation'}, {'name': 'Family'}, {'name': 'Fantasy'}]"
350725,The Virgin Psychics,2015-09-04,"[{'name': 'Comedy'}, {'name': 'Science Fiction'}]"
965143,Cyber Hell: Exposing an Internet Horror,2022-05-17,"[{'name': 'Crime'}, {'name': 'Drama'}]"
489999,Searching,2018-08-24,"[{'name': 'Drama'}, {'name': 'Mystery'}, {'name': 'Thriller'}]"
514593,You Should Have Left,2020-06-18,"[{'name': 'Horror'}, {'name': 'Thriller'}]"
1047041,Detective Conan: Black Iron Submarine,2023-04-14,"[{'name': 'Animation'}, {'name': 'Action'}, {'name': 'Crime'}, {'name': 'Mystery'}]"
14873,The Jungle Book 2,2003-02-07,"[{'name': 'Family'}, {'name': 'Animation'}, {'name': 'Adventure'}]"
39451,Little Fockers,2010-12-21,"[{'name': 'Comedy'}, {'name': 'Romance'}]"
55846,Blitz,2011-05-20,"[{'name': 'Crime'}, {'name': 'Action'}, {'name': 'Thriller'}]"
14864,The Hot Spot,1990-10-12,"[{'name': 'Romance'}, {'name': 'Crime'}, {'name': 'Thriller'}]"
604685,Den of Thieves 2: Pantera,2025-01-08,"[{'name': 'Action'}, {'name': 'Crime'}, {'name': 'Thriller'}]"
760329,The Smashing Machine,2025-10-01,"[{'name': 'Drama'}, {'name': 'History'}, {'name': 'Action'}]"
965150,Aftersun,2022-10-21,[{'name': 'Drama'}]
285213,The Pirates,2014-08-06,"[{'name': 'Action'}, {'name': 'Adventure'}, {'name': 'Comedy'}, {'name': 'Fantasy'}]"
391713,Lady Bird,2017-09-01,"[{'name': 'Drama'}, {'name': 'Comedy'}]"
1186350,Marco,2024-12-20,"[{'name': 'Action'}, {'name': 'Crime'}, {'name': 'Thriller'}]"
9471,Charlie's Angels: Full Throttle,2003-06-25,"[{'name': 'Action'}, {'name': 'Adventure'}, {'name': 'Comedy'}]"
481848,The Call of the Wild,2020-02-19,"[{'name': 'Adventure'}, {'name': 'Family'}, {'name': 'Drama'}]"
14869,G.I. Joe: The Rise of Cobra,2009-08-03,"[{'name': 'Adventure'}, {'name': 'Action'}, {'name': 'Thriller'}, {'name': 'Science Fiction'}]"
1210938,Revelations,2025-03-20,"[{'name': 'Thriller'}, {'name': 'Crime'}, {'name': 'Mystery'}]"
391757,Never Back Down: No Surrender,2016-06-07,"[{'name': 'Drama'}, {'name': 'Action'}]"
309809,The Little Prince,2015-07-29,"[{'name': 'Adventure'}, {'name': 'Animation'}, {'name': 'Fantasy'}, {'name': 'Family'}]"
39486,Secretariat,2010-08-20,[{'name': 'Drama'}]
801335,Girl in the Basement,2021-02-27,"[{'name': 'Thriller'}, {'name': 'Crime'}, {'name': 'TV Movie'}]"
1620551,Feel My Voice,2026-04-03,"[{'name': 'Music'}, {'name': 'Drama'}, {'name': 'Comedy'}]"
719410,Your Name Engraved Herein,2020-09-30,"[{'name': 'Romance'}, {'name': 'Drama'}]"
817758,TÁR,2022-10-07,"[{'name': 'Music'}, {'name': 'Drama'}]"
1317448,No Place to Be Single,2026-05-08,"[{'name': 'Romance'}, {'name': 'Comedy'}]"
14926,Uptown Girls,2003-08-15,"[{'name': 'Comedy'}, {'name': 'Drama'}]"
645710,The Voyeurs,2021-08-25,[{'name': 'Thriller'}]
555604,Guillermo del Toro's Pinocchio,2022-11-09,"[{'name': 'Animation'}, {'name': 'Fantasy'}, {'name': 'Adventure'}, {'name': 'Drama'}]"
580175,Another Round,2020-09-24,"[{'name': 'Comedy'}, {'name': 'Drama'}]"
39513,Paul,2011-02-14,"[{'name': 'Adventure'}, {'name': 'Comedy'}, {'name': 'Science Fiction'}]"
1448560,Wildcat,2025-11-19,"[{'name': 'Action'}, {'name': 'Thriller'}]"
1325678,Sarah's Oil,2025-11-06,[{'name': 'Drama'}]
776797,The Sadness,2021-01-22,"[{'name': 'Horror'}, {'name': 'Thriller'}]"
670292,The Creator,2023-09-27,"[{'name': 'Science Fiction'}, {'name': 'Action'}, {'name': 'Adventure'}]"
678512,Sound of Freedom,2023-07-03,"[{'name': 'Action'}, {'name': 'Drama'}]"
268896,Pacific Rim: Uprising,2018-03-21,"[{'name': 'Action'}, {'name': 'Fantasy'}, {'name': 'Science Fiction'}, {'name': 'Adventure'}]"
55931,The Animatrix,2003-05-09,"[{'name': 'Animation'}, {'name': 'Science Fiction'}]"
14976,Rachel Getting Married,2008-09-03,"[{'name': 'Drama'}, {'name': 'Romance'}]"
39514,RED,2010-10-13,"[{'name': 'Action'}, {'name': 'Adventure'}, {'name': 'Comedy'}, {'name': 'Crime'}, {'name': 'Thriller'}]"
23172,The Spy Next Door,2010-01-15,"[{'name': 'Action'}, {'name': 'Comedy'}, {'name': 'Family'}]"
23168,The Town,2010-09-15,"[{'name': 'Crime'}, {'name': 'Drama'}, {'name': 'Thriller'}]"
187017,22 Jump Street,2014-06-05,"[{'name': 'Crime'}, {'name': 'Comedy'}, {'name': 'Action'}]"
39538,Contagion,2011-09-08,"[{'name': 'Drama'}, {'name': 'Thriller'}, {'name': 'Science Fiction'}]"
457332,Hidden Strike,2023-07-06,"[{'name': 'Action'}, {'name': 'Comedy'}, {'name': 'Thriller'}]"
178809,The Colony,2013-04-12,"[{'name': 'Action'}, {'name': 'Science Fiction'}, {'name': 'Thriller'}]"
1571470,The Rats: A Witcher Tale,2025-10-29,"[{'name': 'Fantasy'}, {'name': 'Drama'}, {'name': 'Adventure'}]"
6795,Zathura: A Space Adventure,2005-11-06,"[{'name': 'Science Fiction'}, {'name': 'Adventure'}, {'name': 'Family'}]"
170657,Journey to the West: Conquering the Demons,2013-02-07,"[{'name': 'Action'}, {'name': 'Fantasy'}, {'name': 'Adventure'}, {'name': 'Comedy'}]"
72331,Abraham Lincoln: Vampire Hunter,2012-06-20,"[{'name': 'Action'}, {'name': 'Fantasy'}, {'name': 'Horror'}]"
309886,Blood Father,2016-08-11,"[{'name': 'Action'}, {'name': 'Thriller'}, {'name': 'Drama'}]"
1325734,The Drama,2026-03-26,"[{'name': 'Romance'}, {'name': 'Comedy'}, {'name': 'Drama'}]"
227973,The Peanuts Movie,2015-11-05,"[{'name': 'Comedy'}, {'name': 'Animation'}, {'name': 'Family'}]"
645788,The Protégé,2021-08-19,"[{'name': 'Action'}, {'name': 'Thriller'}, {'name': 'Crime'}]"
15015,Barbie as Rapunzel,2002-10-01,"[{'name': 'Animation'}, {'name': 'Family'}]"
449176,"Love, Simon",2018-02-16,"[{'name': 'Comedy'}, {'name': 'Drama'}, {'name': 'Romance'}]"
490132,Green Book,2018-11-16,"[{'name': 'Drama'}, {'name': 'Comedy'}, {'name': 'History'}]"
1530510,Mexico 86,2026-05-21,"[{'name': 'Comedy'}, {'name': 'History'}, {'name': 'Drama'}]"
23169,Remember Me,2010-03-11,"[{'name': 'Drama'}, {'name': 'Romance'}]"
604822,Vanguard,2020-01-22,"[{'name': 'Action'}, {'name': 'Adventure'}, {'name': 'Comedy'}, {'name': 'Crime'}, {'name': 'Thriller'}]"
15016,Barbie of Swan Lake,2003-09-27,"[{'name': 'Animation'}, {'name': 'Family'}]"
334541,Manchester by the Sea,2016-11-17,[{'name': 'Drama'}]
522931,Hitman's Wife's Bodyguard,2021-06-14,"[{'name': 'Action'}, {'name': 'Comedy'}, {'name': 'Crime'}, {'name': 'Thriller'}]"
940721,Godzilla Minus One,2023-11-03,"[{'name': 'Science Fiction'}, {'name': 'Horror'}, {'name': 'Action'}]"
72358,A Thousand Words,2012-03-07,"[{'name': 'Drama'}, {'name': 'Comedy'}, {'name': 'Fantasy'}]"
957119,Sidelined: The QB and Me,2025-02-06,"[{'name': 'Comedy'}, {'name': 'Romance'}]"
6844,The Ten Commandments,1956-10-05,"[{'name': 'Drama'}, {'name': 'History'}]"
334533,Captain Fantastic,2016-07-08,"[{'name': 'Drama'}, {'name': 'Comedy'}]"
1153714,Death of a Unicorn,2025-03-17,"[{'name': 'Horror'}, {'name': 'Fantasy'}, {'name': 'Comedy'}]"
1137350,The Phoenician Scheme,2025-05-23,"[{'name': 'Comedy'}, {'name': 'Adventure'}, {'name': 'Crime'}]"
88751,Journey to the Center of the Earth,2008-07-10,"[{'name': 'Action'}, {'name': 'Science Fiction'}, {'name': 'Adventure'}, {'name': 'Comedy'}, {'name': 'Family'}]"
1235623,Eye for an Eye 2,2024-07-21,"[{'name': 'Action'}, {'name': 'Drama'}]"
1252037,The Tank,2025-09-18,"[{'name': 'War'}, {'name': 'Action'}, {'name': 'Drama'}]"
334543,Lion,2016-11-24,[{'name': 'Drama'}]
637649,Wrath of Man,2021-04-22,"[{'name': 'Thriller'}, {'name': 'Crime'}, {'name': 'Drama'}]"
506574,Descendants 3,2019-08-02,"[{'name': 'Family'}, {'name': 'TV Movie'}, {'name': 'Adventure'}, {'name': 'Fantasy'}, {'name': 'Music'}]"
785084,The Whale,2022-12-09,[{'name': 'Drama'}]
522938,Rambo: Last Blood,2019-09-18,"[{'name': 'Action'}, {'name': 'Thriller'}, {'name': 'Drama'}]"
211672,Minions,2015-06-17,"[{'name': 'Family'}, {'name': 'Animation'}, {'name': 'Adventure'}, {'name': 'Comedy'}]"
31439,To Live,1994-05-18,"[{'name': 'Drama'}, {'name': 'Romance'}, {'name': 'War'}]"
326359,Frozen Fever,2015-03-09,"[{'name': 'Animation'}, {'name': 'Family'}, {'name': 'Adventure'}, {'name': 'Comedy'}]"
662237,Sweet & Sour,2021-06-04,"[{'name': 'Drama'}, {'name': 'Romance'}, {'name': 'Comedy'}]"
72387,Safe,2012-04-16,"[{'name': 'Action'}, {'name': 'Crime'}, {'name': 'Thriller'}]"
916192,"The Tunnel to Summer, the Exit of Goodbyes",2022-09-09,"[{'name': 'Animation'}, {'name': 'Drama'}, {'name': 'Romance'}, {'name': 'Fantasy'}, {'name': 'Science Fiction'}]"
1049942,Bambi: The Reckoning,2025-07-11,"[{'name': 'Horror'}, {'name': 'Thriller'}]"
277216,Straight Outta Compton,2015-08-11,"[{'name': 'Drama'}, {'name': 'Music'}, {'name': 'History'}]"
277217,Descendants,2015-07-31,"[{'name': 'Family'}, {'name': 'Adventure'}, {'name': 'Fantasy'}, {'name': 'TV Movie'}, {'name': 'Music'}]"
15070,Undisputed,2002-07-17,"[{'name': 'Action'}, {'name': 'Drama'}, {'name': 'Crime'}]"
6878,Homeward Bound: The Incredible Journey,1993-02-03,"[{'name': 'Adventure'}, {'name': 'Comedy'}, {'name': 'Family'}]"
17653,The Legend,1993-03-04,"[{'name': 'Adventure'}, {'name': 'Action'}, {'name': 'Comedy'}]"
6877,Failure to Launch,2006-03-10,"[{'name': 'Romance'}, {'name': 'Comedy'}]"
424694,Bohemian Rhapsody,2018-10-24,"[{'name': 'Music'}, {'name': 'Drama'}]"
1186532,The Forge,2024-08-22,"[{'name': 'Drama'}, {'name': 'Family'}]"
353069,Mother's Day,2016-04-28,"[{'name': 'Comedy'}, {'name': 'Drama'}, {'name': 'Romance'}]"
916224,Suzume,2022-11-11,"[{'name': 'Animation'}, {'name': 'Drama'}, {'name': 'Adventure'}, {'name': 'Fantasy'}]"
768744,My Hero Academia: World Heroes' Mission,2021-08-06,"[{'name': 'Animation'}, {'name': 'Action'}, {'name': 'Adventure'}, {'name': 'Science Fiction'}]"
416494,Status Update,2018-02-09,"[{'name': 'Comedy'}, {'name': 'Fantasy'}, {'name': 'Science Fiction'}]"
1014505,OVERLORD: The Sacred Kingdom,2024-09-20,"[{'name': 'Action'}, {'name': 'Adventure'}, {'name': 'Animation'}, {'name': 'Fantasy'}]"
645886,The Unforgivable,2021-11-24,"[{'name': 'Drama'}, {'name': 'Crime'}]"
15092,Crank: High Voltage,2009-04-16,"[{'name': 'Action'}, {'name': 'Thriller'}, {'name': 'Crime'}]"
572164,EXIT,2019-07-31,"[{'name': 'Action'}, {'name': 'Comedy'}]"
531219,Roald Dahl's The Witches,2020-10-26,"[{'name': 'Comedy'}, {'name': 'Fantasy'}, {'name': 'Family'}, {'name': 'Horror'}]"
97020,RoboCop,2014-01-30,"[{'name': 'Action'}, {'name': 'Adventure'}, {'name': 'Crime'}, {'name': 'Science Fiction'}, {'name': 'Thriller'}]"
514847,The Hunt,2020-03-11,"[{'name': 'Action'}, {'name': 'Thriller'}, {'name': 'Horror'}]"
293660,Deadpool,2016-02-09,"[{'name': 'Action'}, {'name': 'Adventure'}, {'name': 'Comedy'}]"
400136,Resident Evil: Vendetta,2017-05-27,"[{'name': 'Action'}, {'name': 'Animation'}, {'name': 'Adventure'}, {'name': 'Science Fiction'}, {'name': 'Horror'}]"
400155,Hotel Transylvania 3: Summer Vacation,2018-06-28,"[{'name': 'Animation'}, {'name': 'Comedy'}, {'name': 'Family'}, {'name': 'Fantasy'}]"
15121,The Sound of Music,1965-03-29,"[{'name': 'Drama'}, {'name': 'Family'}, {'name': 'Music'}, {'name': 'Romance'}]"
400160,The SpongeBob Movie: Sponge on the Run,2020-08-14,"[{'name': 'Adventure'}, {'name': 'Animation'}, {'name': 'Comedy'}, {'name': 'Family'}, {'name': 'Fantasy'}]"
72431,Red Tails,2012-01-19,"[{'name': 'Drama'}, {'name': 'History'}, {'name': 'War'}, {'name': 'Action'}]"
154400,The Drop,2014-09-12,"[{'name': 'Drama'}, {'name': 'Crime'}]"
1235746,Dead of Winter,2025-09-23,"[{'name': 'Thriller'}, {'name': 'Action'}]"
6947,The Village,2004-07-30,"[{'name': 'Drama'}, {'name': 'Mystery'}, {'name': 'Thriller'}]"
375588,Robin Hood,2018-11-03,"[{'name': 'Adventure'}, {'name': 'Action'}, {'name': 'Thriller'}, {'name': 'Fantasy'}]"
146216,RED 2,2013-07-18,"[{'name': 'Action'}, {'name': 'Comedy'}, {'name': 'Crime'}, {'name': 'Thriller'}]"
6957,The 40 Year Old Virgin,2005-08-11,"[{'name': 'Comedy'}, {'name': 'Romance'}]"
15137,Evangelion: 1.0 You Are (Not) Alone,2007-09-01,"[{'name': 'Animation'}, {'name': 'Science Fiction'}, {'name': 'Action'}, {'name': 'Drama'}]"
629542,The Bad Guys,2022-03-17,"[{'name': 'Action'}, {'name': 'Animation'}, {'name': 'Comedy'}, {'name': 'Crime'}, {'name': 'Family'}]"
1317672,Love Me Love Me,2026-02-12,"[{'name': 'Romance'}, {'name': 'Drama'}]"
228150,Fury,2014-10-15,"[{'name': 'War'}, {'name': 'Drama'}, {'name': 'Action'}]"
6950,Outbreak,1995-03-10,"[{'name': 'Action'}, {'name': 'Drama'}, {'name': 'Science Fiction'}, {'name': 'Thriller'}]"
293670,The Wailing,2016-05-12,"[{'name': 'Horror'}, {'name': 'Mystery'}]"
15165,Barbie as The Princess & the Pauper,2004-09-28,"[{'name': 'Animation'}, {'name': 'Family'}, {'name': 'Comedy'}]"
441130,Wolfwalkers,2020-10-26,"[{'name': 'Animation'}, {'name': 'Family'}, {'name': 'Adventure'}, {'name': 'Fantasy'}]"
1014590,Upgraded,2024-02-07,"[{'name': 'Romance'}, {'name': 'Comedy'}]"
15167,Barbie in the Nutcracker,2001-09-30,"[{'name': 'Animation'}, {'name': 'Family'}]"
318256,Hot Girls Wanted,2015-01-24,[{'name': 'Documentary'}]
146233,Prisoners,2013-09-19,"[{'name': 'Drama'}, {'name': 'Thriller'}, {'name': 'Crime'}]"
793387,Holy Night: Demon Hunters,2025-04-30,"[{'name': 'Action'}, {'name': 'Fantasy'}, {'name': 'Horror'}, {'name': 'Thriller'}]"
6977,No Country for Old Men,2007-11-09,"[{'name': 'Crime'}, {'name': 'Thriller'}, {'name': 'Western'}]"
6964,Something's Gotta Give,2003-12-12,"[{'name': 'Drama'}, {'name': 'Comedy'}, {'name': 'Romance'}]"
1022789,Inside Out 2,2024-06-11,"[{'name': 'Animation'}, {'name': 'Adventure'}, {'name': 'Comedy'}, {'name': 'Family'}]"
228161,Home,2015-03-18,"[{'name': 'Fantasy'}, {'name': 'Comedy'}, {'name': 'Animation'}, {'name': 'Science Fiction'}, {'name': 'Family'}]"
15157,Another Cinderella Story,2008-09-16,"[{'name': 'Music'}, {'name': 'Comedy'}, {'name': 'Romance'}, {'name': 'Family'}]"
6978,Big Trouble in Little China,1986-05-30,"[{'name': 'Action'}, {'name': 'Adventure'}, {'name': 'Comedy'}, {'name': 'Fantasy'}]"
47933,Independence Day: Resurgence,2016-06-22,"[{'name': 'Action'}, {'name': 'Adventure'}, {'name': 'Science Fiction'}]"
1022787,Elio,2025-06-18,"[{'name': 'Adventure'}, {'name': 'Animation'}, {'name': 'Comedy'}, {'name': 'Family'}, {'name': 'Science Fiction'}]"
424781,Sorry to Bother You,2018-07-06,"[{'name': 'Fantasy'}, {'name': 'Science Fiction'}, {'name': 'Comedy'}]"
1022796,Wish,2023-11-13,"[{'name': 'Animation'}, {'name': 'Family'}, {'name': 'Fantasy'}, {'name': 'Adventure'}]"
47964,A Good Day to Die Hard,2013-02-06,"[{'name': 'Action'}, {'name': 'Thriller'}]"
424783,Bumblebee,2018-11-22,"[{'name': 'Action'}, {'name': 'Adventure'}, {'name': 'Science Fiction'}]"
228165,The SpongeBob Movie: Sponge Out of Water,2015-01-28,"[{'name': 'Adventure'}, {'name': 'Animation'}, {'name': 'Comedy'}, {'name': 'Family'}, {'name': 'Fantasy'}]"
801604,Shark: The Beginning,2021-11-26,"[{'name': 'Action'}, {'name': 'Drama'}]"
744275,After We Fell,2021-09-01,"[{'name': 'Drama'}, {'name': 'Romance'}]"
15196,Clue,1985-12-13,"[{'name': 'Comedy'}, {'name': 'Thriller'}, {'name': 'Crime'}, {'name': 'Mystery'}]"
441168,From Straight A's to XXX,2017-02-11,"[{'name': 'Drama'}, {'name': 'TV Movie'}]"
432991,Sister of Mine,2017-01-31,"[{'name': 'Drama'}, {'name': 'Thriller'}]"
744276,After Ever Happy,2022-08-24,"[{'name': 'Romance'}, {'name': 'Drama'}]"
269149,Zootopia,2016-02-11,"[{'name': 'Animation'}, {'name': 'Adventure'}, {'name': 'Family'}, {'name': 'Comedy'}]"
342878,One Wild Moment,2015-06-24,"[{'name': 'Drama'}, {'name': 'Romance'}]"
39775,Caged Heat,1974-04-19,"[{'name': 'Action'}, {'name': 'Drama'}]"
47971,xXx: Return of Xander Cage,2017-01-13,"[{'name': 'Action'}, {'name': 'Adventure'}, {'name': 'Crime'}]"
72545,Journey 2: The Mysterious Island,2012-01-19,"[{'name': 'Adventure'}, {'name': 'Action'}, {'name': 'Science Fiction'}]"
392044,Murder on the Orient Express,2017-11-03,"[{'name': 'Mystery'}, {'name': 'Drama'}, {'name': 'Crime'}]"
72559,G.I. Joe: Retaliation,2013-03-27,"[{'name': 'Action'}, {'name': 'Science Fiction'}, {'name': 'Adventure'}, {'name': 'Thriller'}]"
588648,Dragonkeeper,2024-04-11,"[{'name': 'Animation'}, {'name': 'Family'}, {'name': 'Action'}, {'name': 'Adventure'}, {'name': 'Fantasy'}]"
23398,Alvin and the Chipmunks: The Squeakquel,2009-12-21,"[{'name': 'Comedy'}, {'name': 'Family'}, {'name': 'Animation'}, {'name': 'Fantasy'}, {'name': 'Music'}]"
138103,The Expendables 3,2014-08-07,"[{'name': 'Action'}, {'name': 'Adventure'}, {'name': 'Thriller'}]"
72570,The Vow,2012-02-05,"[{'name': 'Drama'}, {'name': 'Romance'}]"
531309,Brightburn,2019-05-09,"[{'name': 'Horror'}, {'name': 'Science Fiction'}, {'name': 'Drama'}]"
228205,The Longest Ride,2015-04-09,"[{'name': 'Drama'}, {'name': 'Romance'}]"
310131,The Witch,2016-02-19,[{'name': 'Horror'}]
39828,Young and Dangerous,1996-01-25,"[{'name': 'Action'}, {'name': 'Crime'}]"
801688,Kalki 2898-AD,2024-06-26,"[{'name': 'Drama'}, {'name': 'Action'}, {'name': 'Fantasy'}, {'name': 'Science Fiction'}]"
539537,Fantasy Island,2020-02-12,"[{'name': 'Adventure'}, {'name': 'Fantasy'}, {'name': 'Horror'}, {'name': 'Mystery'}]"
293767,Billy Lynn's Long Halftime Walk,2016-11-10,"[{'name': 'Drama'}, {'name': 'War'}]"
23437,A Nightmare on Elm Street,2010-04-30,"[{'name': 'Horror'}, {'name': 'Mystery'}, {'name': 'Thriller'}]"
580489,Venom: Let There Be Carnage,2021-09-30,"[{'name': 'Science Fiction'}, {'name': 'Action'}, {'name': 'Adventure'}]"
1301421,The Sheep Detectives,2026-04-30,"[{'name': 'Comedy'}, {'name': 'Family'}, {'name': 'Mystery'}]"
15255,Undisputed II: Last Man Standing,2006-04-11,"[{'name': 'Action'}, {'name': 'Crime'}, {'name': 'Thriller'}, {'name': 'Drama'}]"
514999,Murder Mystery,2019-05-25,"[{'name': 'Comedy'}, {'name': 'Mystery'}]"
760741,Beast,2022-08-11,"[{'name': 'Action'}, {'name': 'Adventure'}, {'name': 'Horror'}, {'name': 'Thriller'}, {'name': 'Drama'}]"
7090,Ken Park,2003-01-30,[{'name': 'Drama'}]
39857,The Untold Story,1993-05-13,"[{'name': 'Comedy'}, {'name': 'Crime'}, {'name': 'Horror'}]"
449443,Den of Thieves,2018-01-18,"[{'name': 'Crime'}, {'name': 'Thriller'}, {'name': 'Action'}]"
842675,The Wandering Earth II,2023-01-22,"[{'name': 'Science Fiction'}, {'name': 'Action'}, {'name': 'Adventure'}]"
515001,Jojo Rabbit,2019-10-18,"[{'name': 'Comedy'}, {'name': 'War'}, {'name': 'Drama'}]"
359364,Human,2015-09-12,[{'name': 'Documentary'}]
15301,Twilight Zone: The Movie,1983-06-24,"[{'name': 'Horror'}, {'name': 'Fantasy'}, {'name': 'Science Fiction'}]"
39863,Star of David: Beauty Hunting,1979-10-27,"[{'name': 'Horror'}, {'name': 'Thriller'}]"
23483,Kick-Ass,2010-03-26,"[{'name': 'Action'}, {'name': 'Crime'}]"
1104844,BLUE LOCK THE MOVIE -EPISODE NAGI-,2024-04-19,"[{'name': 'Animation'}, {'name': 'Action'}, {'name': 'Drama'}]"
564147,K.G.F: Chapter 1,2018-12-20,"[{'name': 'Action'}, {'name': 'Thriller'}, {'name': 'Adventure'}, {'name': 'Crime'}]"
252838,The Wedding Ringer,2015-01-16,[{'name': 'Comedy'}]
441282,Night Hunter,2019-08-08,"[{'name': 'Drama'}, {'name': 'Thriller'}]"
637920,Miracle in Cell No. 7,2019-10-10,[{'name': 'Drama'}]
990140,Sakra,2023-01-16,"[{'name': 'Action'}, {'name': 'Adventure'}]"
1252309,Tell Me What You Want,2024-11-29,"[{'name': 'Romance'}, {'name': 'Drama'}]"
1637319,Hannah Montana 20th Anniversary Special,2026-03-23,"[{'name': 'Documentary'}, {'name': 'Music'}]"
1194963,Noise,2025-06-25,"[{'name': 'Horror'}, {'name': 'Thriller'}]"
1104845,Plankton: The Movie,2025-03-08,"[{'name': 'Family'}, {'name': 'Comedy'}, {'name': 'Adventure'}, {'name': 'Animation'}, {'name': 'Science Fiction'}]"
9558,King of New York,1990-07-18,"[{'name': 'Thriller'}, {'name': 'Crime'}]"
9560,A Walk in the Clouds,1995-05-27,"[{'name': 'Drama'}, {'name': 'Romance'}]"
7131,Van Helsing,2004-05-03,"[{'name': 'Horror'}, {'name': 'Adventure'}, {'name': 'Action'}]"
203739,Vampire Academy,2014-02-07,"[{'name': 'Comedy'}, {'name': 'Action'}, {'name': 'Fantasy'}]"
531428,Portrait of a Lady on Fire,2019-09-06,"[{'name': 'Drama'}, {'name': 'Romance'}]"
949229,Leo,2023-10-18,"[{'name': 'Action'}, {'name': 'Crime'}, {'name': 'Thriller'}]"
195589,Neighbors,2014-05-08,[{'name': 'Comedy'}]
359410,Road House,2024-03-08,"[{'name': 'Action'}, {'name': 'Thriller'}, {'name': 'Drama'}]"
293863,The Age of Adaline,2015-04-16,"[{'name': 'Romance'}, {'name': 'Fantasy'}, {'name': 'Drama'}]"
375794,"No manches, Frida",2016-09-02,[{'name': 'Comedy'}]
228326,The Book of Life,2014-10-01,"[{'name': 'Animation'}, {'name': 'Family'}, {'name': 'Fantasy'}]"
752623,The Lost City,2022-03-23,"[{'name': 'Action'}, {'name': 'Adventure'}, {'name': 'Comedy'}]"
23566,Barbie and the Three Musketeers,2009-09-15,"[{'name': 'Animation'}, {'name': 'Family'}]"
1326106,Kaiju No. 8: Mission Recon,2025-03-28,"[{'name': 'Animation'}, {'name': 'Action'}, {'name': 'Science Fiction'}]"
15370,The Cat Returns,2002-07-19,"[{'name': 'Adventure'}, {'name': 'Fantasy'}, {'name': 'Animation'}, {'name': 'Drama'}, {'name': 'Family'}]"
482321,Ron's Gone Wrong,2021-10-14,"[{'name': 'Animation'}, {'name': 'Science Fiction'}, {'name': 'Family'}, {'name': 'Comedy'}]"
121875,In the House,2012-09-26,"[{'name': 'Comedy'}, {'name': 'Drama'}, {'name': 'Mystery'}, {'name': 'Thriller'}]"
1539104,JUJUTSU KAISEN: Execution,2025-11-07,"[{'name': 'Animation'}, {'name': 'Action'}, {'name': 'Fantasy'}]"
271706,Big Fish & Begonia,2016-07-08,"[{'name': 'Animation'}, {'name': 'Adventure'}, {'name': 'Fantasy'}]"
957452,The Crow,2024-08-21,"[{'name': 'Action'}, {'name': 'Fantasy'}, {'name': 'Horror'}]"
384018,Fast & Furious Presents: Hobbs & Shaw,2019-07-31,"[{'name': 'Action'}, {'name': 'Adventure'}, {'name': 'Comedy'}]"
56292,Mission: Impossible - Ghost Protocol,2011-12-07,"[{'name': 'Action'}, {'name': 'Thriller'}, {'name': 'Adventure'}]"
48138,Unknown,2011-02-16,"[{'name': 'Action'}, {'name': 'Mystery'}, {'name': 'Thriller'}]"
7191,Cloverfield,2008-01-15,"[{'name': 'Action'}, {'name': 'Thriller'}, {'name': 'Science Fiction'}]"
244761,The Captive,2014-09-05,"[{'name': 'Drama'}, {'name': 'Thriller'}, {'name': 'Crime'}]"
375846,Bad Sister,2015-08-24,"[{'name': 'Thriller'}, {'name': 'TV Movie'}]"
539681,DC League of Super-Pets,2022-07-27,"[{'name': 'Family'}, {'name': 'Comedy'}, {'name': 'Adventure'}, {'name': 'Animation'}, {'name': 'Science Fiction'}]"
1145899,Marsupilami,2026-02-04,"[{'name': 'Adventure'}, {'name': 'Comedy'}]"
760873,The Colony,2021-08-26,"[{'name': 'Science Fiction'}, {'name': 'Thriller'}]"
310307,The Founder,2016-11-24,"[{'name': 'Drama'}, {'name': 'History'}]"
203801,The Man from U.N.C.L.E.,2015-08-13,"[{'name': 'Comedy'}, {'name': 'Action'}, {'name': 'Adventure'}]"
1088548,Bitter Christmas,2026-03-20,"[{'name': 'Drama'}, {'name': 'Comedy'}]"
48171,The Rite,2011-01-28,"[{'name': 'Drama'}, {'name': 'Thriller'}, {'name': 'Horror'}]"
351286,Jurassic World: Fallen Kingdom,2018-06-06,"[{'name': 'Adventure'}, {'name': 'Science Fiction'}, {'name': 'Thriller'}]"
7214,Coach Carter,2005-01-14,"[{'name': 'Drama'}, {'name': 'History'}]"
244786,Whiplash,2014-10-10,"[{'name': 'Drama'}, {'name': 'Music'}, {'name': 'Thriller'}]"
123553,The Mortal Instruments: City of Bones,2013-08-21,"[{'name': 'Fantasy'}, {'name': 'Action'}, {'name': 'Mystery'}]"
646207,The Ice Road,2021-06-24,"[{'name': 'Action'}, {'name': 'Thriller'}]"
7220,The Punisher,2004-04-15,"[{'name': 'Action'}, {'name': 'Crime'}, {'name': 'Drama'}]"
64586,Sleeping Beauty,2011-06-10,"[{'name': 'Drama'}, {'name': 'Romance'}]"
23629,Sucker Punch,2011-03-24,"[{'name': 'Action'}, {'name': 'Fantasy'}, {'name': 'Thriller'}]"
23631,Machete,2010-09-01,"[{'name': 'Action'}, {'name': 'Comedy'}, {'name': 'Thriller'}]"
941109,Play Dirty,2025-09-30,"[{'name': 'Crime'}, {'name': 'Action'}, {'name': 'Thriller'}, {'name': 'Drama'}]"
97367,The Place Beyond the Pines,2013-03-20,"[{'name': 'Drama'}, {'name': 'Crime'}]"
1252428,Anaconda,2024-03-01,"[{'name': 'Adventure'}, {'name': 'Horror'}]"
64639,Straw Dogs,2011-09-16,"[{'name': 'Drama'}, {'name': 'Thriller'}]"
1367125,Gaua (The Night),2025-11-13,"[{'name': 'Drama'}, {'name': 'Horror'}, {'name': 'Fantasy'}]"
687163,Project Hail Mary,2026-03-15,"[{'name': 'Science Fiction'}, {'name': 'Adventure'}]"
72808,The Flesh,1991-05-09,"[{'name': 'Drama'}, {'name': 'Romance'}]"
15472,The Girl with the Dragon Tattoo,2009-02-27,"[{'name': 'Drama'}, {'name': 'Thriller'}, {'name': 'Crime'}, {'name': 'Mystery'}]"
1064028,Subservience,2024-08-15,"[{'name': 'Horror'}, {'name': 'Science Fiction'}, {'name': 'Thriller'}]"
7278,Meet the Spartans,2008-01-24,"[{'name': 'Comedy'}, {'name': 'Fantasy'}]"
64635,Total Recall,2012-08-02,"[{'name': 'Action'}, {'name': 'Science Fiction'}, {'name': 'Thriller'}]"
7299,Equilibrium,2002-12-06,"[{'name': 'Action'}, {'name': 'Science Fiction'}, {'name': 'Thriller'}]"
539745,Animal Farm,2026-04-30,"[{'name': 'Animation'}, {'name': 'Comedy'}, {'name': 'Drama'}, {'name': 'Family'}, {'name': 'Science Fiction'}]"
1203329,The Witcher: Sirens of the Deep,2025-02-10,"[{'name': 'Animation'}, {'name': 'Fantasy'}, {'name': 'Action'}]"
72784,The Loft,2014-10-14,[{'name': 'Thriller'}]
801937,"Silent Night, Deadly Night",2025-12-11,"[{'name': 'Horror'}, {'name': 'Thriller'}]"
1473635,Things Unspoken,2026-01-29,[{'name': 'Drama'}]
613504,After We Collided,2020-09-02,"[{'name': 'Drama'}, {'name': 'Romance'}]"
81005,Jack the Giant Slayer,2013-02-27,"[{'name': 'Fantasy'}, {'name': 'Action'}, {'name': 'Adventure'}, {'name': 'Drama'}]"
220289,Coherence,2014-04-06,"[{'name': 'Thriller'}, {'name': 'Science Fiction'}]"
15512,Monsters vs Aliens,2009-03-19,"[{'name': 'Animation'}, {'name': 'Family'}, {'name': 'Adventure'}, {'name': 'Science Fiction'}]"
7340,Carrie,1976-11-03,"[{'name': 'Horror'}, {'name': 'Thriller'}]"
7305,Alive,1993-01-15,"[{'name': 'Adventure'}, {'name': 'Drama'}, {'name': 'History'}]"
64682,The Great Gatsby,2013-05-09,"[{'name': 'Drama'}, {'name': 'Romance'}]"
7345,There Will Be Blood,2007-12-26,[{'name': 'Drama'}]
64688,21 Jump Street,2012-03-14,"[{'name': 'Action'}, {'name': 'Comedy'}, {'name': 'Crime'}]"
64690,Drive,2011-09-15,"[{'name': 'Drama'}, {'name': 'Thriller'}, {'name': 'Crime'}]"
400535,Sicario: Day of the Soldado,2018-06-27,"[{'name': 'Action'}, {'name': 'Crime'}, {'name': 'Thriller'}]"
507076,Climax,2018-09-19,"[{'name': 'Drama'}, {'name': 'Horror'}, {'name': 'Music'}]"
40096,A Dog's Will,2000-09-15,"[{'name': 'Comedy'}, {'name': 'Drama'}, {'name': 'Fantasy'}, {'name': 'Romance'}]"
31867,Repo Men,2010-03-18,"[{'name': 'Action'}, {'name': 'Science Fiction'}, {'name': 'Thriller'}, {'name': 'Crime'}]"
842924,The Life of Chuck,2025-06-02,"[{'name': 'Fantasy'}, {'name': 'Drama'}]"
662712,Flag Day,2021-08-20,"[{'name': 'Drama'}, {'name': 'Thriller'}, {'name': 'Crime'}]"
64686,47 Ronin,2013-12-06,"[{'name': 'Drama'}, {'name': 'Action'}, {'name': 'Fantasy'}]"
818350,Blush,2021-06-13,"[{'name': 'Animation'}, {'name': 'Romance'}, {'name': 'Science Fiction'}, {'name': 'Family'}, {'name': 'Fantasy'}]"
949423,Pearl,2022-09-16,"[{'name': 'Horror'}, {'name': 'Drama'}, {'name': 'Thriller'}]"
744653,The Thursday Murder Club,2025-08-22,"[{'name': 'Comedy'}, {'name': 'Mystery'}, {'name': 'Crime'}]"
7347,Elite Squad,2007-10-05,"[{'name': 'Drama'}, {'name': 'Action'}, {'name': 'Crime'}]"
7326,Juno,2007-12-05,"[{'name': 'Comedy'}, {'name': 'Drama'}, {'name': 'Romance'}]"
7364,Sahara,2005-04-06,"[{'name': 'Action'}, {'name': 'Adventure'}, {'name': 'Comedy'}, {'name': 'Drama'}, {'name': 'Mystery'}]"
23759,Centurion,2010-02-15,"[{'name': 'Adventure'}, {'name': 'Action'}, {'name': 'Drama'}]"
507086,Jurassic World Dominion,2022-06-01,"[{'name': 'Adventure'}, {'name': 'Science Fiction'}, {'name': 'Thriller'}]"
507089,Five Nights at Freddy's,2023-10-25,"[{'name': 'Horror'}, {'name': 'Thriller'}]"
7350,The Bucket List,2007-12-25,"[{'name': 'Drama'}, {'name': 'Comedy'}]"
48340,Sanctum,2011-02-03,"[{'name': 'Action'}, {'name': 'Thriller'}]"
1072342,Night Swim,2024-01-03,"[{'name': 'Horror'}, {'name': 'Mystery'}]"
1236153,Mercy,2026-01-19,"[{'name': 'Science Fiction'}, {'name': 'Action'}, {'name': 'Thriller'}]"
351460,Death Note,2017-08-25,"[{'name': 'Crime'}, {'name': 'Fantasy'}, {'name': 'Horror'}]"
1408208,Exit 8,2025-08-28,"[{'name': 'Horror'}, {'name': 'Mystery'}]"
761053,Gabriel's Inferno: Part III,2020-11-19,"[{'name': 'Romance'}, {'name': 'Drama'}]"
597208,Nightmare Alley,2021-12-02,"[{'name': 'Crime'}, {'name': 'Drama'}, {'name': 'Thriller'}]"
818397,Memory,2022-04-28,"[{'name': 'Action'}, {'name': 'Thriller'}, {'name': 'Crime'}]"
1522923,Safe House,2025-10-30,"[{'name': 'Action'}, {'name': 'Thriller'}]"
646380,Don't Look Up,2021-12-08,"[{'name': 'Comedy'}, {'name': 'Science Fiction'}, {'name': 'Drama'}]"
40205,16 Wishes,2010-10-02,"[{'name': 'Fantasy'}, {'name': 'Drama'}, {'name': 'Family'}]"
122081,Spring Breakers,2013-03-06,"[{'name': 'Drama'}, {'name': 'Crime'}]"
777443,The Electric State,2025-03-07,"[{'name': 'Action'}, {'name': 'Adventure'}, {'name': 'Science Fiction'}]"
474350,It Chapter Two,2019-09-04,"[{'name': 'Horror'}, {'name': 'Thriller'}, {'name': 'Drama'}]"
314095,The Lost City of Z,2017-03-15,"[{'name': 'Adventure'}, {'name': 'Drama'}, {'name': 'History'}]"
81128,A Moment of Romance,1990-06-14,"[{'name': 'Action'}, {'name': 'Romance'}, {'name': 'Crime'}]"
15613,Fire in the Sky,1993-03-12,"[{'name': 'Science Fiction'}, {'name': 'Mystery'}, {'name': 'Thriller'}, {'name': 'Drama'}]"
7442,Sleeping with the Enemy,1991-01-13,"[{'name': 'Drama'}, {'name': 'Thriller'}]"
646385,Scream,2022-01-12,"[{'name': 'Horror'}, {'name': 'Mystery'}]"
171274,Inherent Vice,2014-12-12,"[{'name': 'Drama'}, {'name': 'Mystery'}, {'name': 'Comedy'}]"
122126,The Concubine,2012-06-06,[{'name': 'Drama'}]
72976,Lincoln,2012-11-09,"[{'name': 'History'}, {'name': 'Drama'}]"
23823,Wrong Turn 3: Left for Dead,2009-10-08,"[{'name': 'Horror'}, {'name': 'Thriller'}]"
933131,Badland Hunters,2024-01-26,"[{'name': 'Action'}, {'name': 'Adventure'}, {'name': 'Thriller'}, {'name': 'Horror'}]"
646389,Plane,2023-01-11,"[{'name': 'Action'}, {'name': 'Adventure'}, {'name': 'Thriller'}]"
23827,Paranormal Activity,2007-09-14,"[{'name': 'Horror'}, {'name': 'Mystery'}]"
630004,The Vault,2021-03-04,"[{'name': 'Drama'}, {'name': 'Action'}, {'name': 'Thriller'}]"
1064213,Anora,2024-10-14,"[{'name': 'Drama'}, {'name': 'Comedy'}, {'name': 'Romance'}]"
7445,Brothers,2009-12-02,"[{'name': 'Drama'}, {'name': 'Thriller'}, {'name': 'War'}]"
7446,Tropic Thunder,2008-08-09,"[{'name': 'Action'}, {'name': 'Comedy'}, {'name': 'War'}]"
7443,Chicken Run,2000-06-23,"[{'name': 'Animation'}, {'name': 'Comedy'}, {'name': 'Family'}]"
7453,The Hitchhiker's Guide to the Galaxy,2005-04-28,"[{'name': 'Adventure'}, {'name': 'Comedy'}, {'name': 'Science Fiction'}]"
7461,Vantage Point,2008-02-01,"[{'name': 'Drama'}, {'name': 'Action'}, {'name': 'Thriller'}, {'name': 'Crime'}]"
7451,xXx,2002-08-09,"[{'name': 'Action'}, {'name': 'Adventure'}, {'name': 'Thriller'}, {'name': 'Crime'}, {'name': 'Drama'}]"
425274,Now You See Me: Now You Don't,2025-11-12,"[{'name': 'Crime'}, {'name': 'Thriller'}]"
744746,Caveat,2021-10-20,"[{'name': 'Horror'}, {'name': 'Mystery'}]"
40213,New Dragon Gate Inn,1992-08-22,"[{'name': 'Action'}, {'name': 'Thriller'}]"
359724,Ford v Ferrari,2019-11-13,"[{'name': 'Drama'}, {'name': 'Action'}, {'name': 'History'}]"
42187,Shark Attack 2,2000-12-05,"[{'name': 'Horror'}, {'name': 'Action'}, {'name': 'Thriller'}]"
81188,Rise of the Guardians,2012-11-21,"[{'name': 'Action'}, {'name': 'Adventure'}, {'name': 'Animation'}, {'name': 'Family'}, {'name': 'Fantasy'}]"
875828,Peaky Blinders: The Immortal Man,2026-03-05,"[{'name': 'Crime'}, {'name': 'Drama'}]"
302401,Snowden,2016-09-15,"[{'name': 'Drama'}, {'name': 'History'}, {'name': 'Crime'}, {'name': 'Thriller'}]"
1383731,Protector,2026-02-20,"[{'name': 'Action'}, {'name': 'Thriller'}]"
204082,Homefront,2013-11-12,"[{'name': 'Action'}, {'name': 'Thriller'}]"
7485,Shooter,2007-03-22,"[{'name': 'Drama'}, {'name': 'Action'}, {'name': 'Thriller'}]"
7512,Idiocracy,2006-09-01,"[{'name': 'Comedy'}, {'name': 'Science Fiction'}, {'name': 'Adventure'}]"
7459,Speed Racer,2008-05-07,"[{'name': 'Family'}, {'name': 'Action'}, {'name': 'Adventure'}, {'name': 'Comedy'}]"
539972,Kraven the Hunter,2024-12-11,"[{'name': 'Action'}, {'name': 'Adventure'}, {'name': 'Thriller'}]"
40264,Vampires Suck,2010-08-18,"[{'name': 'Comedy'}, {'name': 'Fantasy'}]"
433498,Papillon,2017-09-07,"[{'name': 'Adventure'}, {'name': 'Crime'}, {'name': 'Drama'}]"
7484,Open Season,2006-09-27,"[{'name': 'Animation'}, {'name': 'Family'}, {'name': 'Adventure'}, {'name': 'Comedy'}]"
466272,Once Upon a Time... in Hollywood,2019-07-24,"[{'name': 'Comedy'}, {'name': 'Drama'}, {'name': 'Thriller'}]"
1244492,Look Back,2024-06-28,"[{'name': 'Animation'}, {'name': 'Drama'}]"
466282,To All the Boys I've Loved Before,2018-08-17,"[{'name': 'Comedy'}, {'name': 'Romance'}]"
441701,Veronica,2017-08-25,[{'name': 'Horror'}]
7516,Smokin' Aces,2006-12-09,"[{'name': 'Action'}, {'name': 'Comedy'}, {'name': 'Crime'}]"
507241,The Killer's Game,2024-09-12,"[{'name': 'Action'}, {'name': 'Comedy'}, {'name': 'Thriller'}]"
7518,Over the Hedge,2006-05-17,"[{'name': 'Adventure'}, {'name': 'Animation'}, {'name': 'Comedy'}, {'name': 'Family'}]"
294254,Maze Runner: The Scorch Trials,2015-09-09,"[{'name': 'Science Fiction'}, {'name': 'Action'}, {'name': 'Thriller'}, {'name': 'Adventure'}]"
507244,Afterburn,2025-08-20,"[{'name': 'Action'}, {'name': 'Science Fiction'}, {'name': 'Comedy'}]"
1064307,Spermageddon,2024-12-28,"[{'name': 'Animation'}, {'name': 'Adventure'}, {'name': 'Fantasy'}, {'name': 'Comedy'}]"
1662317,The Crash,2026-05-14,"[{'name': 'Documentary'}, {'name': 'Crime'}]"
572802,Aquaman and the Lost Kingdom,2023-12-20,"[{'name': 'Action'}, {'name': 'Adventure'}, {'name': 'Fantasy'}]"
97630,Zero Dark Thirty,2012-12-19,"[{'name': 'Thriller'}, {'name': 'Drama'}]"
318846,The Big Short,2015-12-11,"[{'name': 'Comedy'}, {'name': 'Drama'}]"
48492,Detective Dee and the Mystery of the Phantom Flame,2010-09-18,"[{'name': 'Action'}, {'name': 'Adventure'}, {'name': 'Drama'}, {'name': 'Mystery'}]"
105864,The Good Dinosaur,2015-11-14,"[{'name': 'Adventure'}, {'name': 'Animation'}, {'name': 'Family'}]"
933260,The Substance,2024-09-07,"[{'name': 'Horror'}, {'name': 'Science Fiction'}, {'name': 'Thriller'}]"
7508,Like Stars on Earth,2007-12-21,[{'name': 'Drama'}]
7552,Fun with Dick and Jane,2005-12-21,"[{'name': 'Comedy'}, {'name': 'Crime'}]"
7555,Rambo,2008-01-24,"[{'name': 'Action'}, {'name': 'Thriller'}, {'name': 'War'}]"
1375646,Colony,2026-05-21,"[{'name': 'Action'}, {'name': 'Thriller'}, {'name': 'Horror'}]"
793998,Happening,2021-11-04,[{'name': 'Drama'}]
7549,Fearless,2006-01-26,"[{'name': 'Drama'}, {'name': 'Action'}]"
7551,Déjà Vu,2006-11-22,"[{'name': 'Action'}, {'name': 'Thriller'}, {'name': 'Science Fiction'}]"
744857,When Evil Lurks,2023-10-05,"[{'name': 'Horror'}, {'name': 'Thriller'}]"
15775,If Only,2004-01-23,"[{'name': 'Drama'}, {'name': 'Romance'}, {'name': 'Fantasy'}]"
277834,Moana,2016-10-13,"[{'name': 'Adventure'}, {'name': 'Comedy'}, {'name': 'Family'}, {'name': 'Animation'}]"
171424,The Green Inferno,2013-09-08,"[{'name': 'Adventure'}, {'name': 'Horror'}]"
1195430,Deva,2025-01-31,"[{'name': 'Action'}, {'name': 'Thriller'}, {'name': 'Mystery'}, {'name': 'Crime'}]"
458156,John Wick: Chapter 3 - Parabellum,2019-05-15,"[{'name': 'Action'}, {'name': 'Thriller'}, {'name': 'Crime'}]"
15804,A Brighter Summer Day,1991-07-27,"[{'name': 'Crime'}, {'name': 'Drama'}, {'name': 'Romance'}]"
253376,In Darkness We Fall,2014-01-24,"[{'name': 'Horror'}, {'name': 'Adventure'}]"
1523145,Your Heart Will Be Broken,2026-03-26,"[{'name': 'Romance'}, {'name': 'Drama'}]"
449992,The Night Comes For Us,2018-10-05,"[{'name': 'Action'}, {'name': 'Crime'}, {'name': 'Thriller'}]"
974262,Descendants: The Rise of Red,2024-07-11,"[{'name': 'Fantasy'}, {'name': 'Adventure'}, {'name': 'Family'}, {'name': 'Comedy'}]"
531876,The Outpost,2020-06-24,"[{'name': 'War'}, {'name': 'Drama'}, {'name': 'History'}, {'name': 'Action'}]"
818647,Through My Window,2022-02-04,"[{'name': 'Romance'}, {'name': 'Drama'}, {'name': 'Comedy'}]"
24021,The Twilight Saga: Eclipse,2010-06-23,"[{'name': 'Adventure'}, {'name': 'Fantasy'}, {'name': 'Drama'}, {'name': 'Romance'}]"
114150,Pitch Perfect,2012-09-28,"[{'name': 'Comedy'}, {'name': 'Music'}, {'name': 'Romance'}]"
695721,The Hunger Games: The Ballad of Songbirds & Snakes,2023-11-15,"[{'name': 'Science Fiction'}, {'name': 'Action'}]"
1154538,Nirvanna the Band the Show the Movie,2026-02-02,"[{'name': 'Comedy'}, {'name': 'Science Fiction'}, {'name': 'Adventure'}]"
15789,A Goofy Movie,1995-04-05,"[{'name': 'Adventure'}, {'name': 'Comedy'}, {'name': 'Romance'}, {'name': 'Animation'}, {'name': 'Family'}]"
73134,Tender Cousins,1980-11-19,"[{'name': 'Drama'}, {'name': 'Romance'}]"
253412,Everest,2015-09-10,"[{'name': 'Adventure'}, {'name': 'Drama'}, {'name': 'History'}]"
458220,Palmer,2021-01-28,[{'name': 'Drama'}]
138697,Don Jon,2013-09-12,"[{'name': 'Romance'}, {'name': 'Comedy'}, {'name': 'Drama'}]"
48624,Urotsukidōji: Legend of the Overfiend,1989-03-18,"[{'name': 'Animation'}, {'name': 'Action'}, {'name': 'Horror'}, {'name': 'Fantasy'}]"
15854,Kung Fu Panda: Secrets of the Furious Five,2008-11-08,"[{'name': 'Animation'}, {'name': 'Family'}, {'name': 'Action'}]"
753091,The Moon,2023-08-02,"[{'name': 'Drama'}, {'name': 'Adventure'}, {'name': 'Science Fiction'}]"
1228246,Five Nights at Freddy's 2,2025-12-03,"[{'name': 'Horror'}, {'name': 'Thriller'}]"
15856,House on Haunted Hill,1959-01-01,"[{'name': 'Horror'}, {'name': 'Mystery'}]"
1236470,The Lost Bus,2025-09-19,"[{'name': 'Drama'}, {'name': 'Thriller'}]"
1195506,Novocaine,2025-03-03,"[{'name': 'Action'}, {'name': 'Comedy'}, {'name': 'Thriller'}]"
466420,Killers of the Flower Moon,2023-10-18,"[{'name': 'Crime'}, {'name': 'History'}, {'name': 'Drama'}]"
384521,The Cloverfield Paradox,2018-02-04,"[{'name': 'Horror'}, {'name': 'Mystery'}, {'name': 'Science Fiction'}]"
335360,My Little Pony: The Movie,2017-10-05,"[{'name': 'Family'}, {'name': 'Animation'}, {'name': 'Adventure'}, {'name': 'Fantasy'}]"
48650,Room in Rome,2010-05-07,"[{'name': 'Drama'}, {'name': 'Romance'}]"
114168,Perras,2011-03-04,"[{'name': 'Thriller'}, {'name': 'Drama'}, {'name': 'Romance'}]"
359940,"Three Billboards Outside Ebbing, Missouri",2017-12-01,"[{'name': 'Crime'}, {'name': 'Drama'}]"
499191,Call Boy,2018-04-06,[{'name': 'Drama'}]
286217,The Martian,2015-09-30,"[{'name': 'Science Fiction'}, {'name': 'Drama'}, {'name': 'Adventure'}]"
1367575,A Line of Fire,2025-04-05,"[{'name': 'Action'}, {'name': 'Thriller'}]"
638507,How to Train Your Dragon: Homecoming,2019-12-03,"[{'name': 'Animation'}, {'name': 'Fantasy'}, {'name': 'Adventure'}, {'name': 'Family'}]"
1138194,Heretic,2024-10-31,"[{'name': 'Thriller'}, {'name': 'Horror'}]"
605722,Long Distance,2024-07-12,"[{'name': 'Science Fiction'}, {'name': 'Comedy'}, {'name': 'Action'}]"
15906,Barbie and the Magic of Pegasus,2005-10-04,"[{'name': 'Animation'}, {'name': 'Family'}, {'name': 'Romance'}]"
1039882,My Name Is Loh Kiwan,2024-02-19,"[{'name': 'Romance'}, {'name': 'Drama'}]"
65086,The Woman in Black,2012-02-03,"[{'name': 'Drama'}, {'name': 'Horror'}, {'name': 'Thriller'}]"
1064486,Memoir of a Snail,2024-10-17,"[{'name': 'Animation'}, {'name': 'Comedy'}, {'name': 'Drama'}]"
343611,Jack Reacher: Never Go Back,2016-10-19,"[{'name': 'Action'}, {'name': 'Thriller'}, {'name': 'Drama'}, {'name': 'Crime'}]"
32292,Guinea Pig: Mermaid in the Manhole,1988-07-25,"[{'name': 'Horror'}, {'name': 'Romance'}]"
1318447,Apex,2026-04-24,"[{'name': 'Action'}, {'name': 'Thriller'}]"
400928,Gifted,2017-04-07,"[{'name': 'Drama'}, {'name': 'Comedy'}]"
556574,Hamilton,2025-09-05,"[{'name': 'History'}, {'name': 'Drama'}]"
458305,Vivarium,2019-09-07,"[{'name': 'Science Fiction'}, {'name': 'Mystery'}, {'name': 'Horror'}]"
900667,One Piece Film Red,2022-08-06,"[{'name': 'Animation'}, {'name': 'Adventure'}, {'name': 'Action'}, {'name': 'Fantasy'}]"
417320,Descendants 2,2017-07-21,"[{'name': 'Family'}, {'name': 'Fantasy'}, {'name': 'TV Movie'}, {'name': 'Adventure'}, {'name': 'Music'}]"
966220,Sniper: The White Raven,2022-05-03,"[{'name': 'War'}, {'name': 'Action'}, {'name': 'Drama'}]"
1072699,Inside Furioza,2025-10-14,"[{'name': 'Action'}, {'name': 'Crime'}, {'name': 'Thriller'}]"
1031774,Thriller 40,2023-12-02,"[{'name': 'Documentary'}, {'name': 'Music'}]"
138832,We're the Millers,2013-08-07,"[{'name': 'Comedy'}, {'name': 'Crime'}]"
81481,Silenced,2011-09-22,[{'name': 'Drama'}]
24122,The Rebound,2009-09-16,"[{'name': 'Romance'}, {'name': 'Comedy'}]"
24128,Stop Making Sense,1984-10-19,"[{'name': 'Documentary'}, {'name': 'Music'}]"
458293,Michael Jackson: Searching for Neverland,2017-05-29,"[{'name': 'Drama'}, {'name': 'TV Movie'}]"
1367642,Reminders of Him,2026-03-11,"[{'name': 'Romance'}, {'name': 'Drama'}]"
343668,Kingsman: The Golden Circle,2017-09-20,"[{'name': 'Action'}, {'name': 'Adventure'}, {'name': 'Comedy'}, {'name': 'Crime'}, {'name': 'Science Fiction'}]"
138843,The Conjuring,2013-07-18,"[{'name': 'Horror'}, {'name': 'Thriller'}]"
302699,Central Intelligence,2016-06-15,"[{'name': 'Action'}, {'name': 'Comedy'}]"
228967,The Interview,2014-12-25,"[{'name': 'Action'}, {'name': 'Comedy'}]"
228970,Wild,2014-12-05,[{'name': 'Drama'}]
417384,Scary Stories to Tell in the Dark,2019-08-08,"[{'name': 'Horror'}, {'name': 'Mystery'}]"
1072790,Anyone But You,2023-12-21,"[{'name': 'Romance'}, {'name': 'Comedy'}]"
556678,Emma.,2020-02-13,"[{'name': 'Comedy'}, {'name': 'Romance'}, {'name': 'Drama'}]"
1375831,Diabolic,2025-11-20,[{'name': 'Horror'}]
974453,Absolution,2024-10-31,"[{'name': 'Action'}, {'name': 'Crime'}, {'name': 'Thriller'}, {'name': 'Mystery'}]"
269955,Obsessed,2014-05-14,"[{'name': 'Drama'}, {'name': 'Romance'}]"
15969,The Return of Jafar,1994-12-15,"[{'name': 'Family'}, {'name': 'Adventure'}, {'name': 'Animation'}, {'name': 'Romance'}]"
654974,Home Sweet Home Alone,2021-11-11,"[{'name': 'Family'}, {'name': 'Comedy'}]"
278154,Ice Age: Collision Course,2016-06-23,"[{'name': 'Adventure'}, {'name': 'Animation'}, {'name': 'Family'}, {'name': 'Comedy'}, {'name': 'Science Fiction'}]"
16000,Ben 10: Race Against Time,2008-02-11,"[{'name': 'Action'}, {'name': 'Family'}, {'name': 'Science Fiction'}, {'name': 'TV Movie'}]"
680531,The Mad Women's Ball,2021-09-12,"[{'name': 'Thriller'}, {'name': 'Drama'}, {'name': 'History'}]"
384680,Hostiles,2017-12-22,"[{'name': 'Drama'}, {'name': 'Western'}, {'name': 'History'}, {'name': 'Adventure'}]"
433808,The Ritual,2017-10-11,"[{'name': 'Horror'}, {'name': 'Mystery'}]"
1425045,Brick,2025-07-02,"[{'name': 'Thriller'}, {'name': 'Science Fiction'}]"
1253000,Deathstalker,2025-10-10,"[{'name': 'Fantasy'}, {'name': 'Action'}, {'name': 'Adventure'}]"
810693,Jujutsu Kaisen 0,2021-12-24,"[{'name': 'Animation'}, {'name': 'Action'}, {'name': 'Fantasy'}]"
7840,"10,000 BC",2008-03-04,"[{'name': 'Adventure'}, {'name': 'Action'}, {'name': 'Drama'}, {'name': 'Fantasy'}]"
458423,Mamma Mia! Here We Go Again,2018-07-18,"[{'name': 'Comedy'}, {'name': 'Romance'}]"
753342,Napoleon,2023-11-22,"[{'name': 'History'}, {'name': 'War'}, {'name': 'Romance'}]"
704239,The Union,2024-08-15,"[{'name': 'Action'}, {'name': 'Comedy'}]"
1171145,Crime 101,2026-02-11,"[{'name': 'Crime'}, {'name': 'Thriller'}]"
851644,20th Century Girl,2022-10-06,"[{'name': 'Romance'}, {'name': 'Drama'}]"
73454,X,2011-11-23,"[{'name': 'Action'}, {'name': 'Thriller'}, {'name': 'Romance'}]"
974576,Conclave,2024-10-25,"[{'name': 'Drama'}, {'name': 'Thriller'}]"
769749,Finding You,2021-05-13,"[{'name': 'Romance'}, {'name': 'Drama'}]"
999136,Do Not Enter,2026-03-19,[{'name': 'Horror'}]
974573,Another Simple Favor,2025-03-07,"[{'name': 'Comedy'}, {'name': 'Thriller'}, {'name': 'Mystery'}]"
442062,Goosebumps 2: Haunted Halloween,2018-10-11,"[{'name': 'Comedy'}, {'name': 'Fantasy'}, {'name': 'Horror'}, {'name': 'Family'}]"
426543,The Nutcracker and the Four Realms,2018-10-26,"[{'name': 'Family'}, {'name': 'Fantasy'}, {'name': 'Adventure'}]"
1574,Chicago,2002-12-10,"[{'name': 'Comedy'}, {'name': 'Crime'}, {'name': 'Drama'}]"
843527,The Idea of You,2024-05-02,"[{'name': 'Music'}, {'name': 'Comedy'}, {'name': 'Romance'}, {'name': 'Drama'}]"
376570,Hush,2016-03-12,"[{'name': 'Horror'}, {'name': 'Thriller'}]"
1130276,Succubus,2024-10-06,"[{'name': 'Horror'}, {'name': 'Thriller'}]"
188161,A Million Ways to Die in the West,2014-05-22,"[{'name': 'Comedy'}, {'name': 'Western'}]"
1577,Resident Evil: Apocalypse,2004-09-10,"[{'name': 'Horror'}, {'name': 'Action'}, {'name': 'Science Fiction'}]"
667520,A Whisker Away,2020-06-18,"[{'name': 'Animation'}, {'name': 'Drama'}, {'name': 'Romance'}, {'name': 'Fantasy'}]"
73456,Barbie: Princess Charm School,2011-08-11,"[{'name': 'Family'}, {'name': 'Animation'}, {'name': 'Fantasy'}]"
16119,Cinderella III: A Twist in Time,2007-02-06,"[{'name': 'Animation'}, {'name': 'Romance'}, {'name': 'Family'}, {'name': 'Fantasy'}]"
57100,Double Vision,2002-10-17,"[{'name': 'Mystery'}, {'name': 'Horror'}]"
7980,The Lovely Bones,2009-12-26,"[{'name': 'Fantasy'}, {'name': 'Drama'}]"
1466115,Even If This Love Disappears Tonight,2025-12-24,"[{'name': 'Romance'}, {'name': 'Drama'}]"
139038,A Haunted House,2013-01-11,"[{'name': 'Comedy'}, {'name': 'Horror'}]"
212778,Chef,2014-05-08,[{'name': 'Comedy'}]
1007401,Mortal Kombat Legends: Snow Blind,2022-10-09,"[{'name': 'Animation'}, {'name': 'Action'}, {'name': 'Fantasy'}]"
581392,Peninsula,2020-07-15,"[{'name': 'Horror'}, {'name': 'Action'}, {'name': 'Thriller'}, {'name': 'Adventure'}]"
81672,Appassionata,1974-05-22,[{'name': 'Drama'}]
524047,Greenland,2020-07-29,"[{'name': 'Thriller'}, {'name': 'Adventure'}, {'name': 'Action'}, {'name': 'Science Fiction'}]"
188207,The Legend of Hercules,2014-01-10,"[{'name': 'Action'}, {'name': 'Adventure'}]"
974635,Hit Man,2024-05-16,"[{'name': 'Comedy'}, {'name': 'Romance'}, {'name': 'Crime'}]"
1015606,Obi-Wan Kenobi: A Jedi's Return,2022-09-07,[{'name': 'Documentary'}]
630586,Wrong Turn,2021-01-26,"[{'name': 'Horror'}, {'name': 'Thriller'}]"
1040148,"Ruby Gillman, Teenage Kraken",2023-06-28,"[{'name': 'Animation'}, {'name': 'Family'}, {'name': 'Fantasy'}, {'name': 'Comedy'}]"
57165,Wrath of the Titans,2012-03-28,"[{'name': 'Fantasy'}, {'name': 'Adventure'}, {'name': 'Action'}]"
1097549,Babygirl,2024-12-25,"[{'name': 'Romance'}, {'name': 'Thriller'}]"
540468,Geetha Govindam,2018-08-15,[{'name': 'Romance'}]
458576,Monster Hunter,2020-12-03,"[{'name': 'Action'}, {'name': 'Fantasy'}, {'name': 'Adventure'}]"
8009,Highlander,1986-03-07,"[{'name': 'Adventure'}, {'name': 'Action'}, {'name': 'Fantasy'}]"
8012,Get Shorty,1995-10-20,"[{'name': 'Comedy'}, {'name': 'Thriller'}, {'name': 'Crime'}]"
8007,Behind Enemy Lines,2001-11-30,"[{'name': 'Action'}, {'name': 'Drama'}, {'name': 'Thriller'}, {'name': 'War'}]"
8005,Robin Hood: Men in Tights,1993-07-28,[{'name': 'Comedy'}]
515916,Girl,2018-09-18,[{'name': 'Drama'}]
982843,The Great Flood,2025-09-18,"[{'name': 'Science Fiction'}, {'name': 'Adventure'}, {'name': 'Drama'}]"
24402,Emmanuelle,1974-06-25,"[{'name': 'Drama'}, {'name': 'Romance'}]"
57158,The Hobbit: The Desolation of Smaug,2013-12-11,"[{'name': 'Fantasy'}, {'name': 'Adventure'}, {'name': 'Action'}]"
302946,The Accountant,2016-10-13,"[{'name': 'Crime'}, {'name': 'Thriller'}, {'name': 'Drama'}]"
532321,Re:ZERO -Starting Life in Another World- Memory Snow,2018-10-06,"[{'name': 'Animation'}, {'name': 'Adventure'}, {'name': 'Fantasy'}]"
1548113,The Muppet Show,2026-02-03,"[{'name': 'Comedy'}, {'name': 'Family'}, {'name': 'Music'}, {'name': 'TV Movie'}]"
458594,Peppermint,2018-09-06,"[{'name': 'Action'}, {'name': 'Thriller'}]"
286538,Bokeh,2017-03-24,"[{'name': 'Drama'}, {'name': 'Science Fiction'}, {'name': 'Thriller'}]"
499546,We,2018-07-12,"[{'name': 'Crime'}, {'name': 'Drama'}, {'name': 'History'}]"
1310568,Murder at the Embassy,2025-11-14,"[{'name': 'Mystery'}, {'name': 'Thriller'}, {'name': 'Action'}]"
24428,The Avengers,2012-04-25,"[{'name': 'Science Fiction'}, {'name': 'Action'}, {'name': 'Adventure'}]"
24420,The Time Traveler's Wife,2009-08-14,"[{'name': 'Drama'}, {'name': 'Romance'}, {'name': 'Fantasy'}]"
1285965,Dangerous Animals,2025-06-05,"[{'name': 'Horror'}, {'name': 'Thriller'}]"
40805,The Green Hornet,2011-01-12,"[{'name': 'Action'}, {'name': 'Crime'}, {'name': 'Comedy'}]"
40807,50/50,2011-09-30,"[{'name': 'Comedy'}, {'name': 'Drama'}]"
81774,Exploits of a Young Don Juan,1986-11-04,"[{'name': 'Comedy'}, {'name': 'Drama'}]"
8055,The Reader,2008-12-10,"[{'name': 'Drama'}, {'name': 'Romance'}]"
57214,Project X,2012-03-01,[{'name': 'Comedy'}]
57212,War Horse,2011-12-25,"[{'name': 'War'}, {'name': 'History'}, {'name': 'Adventure'}, {'name': 'Drama'}]"
49018,Insidious,2011-03-31,"[{'name': 'Horror'}, {'name': 'Thriller'}]"
57201,The Lone Ranger,2013-07-03,"[{'name': 'Action'}, {'name': 'Adventure'}, {'name': 'Western'}]"
32629,A Chinese Torture Chamber Story,1994-05-19,"[{'name': 'Horror'}, {'name': 'Comedy'}, {'name': 'Drama'}]"
49013,Cars 2,2011-06-11,"[{'name': 'Animation'}, {'name': 'Family'}, {'name': 'Adventure'}, {'name': 'Comedy'}]"
778106,Along for the Ride,2022-05-06,"[{'name': 'Romance'}, {'name': 'Drama'}]"
728949,Nightbitch,2024-12-06,"[{'name': 'Comedy'}, {'name': 'Horror'}]"
884605,No Hard Feelings,2023-06-15,"[{'name': 'Comedy'}, {'name': 'Romance'}]"
8065,21,2008-03-27,"[{'name': 'Drama'}, {'name': 'Crime'}]"
8078,Alien Resurrection,1997-11-12,"[{'name': 'Science Fiction'}, {'name': 'Horror'}, {'name': 'Action'}]"
1294203,My Fault: London,2025-02-12,"[{'name': 'Drama'}, {'name': 'Romance'}]"
32657,Percy Jackson & the Olympians: The Lightning Thief,2010-02-01,"[{'name': 'Adventure'}, {'name': 'Fantasy'}, {'name': 'Family'}]"
8068,Desperado,1995-08-25,"[{'name': 'Thriller'}, {'name': 'Action'}, {'name': 'Crime'}]"
49017,Dracula Untold,2014-10-01,"[{'name': 'Horror'}, {'name': 'Action'}, {'name': 'Fantasy'}]"
49046,All Quiet on the Western Front,2022-10-07,"[{'name': 'War'}, {'name': 'Drama'}]"
49026,The Dark Knight Rises,2012-07-17,"[{'name': 'Action'}, {'name': 'Crime'}, {'name': 'Drama'}, {'name': 'Thriller'}]"
8077,Alien³,1992-05-22,"[{'name': 'Science Fiction'}, {'name': 'Action'}, {'name': 'Horror'}]"
16269,God of Gamblers,1989-12-14,"[{'name': 'Action'}, {'name': 'Comedy'}, {'name': 'Drama'}]"
49040,The Bourne Legacy,2012-08-08,"[{'name': 'Action'}, {'name': 'Thriller'}]"
1228681,Sex,2024-03-01,[{'name': 'Drama'}]
49047,Gravity,2013-10-03,"[{'name': 'Science Fiction'}, {'name': 'Thriller'}, {'name': 'Drama'}]"
8079,Om Shanti Om,2007-11-07,"[{'name': 'Comedy'}, {'name': 'Thriller'}, {'name': 'Drama'}]"
450465,Glass,2019-01-16,"[{'name': 'Thriller'}, {'name': 'Drama'}, {'name': 'Science Fiction'}]"
49049,Dredd,2012-09-07,"[{'name': 'Action'}, {'name': 'Science Fiction'}]"
1228710,The Mandalorian and Grogu,2026-05-20,"[{'name': 'Action'}, {'name': 'Adventure'}, {'name': 'Science Fiction'}]"
49051,The Hobbit: An Unexpected Journey,2012-12-12,"[{'name': 'Adventure'}, {'name': 'Fantasy'}, {'name': 'Action'}]"
581528,"The Gangster, the Cop, the Devil",2019-05-15,"[{'name': 'Action'}, {'name': 'Crime'}, {'name': 'Thriller'}]"
491418,Instant Family,2018-11-13,"[{'name': 'Comedy'}, {'name': 'Drama'}]"
8095,Cleopatra,1963-06-12,"[{'name': 'Drama'}, {'name': 'History'}, {'name': 'Romance'}]"
1023922,MaXXXine,2024-07-04,"[{'name': 'Horror'}, {'name': 'Thriller'}]"
335787,Uncharted,2022-02-10,"[{'name': 'Action'}, {'name': 'Adventure'}, {'name': 'Mystery'}]"
1023915,2073,2024-12-27,"[{'name': 'Thriller'}, {'name': 'Science Fiction'}]"
491480,The Boy Who Harnessed the Wind,2019-02-14,"[{'name': 'Drama'}, {'name': 'History'}]"
270303,It Follows,2015-02-04,"[{'name': 'Horror'}, {'name': 'Mystery'}]"
1613798,Vengeance,2026-02-26,"[{'name': 'Action'}, {'name': 'Thriller'}]"
16353,Ong Bak 2,2008-12-04,"[{'name': 'Adventure'}, {'name': 'Action'}, {'name': 'Thriller'}]"
24528,Killer Bean Forever,2008-09-05,"[{'name': 'Animation'}, {'name': 'Action'}, {'name': 'Thriller'}]"
65496,Student Services,2010-01-18,[{'name': 'Drama'}]
335796,Ouija: Origin of Evil,2016-10-20,[{'name': 'Horror'}]
425909,Ghostbusters: Afterlife,2021-11-18,"[{'name': 'Fantasy'}, {'name': 'Comedy'}, {'name': 'Adventure'}]"
1220564,The Secret Agent,2025-07-23,"[{'name': 'Thriller'}, {'name': 'Drama'}, {'name': 'Crime'}]"
16320,Serenity,2005-09-25,"[{'name': 'Science Fiction'}, {'name': 'Action'}, {'name': 'Adventure'}, {'name': 'Thriller'}]"
335797,Sing,2016-11-23,"[{'name': 'Animation'}, {'name': 'Comedy'}, {'name': 'Family'}, {'name': 'Music'}]"
589761,Chernobyl: Abyss,2021-04-15,"[{'name': 'Drama'}, {'name': 'History'}, {'name': 'Action'}]"
16318,Sex Is Zero,2002-12-12,"[{'name': 'Comedy'}, {'name': 'Romance'}]"
147441,Exodus: Gods and Kings,2014-12-03,"[{'name': 'Adventure'}, {'name': 'Drama'}, {'name': 'Action'}]"
458723,Us,2019-03-14,"[{'name': 'Horror'}, {'name': 'Mystery'}]"
9766,Gridiron Gang,2006-09-15,"[{'name': 'Crime'}, {'name': 'Drama'}]"
204788,Los Verduleros,1986-02-07,[{'name': 'Comedy'}]
638974,Murder Mystery 2,2023-03-28,"[{'name': 'Comedy'}, {'name': 'Mystery'}, {'name': 'Crime'}]"
1163258,12th Fail,2023-08-11,[{'name': 'Drama'}]
73723,The Lorax,2012-03-01,"[{'name': 'Animation'}, {'name': 'Family'}]"
917496,Beetlejuice Beetlejuice,2024-09-04,"[{'name': 'Comedy'}, {'name': 'Fantasy'}, {'name': 'Horror'}]"
499701,Dora and the Lost City of Gold,2019-08-08,"[{'name': 'Family'}, {'name': 'Comedy'}, {'name': 'Adventure'}]"
376812,Sultan,2016-07-06,"[{'name': 'Drama'}, {'name': 'Action'}, {'name': 'Romance'}]"
